external_node_id,section,external_year_label,raw_time_label,event_summary,first_status,second_status,evidence_strength,decision_reason,best_segment_no,best_chapter_no,best_summary,best_quote,best_atom_code,best_time_block_id,best_scene_id,best_event_id,second_score,second_matched,second_reason,source_excerpt,main_axis_rule
EXT-WIKI-YEAR-0001,前八十回,元年,四月二十八 （或八月 ）,甄士隐 梦入太虚幻境，石头入红尘， 贾宝玉 降生，英莲3岁 。,模糊待复核,二轮压缩后仍模糊,中弱,找到相近原文段，但可能是同名/同季节/同类事件误撞,01-013,1,士隐见通灵宝玉·太虚幻境对联,假作真时真亦假，无为有处有还无。,C001-A0013,TB-001-001,SC-001-005,EV-001-00002,46,士隐 / 宝玉 / 太虚 / 虚幻 / 幻境 / 太虚幻境,"names=士隐,宝玉;phrases=无;terms=太虚,虚幻,幻境,太虚幻境",士隐见通灵宝玉·太虚幻境对联 假作真时真亦假，无为有处有还无。,外部节点不进主轴；二轮只证明内部原文是否有候选落点
EXT-WIKI-YEAR-0004,前八十回,三年,正月十五,英莲 5岁 被拐。,暂未设定,二轮可候选,中强,原文段中同时命中人物和事件短语，可作为内部证据候选；仍需人工回原文确认,01-018,1,元宵英莲丢失·甄家大悲,那有英莲的踪影？……夫妻二人，半世只生此女，一旦失落，岂不思想，因此昼夜啊哭，几乎不曾寻死。,C001-A0018,TB-001-002,SC-001-008,EV-001-00003,120,英莲 / 英莲丢失 / 元宵英莲丢失 / 英莲的踪影,"names=英莲;phrases=英莲丢失,元宵英莲丢失,英莲的踪影;terms=无",元宵英莲丢失·甄家大悲 那有英莲的踪影？……夫妻二人，半世只生此女，一旦失落，岂不思想，因此昼夜啊哭，几乎不曾寻死。,外部节点不进主轴；二轮只证明内部原文是否有候选落点
EXT-WIKI-YEAR-0005,前八十回,三年,三月十五,葫芦庙大火。,暂未设定,二轮压缩后仍模糊,中弱,找到相近原文段，但可能是同名/同季节/同类事件误撞,01-019,1,葫芦庙火灾·甄家破落,将一条街烧得如火焰山一般。只可怜甄家在隔壁，早已烧成一片瓦砺场了。,C001-A0019,TB-001-002,SC-001-009,EV-001-00003,38,葫芦庙火灾 / 葫芦 / 芦庙,"names=无;phrases=葫芦庙火灾;terms=葫芦,芦庙",葫芦庙火灾·甄家破落 将一条街烧得如火焰山一般。只可怜甄家在隔壁，早已烧成一片瓦砺场了。,外部节点不进主轴；二轮只证明内部原文是否有候选落点
EXT-WIKI-YEAR-0006,前八十回,四年,,甄士隐出家。,暂未设定,二轮可候选,中,原文段命中较集中，可作为候选；不能直接设主轴,01-023,1,士隐出走出家·封氏依父度日,士隐便说一声『走罢！』将道人肩上褄蓊抢了过来背着，竟不回家，同了疯道人飘飘而去。,C001-A0023,TB-001-002,SC-001-011,EV-001-00004,64,士隐 / 士隐出走出家 / 出家,names=士隐;phrases=士隐出走出家;terms=出家,士隐出走出家·封氏依父度日 士隐便说一声『走罢！』将道人肩上褄蓊抢了过来背着，竟不回家，同了疯道人飘飘而去。,外部节点不进主轴；二轮只证明内部原文是否有候选落点
EXT-WIKI-YEAR-0007,前八十回,四年,,贾元春入宫 。,模糊待复核,仍未设定,弱,二轮原文段搜索未找到可用内部落点,,,,,,,,,0,,,,外部节点不进主轴；二轮只证明内部原文是否有候选落点
EXT-WIKI-YEAR-0008,前八十回,五年,,贾雨村 纳娇杏。,暂未设定,仍未设定,弱,二轮分数不足,01-024,1,娇杏识贾雨村赴任·因缘再续,丫鬟倒发了个朔，自思这官好面善，倒象在那里见过的。,C001-A0024,TB-001-002,SC-001-011,EV-001-00004,24,贾雨村 / 雨村 / 娇杏,"names=贾雨村,雨村;phrases=无;terms=娇杏",娇杏识贾雨村赴任·因缘再续 丫鬟倒发了个朔，自思这官好面善，倒象在那里见过的。,外部节点不进主轴；二轮只证明内部原文是否有候选落点
EXT-WIKI-YEAR-0009,前八十回,六年,,贾雨村 做林宅西席， 林黛玉 5岁 。,暂未设定,仍未设定,弱,二轮分数不足,79-001,79,宝玉祭毕晴雯闻花影有声，见黛玉笑议诔文，引出“红绡帐里公子多情”一联。,話說寶玉祭完了晴雯，只聽花影中有人聲，倒唬了一跳。走出來細看，不是別人，卻是林黛玉……,C079-A0001,TB-079-001,SC-079-001,EV-079-00326,20,林黛玉 / 黛玉,"names=林黛玉,黛玉;phrases=无;terms=无",宝玉祭毕晴雯闻花影有声，见黛玉笑议诔文，引出“红绡帐里公子多情”一联。 話說寶玉祭完了晴雯，只聽花影中有人聲，倒唬了一跳。走出來細看，不是別人，卻是林黛玉……,外部节点不进主轴；二轮只证明内部原文是否有候选落点
EXT-WIKI-YEAR-0010,前八十回,七年,夏,黛玉母亲病逝 。,暂未设定,仍未设定,弱,二轮分数不足,96-029,96,王夫人问「你看宝玉和宝姑娘好还是和林姑娘好」，袭人一一细说宝玉与黛玉光景及夏天私话，以提醒太太。,王夫人问宝玉配宝钗还是黛玉·袭人细说宝玉黛玉光景私话,C096-A0029,TB-096-001,SC-096-009,EV-096-00380,26,黛玉 / 夏,names=黛玉;phrases=无;terms=夏,王夫人问「你看宝玉和宝姑娘好还是和林姑娘好」，袭人一一细说宝玉与黛玉光景及夏天私话，以提醒太太。 王夫人问宝玉配宝钗还是黛玉·袭人细说宝玉黛玉光景私话,外部节点不进主轴；二轮只证明内部原文是否有候选落点
EXT-WIKI-YEAR-0011,前八十回,七年,秋,贾雨村 遇 冷子兴 ，贾琏约20岁 ， 王熙凤 嫁到贾府两年 ，王熙凤17岁 ， 贾蓉 16岁 。,模糊待复核,二轮压缩后仍模糊,中弱,找到相近原文段，但可能是同名/同季节/同类事件误撞,02-010,2,雨村村肆偶遇冷子兴，二人相识叙旧,将入肆门，只见座上吃酒之客有一人起身大笑……口内说：「奇遇，奇遇。」,C002-A0010,TB-002-001,SC-002-004,EV-002-00008,36,雨村 / 遇冷 / 冷子 / 子兴 / 遇冷子兴,"names=雨村;phrases=无;terms=遇冷,冷子,子兴,遇冷子兴",雨村村肆偶遇冷子兴，二人相识叙旧 将入肆门，只见座上吃酒之客有一人起身大笑……口内说：「奇遇，奇遇。」,外部节点不进主轴；二轮只证明内部原文是否有候选落点
EXT-WIKI-YEAR-0012,前八十回,七年,秋月初二,贾雨村护送林黛玉动身。,模糊待复核,仍未设定,弱,二轮分数不足,79-001,79,宝玉祭毕晴雯闻花影有声，见黛玉笑议诔文，引出“红绡帐里公子多情”一联。,話說寶玉祭完了晴雯，只聽花影中有人聲，倒唬了一跳。走出來細看，不是別人，卻是林黛玉……,C079-A0001,TB-079-001,SC-079-001,EV-079-00326,20,林黛玉 / 黛玉,"names=林黛玉,黛玉;phrases=无;terms=无",宝玉祭毕晴雯闻花影有声，见黛玉笑议诔文，引出“红绡帐里公子多情”一联。 話說寶玉祭完了晴雯，只聽花影中有人聲，倒唬了一跳。走出來細看，不是別人，卻是林黛玉……,外部节点不进主轴；二轮只证明内部原文是否有候选落点
EXT-WIKI-YEAR-0013,前八十回,八年,正月,林黛玉7岁（13岁 ）入贾府，贾迎春8岁 ，探春7岁，惜春6岁， 贾宝玉 8岁 ，贾母71岁 。雪雁10岁 。,模糊待复核,二轮压缩后仍模糊,中弱,找到相近原文段，但可能是同名/同季节/同类事件误撞,102-005,102,先前众姐妹住大观园，贾妃薨后不修葡。到宝玉娶亲、黛玉一死、湘云回去、宝琵在家住着，园中人少兼天气寒冷。李纺姐妹、探春、惜春等俱挥回旧所。到花朝月夕依旧相约玩耀。今探春一去，宝玉病后不出屋门，益发没有高兴的人。园中寂寞只有几家看园人住着。,姐妹散去园中人少天寒众人挥回旧所·探春一去宝玉不出屋门园中寂寞,C102-A0005,TB-102-001,SC-102-003,EV-102-00403,40,黛玉 / 宝玉 / 探春 / 惜春,"names=黛玉,宝玉,探春,惜春;phrases=无;terms=无",先前众姐妹住大观园，贾妃薨后不修葡。到宝玉娶亲、黛玉一死、湘云回去、宝琵在家住着，园中人少兼天气寒冷。李纺姐妹、探春、惜春等俱挥回旧所。到花朝月夕依旧相约玩耀。今探春一去，宝玉病后不出屋门，益发没有高兴的人。园中寂寞只有几家看园人住着。 姐妹散去园中人少天寒众人挥回旧所·探春一去宝玉不出屋门园中寂寞,外部节点不进主轴；二轮只证明内部原文是否有候选落点
EXT-WIKI-YEAR-0015,前八十回,八年,秋,贾雨村判案， 薛蟠 12岁（15岁 ），英莲12岁 （10岁 ）改名香菱。,模糊待复核,二轮压缩后仍模糊,中弱,找到相近原文段，但可能是同名/同季节/同类事件误撞,01-030,1,雨村中秋受士隐赠银冬衣进京·英莲元宵失踪、葫芦庙火后甄家败落，士隐闻《好了歌》随道人而去。,士隐便说一声「走罢！」……竟不回家，同了疯道人飘飘而去。,C001-A0030,TB-001-004,SC-001-017,EV-001-00007,36,雨村 / 英莲 / 秋,"names=雨村,英莲;phrases=无;terms=秋",雨村中秋受士隐赠银冬衣进京·英莲元宵失踪、葫芦庙火后甄家败落，士隐闻《好了歌》随道人而去。 士隐便说一声「走罢！」……竟不回家，同了疯道人飘飘而去。,外部节点不进主轴；二轮只证明内部原文是否有候选落点
EXT-WIKI-YEAR-0016,前八十回,九年,春,薛宝钗 11岁 （13岁 ）入贾府。,模糊待复核,二轮压缩后仍模糊,中弱,找到相近原文段，但可能是同名/同季节/同类事件误撞,07-003,7,薛宝钗述冷香丸配方，奇方异药,要春天開的白牡丹花蕊十二兩，夏天開的白荷花蕊十二兩，秋天的白芙蓉花蕊十二兩，冬天的白梅花蕊十二兩。,C007-A0003,TB-007-001,SC-007-001,EV-007-00022,36,薛宝钗 / 宝钗 / 春,"names=薛宝钗,宝钗;phrases=无;terms=春",薛宝钗述冷香丸配方，奇方异药 要春天開的白牡丹花蕊十二兩，夏天開的白荷花蕊十二兩，秋天的白芙蓉花蕊十二兩，冬天的白梅花蕊十二兩。,外部节点不进主轴；二轮只证明内部原文是否有候选落点
EXT-WIKI-YEAR-0017,前八十回,九年,腊月,宁府赏梅。贾宝玉9岁，初试云雨情， 袭人 11岁 ，贾蓉18岁 ， 秦可卿 18岁 。,模糊待复核,二轮压缩后仍模糊,中弱,找到相近原文段，但可能是同名/同季节/同类事件误撞,07-014,7,宝玉秦钟进里间吃茶，秦可卿嫩情喟托小叔,秦氏道：「……你当用心读些书，太平之日，也来最好。」,C007-A0014,TB-007-002,SC-007-006,EV-007-00023,34,宝玉 / 秦可卿 / 可卿 / 宁府,"names=宝玉,秦可卿,可卿;phrases=无;terms=宁府",宝玉秦钟进里间吃茶，秦可卿嫩情喟托小叔 秦氏道：「……你当用心读些书，太平之日，也来最好。」,外部节点不进主轴；二轮只证明内部原文是否有候选落点
EXT-WIKI-YEAR-0018,前八十回,十年,八月二十,秦可卿病。,模糊待复核,二轮可候选,中强,原文段中同时命中人物和事件短语，可作为内部证据候选；仍需人工回原文确认,10-006,10,尤氏细述秦可卿病求：两月经期未至、下午懒动、眼神发眩，尤氏不成拒尬,他这些日子不知怎么着，经期有两个多月没来。叫大夫睹了，又说并不是喜。,C010-A0006,TB-010-001,SC-010-003,EV-010-00026,70,秦可卿 / 可卿 / 秦可卿病,"names=秦可卿,可卿;phrases=秦可卿病;terms=无",尤氏细述秦可卿病求：两月经期未至、下午懒动、眼神发眩，尤氏不成拒尬 他这些日子不知怎么着，经期有两个多月没来。叫大夫睹了，又说并不是喜。,外部节点不进主轴；二轮只证明内部原文是否有候选落点
EXT-WIKI-YEAR-0019,前八十回,十年,九月初二,刘姥姥 一进荣国府，大姐儿3岁 ， 王熙凤 20岁 ，平儿15岁 。薛宝钗谈冷香丸， 周瑞家的 送宫花，看香菱像秦可卿。,模糊待复核,二轮压缩后仍模糊,中弱,找到相近原文段，但可能是同名/同季节/同类事件误撞,07-002,7,周瑞家的转赴梨香院，见薛宝钗闲坐患病,只見薛寶釵穿著家常衣服，頭上只散挽著髻兒，坐在炕裡，頭已歪在枕上，手裡拿著一段針線，卻是目低頭侍立。,C007-A0002,TB-007-001,SC-007-001,EV-007-00022,64,薛宝钗 / 宝钗 / 刘姥姥 / 周瑞 / 瑞家 / 家的 / 的送 / 周瑞家的 / 瑞家的送,"names=薛宝钗,宝钗,刘姥姥;phrases=无;terms=周瑞,瑞家,家的,的送,周瑞家的,瑞家的送",周瑞家的转赴梨香院，见薛宝钗闲坐患病 只見薛寶釵穿著家常衣服，頭上只散挽著髻兒，坐在炕裡，頭已歪在枕上，手裡拿著一段針線，卻是目低頭侍立。,外部节点不进主轴；二轮只证明内部原文是否有候选落点
EXT-WIKI-YEAR-0020,前八十回,十年,九月初三,王熙凤带宝玉访宁府，焦大骂街，宝玉认识 秦钟 ，两人同龄10岁 。,模糊待复核,二轮压缩后仍模糊,中弱,找到相近原文段，但可能是同名/同季节/同类事件误撞,14-014,14,秦钟议牌，宝玉闹牌，昭儿来报林如海已逝,林姑老爷是九月初三日巳时没的。,C014-A0014,TB-014-002,SC-014-006,EV-014-00040,36,宝玉 / 秦钟 / 九月初三,"names=宝玉,秦钟;phrases=无;terms=九月初三",秦钟议牌，宝玉闹牌，昭儿来报林如海已逝 林姑老爷是九月初三日巳时没的。,外部节点不进主轴；二轮只证明内部原文是否有候选落点
EXT-WIKI-YEAR-0022,前八十回,十年,九月十二,闹学，贾蔷16岁 。,模糊待复核,仍未设定,弱,二轮原文段搜索未找到可用内部落点,,,,,,,,,0,,,,外部节点不进主轴；二轮只证明内部原文是否有候选落点
EXT-WIKI-YEAR-0024,前八十回,十年,九月十五,菊花盛开，贾敬生日，贾母不出席，秦可卿卧床不起，贾瑞（23岁 ）见王熙凤（21岁）。,模糊待复核,二轮压缩后仍模糊,中弱,找到相近原文段，但可能是同名/同季节/同类事件误撞,05-003,5,宁府梅花盛开，尤氏治酒赏花，宝玉倦怠欲睡，贾母命秦氏安置,因东边宁府中花园内梅花盛开，贾珍之妻尤氏乃治酒，请贾母，邢夫人，王夫人等赏花。,C005-A0003,TB-005-001,SC-005-001,EV-005-00018,36,贾母 / 花盛 / 盛开 / 开贾 / 花盛开贾,"names=贾母;phrases=无;terms=花盛,盛开,开贾,花盛开贾",宁府梅花盛开，尤氏治酒赏花，宝玉倦怠欲睡，贾母命秦氏安置 因东边宁府中花园内梅花盛开，贾珍之妻尤氏乃治酒，请贾母，邢夫人，王夫人等赏花。,外部节点不进主轴；二轮只证明内部原文是否有候选落点
EXT-WIKI-YEAR-0026,前八十回,十年,十一月三十,冬至 。,模糊待复核,仍未设定,弱,二轮原文段搜索未找到可用内部落点,,,,,,,,,0,,,,外部节点不进主轴；二轮只证明内部原文是否有候选落点
EXT-WIKI-YEAR-0027,前八十回,十年,十二月初二,王熙凤探望秦可卿，一诓贾瑞。,模糊待复核,仍未设定,弱,二轮分数不足,13-002,13,秦可卿死讯传出，贾府合家悲悼纳罕,合家皆知，无不纳罕，都有些疑心,C013-A0002,TB-013-001,SC-013-001,EV-013-00037,20,秦可卿 / 可卿,"names=秦可卿,可卿;phrases=无;terms=无",秦可卿死讯传出，贾府合家悲悼纳罕 合家皆知，无不纳罕，都有些疑心,外部节点不进主轴；二轮只证明内部原文是否有候选落点
EXT-WIKI-YEAR-0028,前八十回,十年,十二月初五,王熙凤二诓贾瑞。,模糊待复核,仍未设定,弱,二轮原文段搜索未找到可用内部落点,,,,,,,,,0,,,,外部节点不进主轴；二轮只证明内部原文是否有候选落点
EXT-WIKI-YEAR-0029,前八十回,十一年,夏（年初 ）,贾瑞 看 风月宝鉴 正面死。,模糊待复核,仍未设定,弱,二轮分数不足,12-008,12,跳足道人赐风月宝鉴，告讫只照背面,这道人物不是内找返来的，这就是个风月宝鉴，专治贾瑞这病的；不过要只照背面、切不可照正面,C012-A0008,TB-012-002,SC-012-004,EV-012-00036,24,贾瑞 / 风月 / 月宝 / 宝鉴 / 正面 / 风月宝鉴,"names=无;phrases=无;terms=贾瑞,风月,月宝,宝鉴,正面,风月宝鉴",跳足道人赐风月宝鉴，告讫只照背面 这道人物不是内找返来的，这就是个风月宝鉴，专治贾瑞这病的；不过要只照背面、切不可照正面,外部节点不进主轴；二轮只证明内部原文是否有候选落点
EXT-WIKI-YEAR-0030,前八十回,十一年,九月,林如海 病，黛玉回乡探亲。,模糊待复核,仍未设定,弱,二轮分数不足,14-014,14,秦钟议牌，宝玉闹牌，昭儿来报林如海已逝,林姑老爷是九月初三日巳时没的。,C014-A0014,TB-014-002,SC-014-006,EV-014-00040,24,九月 / 林如 / 如海,"names=无;phrases=无;terms=九月,林如,如海",秦钟议牌，宝玉闹牌，昭儿来报林如海已逝 林姑老爷是九月初三日巳时没的。,外部节点不进主轴；二轮只证明内部原文是否有候选落点
EXT-WIKI-YEAR-0032,前八十回,十一年,十月中,秦可卿（20岁）死，托梦王熙凤留下“三春去后诸芳尽，各自须寻各自门”谶语，贾蓉20岁 。,模糊待复核,仍未设定,弱,二轮分数不足,13-001,13,凤姐灯下夜梦秦氏托付心愿并赠谶语,三春过后诸芳尽，各自须寻各自门,C013-A0001,TB-013-001,SC-013-001,EV-013-00037,32,三春 / 后诸 / 诸芳 / 芳尽 / 尽各 / 各自 / 自须 / 须寻 / 寻各 / 自门 / 谶语 / 后诸芳尽,"names=无;phrases=无;terms=三春,后诸,诸芳,芳尽,尽各,各自,自须,须寻,寻各,自门",凤姐灯下夜梦秦氏托付心愿并赠谶语 三春过后诸芳尽，各自须寻各自门,外部节点不进主轴；二轮只证明内部原文是否有候选落点
EXT-WIKI-YEAR-0033,前八十回,十一年,十二月初,秦可卿出殡，宝玉见北静王，王熙凤弄权。,模糊待复核,仍未设定,弱,二轮分数不足,07-014,7,宝玉秦钟进里间吃茶，秦可卿嫩情喟托小叔,秦氏道：「……你当用心读些书，太平之日，也来最好。」,C007-A0014,TB-007-002,SC-007-006,EV-007-00023,30,宝玉 / 秦可卿 / 可卿,"names=宝玉,秦可卿,可卿;phrases=无;terms=无",宝玉秦钟进里间吃茶，秦可卿嫩情喟托小叔 秦氏道：「……你当用心读些书，太平之日，也来最好。」,外部节点不进主轴；二轮只证明内部原文是否有候选落点
EXT-WIKI-YEAR-0034,前八十回,十一年,十二月中,贾政（48岁 ）生日， 元春 28岁 （38岁 ）加封贤德妃。,模糊待复核,二轮压缩后仍模糊,中弱,找到相近原文段，但可能是同名/同季节/同类事件误撞,16-004,16,元春晋封贤德妃，贾府众人按品入朝谢恩欢腾,咱們家大小姐晉封為鳳藻宮尚書，加封賢德妃。,C016-A0004,TB-016-001,SC-016-002,EV-016-00043,40,元春 / 加封 / 封贤 / 贤德 / 德妃 / 封贤德妃,"names=元春;phrases=无;terms=加封,封贤,贤德,德妃,封贤德妃",元春晋封贤德妃，贾府众人按品入朝谢恩欢腾 咱們家大小姐晉封為鳳藻宮尚書，加封賢德妃。,外部节点不进主轴；二轮只证明内部原文是否有候选落点
EXT-WIKI-YEAR-0035,前八十回,十一年,十二月底,贾琏和黛玉回贾府。贾雨村同路回。,模糊待复核,仍未设定,弱,二轮分数不足,95-022,95,贾琏进来请安嘻嘻的笑说今日听得军机贾雨村打发人来告诉二老爷说舅太爷升了内阁大学士奉旨来京已定明年正月二十日宣麻；王夫人听说便欢喜非常，正想娘家人少薛姨妈家衰败兄弟又在外任照应不着今日忽听兄弟拜相回京王家荣耀将来宝玉都有倚靠，便把失玉的心又略放开些天天专望兄弟来京。,贾琏报舅太爷王子腾拜相来京定明年正月宣麻,C095-A0022,TB-095-001,SC-095-005,EV-095-00377,30,贾雨村 / 雨村 / 贾琏,"names=贾雨村,雨村,贾琏;phrases=无;terms=无",贾琏进来请安嘻嘻的笑说今日听得军机贾雨村打发人来告诉二老爷说舅太爷升了内阁大学士奉旨来京已定明年正月二十日宣麻；王夫人听说便欢喜非常，正想娘家人少薛姨妈家衰败兄弟又在外任照应不着今日忽听兄弟拜相回京王家荣耀将来宝玉都有倚靠，便把失玉的心又略放开些天天专望兄弟来京。 贾琏报舅太爷王子腾拜相来京定明年正月宣麻,外部节点不进主轴；二轮只证明内部原文是否有候选落点
EXT-WIKI-YEAR-0036,前八十回,十一年,十二月底,贾琏叹息香菱（14岁）被薛蟠纳妾。,暂未设定,仍未设定,弱,二轮分数不足,80-003,80,薛蟠得陇望蜀觊觎宝蟾·金桂设计疏远香菱,只因薛蟠天性是「得隴望蜀」的……又見寶蟾有三分姿色……金桂想著：「正要擺布香菱……如今且捨出寶蟾去與他……我且乘他疏遠之時，便擺布了香菱。」,C080-A0003,TB-080-001,SC-080-002,EV-080-00336,20,香菱 / 薛蟠,"names=香菱,薛蟠;phrases=无;terms=无",薛蟠得陇望蜀觊觎宝蟾·金桂设计疏远香菱 只因薛蟠天性是「得隴望蜀」的……又見寶蟾有三分姿色……金桂想著：「正要擺布香菱……如今且捨出寶蟾去與他……我且乘他疏遠之時，便擺布了香菱。」,外部节点不进主轴；二轮只证明内部原文是否有候选落点
EXT-WIKI-YEAR-0037,前八十回,十一年,十二月底,修造大观园动工。,模糊待复核,仍未设定,弱,二轮原文段搜索未找到可用内部落点,,,,,,,,,0,,,,外部节点不进主轴；二轮只证明内部原文是否有候选落点
EXT-WIKI-YEAR-0038,前八十回,十一年,十二月底,秦钟（11岁）死。,模糊待复核,仍未设定,弱,二轮原文段搜索未找到可用内部落点,,,,,,,,,0,,,,外部节点不进主轴；二轮只证明内部原文是否有候选落点
EXT-WIKI-YEAR-0039,前八十回,十二年,三月,宝玉大观园试才 。,模糊待复核,仍未设定,弱,二轮分数不足,102-005,102,先前众姐妹住大观园，贾妃薨后不修葡。到宝玉娶亲、黛玉一死、湘云回去、宝琵在家住着，园中人少兼天气寒冷。李纺姐妹、探春、惜春等俱挥回旧所。到花朝月夕依旧相约玩耀。今探春一去，宝玉病后不出屋门，益发没有高兴的人。园中寂寞只有几家看园人住着。,姐妹散去园中人少天寒众人挥回旧所·探春一去宝玉不出屋门园中寂寞,C102-A0005,TB-102-001,SC-102-003,EV-102-00403,18,宝玉 / 大观 / 观园,"names=宝玉;phrases=无;terms=大观,观园",先前众姐妹住大观园，贾妃薨后不修葡。到宝玉娶亲、黛玉一死、湘云回去、宝琵在家住着，园中人少兼天气寒冷。李纺姐妹、探春、惜春等俱挥回旧所。到花朝月夕依旧相约玩耀。今探春一去，宝玉病后不出屋门，益发没有高兴的人。园中寂寞只有几家看园人住着。 姐妹散去园中人少天寒众人挥回旧所·探春一去宝玉不出屋门园中寂寞,外部节点不进主轴；二轮只证明内部原文是否有候选落点
EXT-WIKI-YEAR-0040,前八十回,十二年,三月,黛玉剪香囊。,暂未设定,仍未设定,弱,二轮分数不足,70-008,70,稻香村议定桃花社，因探春寿日改至初五,已至稻香村中……大家議定：明日乃三月初二日，就起社，便改「海棠社」為「桃花社」，林黛玉就為社主。……因此改至初五。,C070-A0008,TB-070-002,SC-070-008,EV-070-00268,26,黛玉 / 三月,names=黛玉;phrases=无;terms=三月,稻香村议定桃花社，因探春寿日改至初五 已至稻香村中……大家議定：明日乃三月初二日，就起社，便改「海棠社」為「桃花社」，林黛玉就為社主。……因此改至初五。,外部节点不进主轴；二轮只证明内部原文是否有候选落点
EXT-WIKI-YEAR-0041,前八十回,十二年,三月,从姑苏采买12女孩住梨香院学戏（薛姨妈家另搬到园子东北角）， 贾蔷 总管。,模糊待复核,仍未设定,弱,二轮分数不足,78-001,78,王夫人趁便向贾母回明赶逐晴雯事，称其淘气懒病命薄难留，已令其家配人；并放梨香院学戏女孩儿。,王夫人便往賈母處來省晨……回道：「寶玉屋裡有個晴雯……病不離身……我就趕著叫他下去了……賞他家配人去也罷了。再那幾個學戲的女孩子，我也作主放出去了……」,C078-A0001,TB-078-001,SC-078-001,EV-078-00323,28,女孩 / 梨香 / 香院 / 院学 / 学戏 / 梨香院学 / 香院学戏,"names=无;phrases=无;terms=女孩,梨香,香院,院学,学戏,梨香院学,香院学戏",王夫人趁便向贾母回明赶逐晴雯事，称其淘气懒病命薄难留，已令其家配人；并放梨香院学戏女孩儿。 王夫人便往賈母處來省晨……回道：「寶玉屋裡有個晴雯……病不離身……我就趕著叫他下去了……賞他家配人去也罷了。再那幾個學戲的女孩子，我也作主放出去了……」,外部节点不进主轴；二轮只证明内部原文是否有候选落点
EXT-WIKI-YEAR-0042,前八十回,十二年,三月,妙玉 （18岁 ）进大观园。,暂未设定,仍未设定,弱,二轮原文段搜索未找到可用内部落点,,,,,,,,,0,,,,外部节点不进主轴；二轮只证明内部原文是否有候选落点
EXT-WIKI-YEAR-0043,前八十回,十二年,十月底,大观园工程大体完备 。,模糊待复核,仍未设定,弱,二轮原文段搜索未找到可用内部落点,,,,,,,,,0,,,,外部节点不进主轴；二轮只证明内部原文是否有候选落点
EXT-WIKI-YEAR-0045,前八十回,十三年,正月十七,宝玉访袭人家，李嬷嬷吃奶酪，袭人15岁（18岁 ）规劝宝玉。,模糊待复核,仍未设定,弱,二轮分数不足,20-001,20,李嬷嬷辱骂袭人，凤姐赶来排解，袭人又劝宝玉忍气,虧這一陣風來，把個老婆子撮了去了。,C020-A0001,TB-020-001,SC-020-001,EV-020-00049,28,宝玉 / 袭人 / 李嬷 / 嬷嬷,"names=宝玉,袭人;phrases=无;terms=李嬷,嬷嬷",李嬷嬷辱骂袭人，凤姐赶来排解，袭人又劝宝玉忍气 虧這一陣風來，把個老婆子撮了去了。,外部节点不进主轴；二轮只证明内部原文是否有候选落点
EXT-WIKI-YEAR-0046,前八十回,十三年,正月十八,宝玉编香芋，李嬷嬷骂袭人，宝玉给麝月梳头。,模糊待复核,仍未设定,弱,二轮分数不足,20-001,20,李嬷嬷辱骂袭人，凤姐赶来排解，袭人又劝宝玉忍气,虧這一陣風來，把個老婆子撮了去了。,C020-A0001,TB-020-001,SC-020-001,EV-020-00049,28,宝玉 / 袭人 / 李嬷 / 嬷嬷,"names=宝玉,袭人;phrases=无;terms=李嬷,嬷嬷",李嬷嬷辱骂袭人，凤姐赶来排解，袭人又劝宝玉忍气 虧這一陣風來，把個老婆子撮了去了。,外部节点不进主轴；二轮只证明内部原文是否有候选落点
EXT-WIKI-YEAR-0047,前八十回,十三年,正月十九,宝玉（13岁）批 贾环 （11岁 ）。,模糊待复核,仍未设定,弱,二轮原文段搜索未找到可用内部落点,,,,,,,,,0,,,,外部节点不进主轴；二轮只证明内部原文是否有候选落点
EXT-WIKI-YEAR-0048,前八十回,十三年,正月十九,史湘云 （12岁 ）来了。宝玉黛玉拌嘴。,模糊待复核,二轮压缩后仍模糊,中弱,找到相近原文段，但可能是同名/同季节/同类事件误撞,20-007,20,史湘云来访，黛玉听宝玉自宝钗处来便赌气回房,虧在那裏絆住，不然早就飛了來了。,C020-A0007,TB-020-001,SC-020-004,EV-020-00049,46,黛玉 / 宝玉 / 史湘 / 湘云 / 云来 / 史湘云来,"names=黛玉,宝玉;phrases=无;terms=史湘,湘云,云来,史湘云来",史湘云来访，黛玉听宝玉自宝钗处来便赌气回房 虧在那裏絆住，不然早就飛了來了。,外部节点不进主轴；二轮只证明内部原文是否有候选落点
EXT-WIKI-YEAR-0050,前八十回,十三年,正月二十,大姐儿出麻疹， 贾琏 （27岁）与多姑娘（20岁 ）通奸，平儿遮掩。贾母提议为薛宝钗办生日。,模糊待复核,仍未设定,弱,二轮分数不足,44-010,44,次日贾琏在贾母前向凤姐平儿赔不是,原來是我的不是，二奶奶饒過我罷。,C044-A0010,TB-044-003,SC-044-010,EV-044-00141,30,贾母 / 贾琏 / 平儿,"names=贾母,贾琏,平儿;phrases=无;terms=无",次日贾琏在贾母前向凤姐平儿赔不是 原來是我的不是，二奶奶饒過我罷。,外部节点不进主轴；二轮只证明内部原文是否有候选落点
EXT-WIKI-YEAR-0052,前八十回,十三年,正月二十二,猜灯谜，贾政关心 贾兰 （10岁）。,模糊待复核,仍未设定,弱,二轮原文段搜索未找到可用内部落点,,,,,,,,,0,,,,外部节点不进主轴；二轮只证明内部原文是否有候选落点
EXT-WIKI-YEAR-0053,前八十回,十三年,正月下旬,贾芹领命管理家庙。,暂未设定,仍未设定,弱,二轮原文段搜索未找到可用内部落点,,,,,,,,,0,,,,外部节点不进主轴；二轮只证明内部原文是否有候选落点
EXT-WIKI-YEAR-0054,前八十回,十三年,二月上旬,贾政传命宝玉入园，金钏问宝玉吃胭脂否。,模糊待复核,仍未设定,弱,二轮分数不足,33-001,33,宝玉伤金钏之死失魂撞见贾政受诘,原來寶玉會過雨村回來聽見了，便知金釧兒含羞賭氣自盡，心中早又五內摧傷。,C033-A0001,TB-033-001,SC-033-001,EV-033-00100,18,宝玉 / 贾政 / 金钏,"names=宝玉;phrases=无;terms=贾政,金钏",宝玉伤金钏之死失魂撞见贾政受诘 原來寶玉會過雨村回來聽見了，便知金釧兒含羞賭氣自盡，心中早又五內摧傷。,外部节点不进主轴；二轮只证明内部原文是否有候选落点
EXT-WIKI-YEAR-0057,前八十回,十三年,三月,倪二借钱给贾芸。,暂未设定,仍未设定,弱,二轮原文段搜索未找到可用内部落点,,,,,,,,,0,,,,外部节点不进主轴；二轮只证明内部原文是否有候选落点
EXT-WIKI-YEAR-0058,前八十回,十三年,三月,小红 倒茶，秋纹骂小红。,模糊待复核,仍未设定,弱,二轮原文段搜索未找到可用内部落点,,,,,,,,,0,,,,外部节点不进主轴；二轮只证明内部原文是否有候选落点
EXT-WIKI-YEAR-0060,前八十回,十三年,三月下旬,赵姨娘 请马道婆弄鬼，宝玉（13岁 ），王熙凤疯魔。,模糊待复核,二轮压缩后仍模糊,中弱,找到相近原文段，但可能是同名/同季节/同类事件误撞,25-009,25,赵姨娘买马道婆邪法誓害凤姐宝玉,又向褲腰里掏了半晌，掏出十個紙鉸的青面白髮的鬼來，并兩個紙人。,C025-A0009,TB-025-002,SC-025-009,EV-025-00070,36,宝玉 / 赵姨 / 姨娘 / 马道 / 道婆,"names=宝玉;phrases=无;terms=赵姨,姨娘,马道,道婆",赵姨娘买马道婆邪法誓害凤姐宝玉 又向褲腰里掏了半晌，掏出十個紙鉸的青面白髮的鬼來，并兩個紙人。,外部节点不进主轴；二轮只证明内部原文是否有候选落点
EXT-WIKI-YEAR-0061,前八十回,十三年,四月二十四,经33天 静养，宝玉痊愈，搬回大观园。,暂未设定,仍未设定,弱,二轮分数不足,102-005,102,先前众姐妹住大观园，贾妃薨后不修葡。到宝玉娶亲、黛玉一死、湘云回去、宝琵在家住着，园中人少兼天气寒冷。李纺姐妹、探春、惜春等俱挥回旧所。到花朝月夕依旧相约玩耀。今探春一去，宝玉病后不出屋门，益发没有高兴的人。园中寂寞只有几家看园人住着。,姐妹散去园中人少天寒众人挥回旧所·探春一去宝玉不出屋门园中寂寞,C102-A0005,TB-102-001,SC-102-003,EV-102-00403,18,宝玉 / 大观 / 观园,"names=宝玉;phrases=无;terms=大观,观园",先前众姐妹住大观园，贾妃薨后不修葡。到宝玉娶亲、黛玉一死、湘云回去、宝琵在家住着，园中人少兼天气寒冷。李纺姐妹、探春、惜春等俱挥回旧所。到花朝月夕依旧相约玩耀。今探春一去，宝玉病后不出屋门，益发没有高兴的人。园中寂寞只有几家看园人住着。 姐妹散去园中人少天寒众人挥回旧所·探春一去宝玉不出屋门园中寂寞,外部节点不进主轴；二轮只证明内部原文是否有候选落点
EXT-WIKI-YEAR-0063,前八十回,十三年,四月二十六,芒种祭花神，宝钗扑蝶，小红（17岁 ）攀王熙凤，黛玉葬花，冯紫英请客，蒋玉菡赠巾，元春赏端午节礼。,模糊待复核,仍未设定,弱,二轮分数不足,02-031,2,四春、贾敏、黛玉与王熙凤关系线展开·雨村子兴谈毕欲归城，喜信引入下回。,政老爹的长女，名元春……谁知自娶了他令夫人之后，倒上下无一人不称颂他夫人的。,C002-A0031,TB-002-003,SC-002-015,EV-002-00012,30,黛玉 / 王熙凤 / 元春,"names=黛玉,王熙凤,元春;phrases=无;terms=无",四春、贾敏、黛玉与王熙凤关系线展开·雨村子兴谈毕欲归城，喜信引入下回。 政老爹的长女，名元春……谁知自娶了他令夫人之后，倒上下无一人不称颂他夫人的。,外部节点不进主轴；二轮只证明内部原文是否有候选落点
EXT-WIKI-YEAR-0065,前八十回,十三年,五月初一,贾母打醮，张道士提亲，贾母谢绝。出现贾珍贾蓉婆媳 。,模糊待复核,仍未设定,弱,二轮分数不足,29-005,29,贾母怜惜小道士命贾珍带下并赏钱,快帶了那孩子來，別唬著他。,C029-A0005,TB-029-001,SC-029-005,EV-029-00084,18,贾母 / 道士 / 贾珍,"names=贾母;phrases=无;terms=道士,贾珍",贾母怜惜小道士命贾珍带下并赏钱 快帶了那孩子來，別唬著他。,外部节点不进主轴；二轮只证明内部原文是否有候选落点
EXT-WIKI-YEAR-0066,前八十回,十三年,五月初二,黛玉生气，宝玉砸玉，王夫人出现。,暂未设定,二轮压缩后仍模糊,中弱,找到相近原文段，但可能是同名/同季节/同类事件误撞,03-013,3,邢夫人陪同黛玉拜访王夫人，王夫人嘱咐注意宝玉,王夫人因说：'你舅舅今日斋戒去了，再见罢。只是有一句话嘱咐你：我有一个孽根祸胎，是家里的混世魔王……',C003-A0013,TB-003-001,SC-003-004,EV-003-00013,42,黛玉 / 宝玉 / 玉王 / 王夫 / 玉王夫人,"names=黛玉,宝玉;phrases=无;terms=玉王,王夫,玉王夫人",邢夫人陪同黛玉拜访王夫人，王夫人嘱咐注意宝玉 王夫人因说：'你舅舅今日斋戒去了，再见罢。只是有一句话嘱咐你：我有一个孽根祸胎，是家里的混世魔王……',外部节点不进主轴；二轮只证明内部原文是否有候选落点
EXT-WIKI-YEAR-0067,前八十回,十三年,五月初三,薛蟠17岁生日请戏，贾母论宝玉黛玉小冤家。,模糊待复核,仍未设定,弱,二轮分数不足,99-006,99,贾母爱宝丫头就在尊重上头·只愁宝玉傻头傻脑·凤姐说黛玉临死咬牙切齿息着宝玉。,贾母爱宝钗在尊重上只愁宝玉傻·凤姐说黛玉临死咬牙切齿惦宝玉,C099-A0006,TB-099-001,SC-099-001,EV-099-00390,30,黛玉 / 宝玉 / 贾母,"names=黛玉,宝玉,贾母;phrases=无;terms=无",贾母爱宝丫头就在尊重上头·只愁宝玉傻头傻脑·凤姐说黛玉临死咬牙切齿息着宝玉。 贾母爱宝钗在尊重上只愁宝玉傻·凤姐说黛玉临死咬牙切齿惦宝玉,外部节点不进主轴；二轮只证明内部原文是否有候选落点
EXT-WIKI-YEAR-0068,前八十回,十三年,五月初四,宝钗讽刺宝玉负荆请罪，龄官画蔷， 金钏 15岁 被撵，宝玉丢金麒麟，袭人被踢。,模糊待复核,二轮压缩后仍模糊,中弱,找到相近原文段，但可能是同名/同季节/同类事件误撞,30-006,30,靛儿寻扇宝钗借负荆请罪双敲宝黛,原來這叫作《負荊請罪》！,C030-A0006,TB-030-001,SC-030-006,EV-030-00091,36,宝钗 / 负荆 / 荆请 / 请罪 / 负荆请罪,"names=宝钗;phrases=无;terms=负荆,荆请,请罪,负荆请罪",靛儿寻扇宝钗借负荆请罪双敲宝黛 原來這叫作《負荊請罪》！,外部节点不进主轴；二轮只证明内部原文是否有候选落点
EXT-WIKI-YEAR-0069,前八十回,十三年,五月初五,晴雯 12岁（15岁）撕扇。,暂未设定,仍未设定,弱,二轮原文段搜索未找到可用内部落点,,,,,,,,,0,,,,外部节点不进主轴；二轮只证明内部原文是否有候选落点
EXT-WIKI-YEAR-0070,前八十回,十三年,五月初六,湘云来访，金钏跳井，贾政打宝玉，王夫人50岁 。,暂未设定,二轮压缩后仍模糊,中弱,找到相近原文段，但可能是同名/同季节/同类事件误撞,33-006,33,宝玉被贾政痛打王夫人哭护求死相抵,既要勒死他，快拿繩子來先勒死我，再勒死他。,C033-A0006,TB-033-001,SC-033-006,EV-033-00100,36,宝玉 / 贾政 / 打王 / 王夫 / 打王夫人,"names=宝玉;phrases=无;terms=贾政,打王,王夫,打王夫人",宝玉被贾政痛打王夫人哭护求死相抵 既要勒死他，快拿繩子來先勒死我，再勒死他。,外部节点不进主轴；二轮只证明内部原文是否有候选落点
EXT-WIKI-YEAR-0071,前八十回,十三年,五月初七,玉钏 尝羹， 莺儿 （16岁 ）打络。,暂未设定,仍未设定,弱,二轮原文段搜索未找到可用内部落点,,,,,,,,,0,,,,外部节点不进主轴；二轮只证明内部原文是否有候选落点
EXT-WIKI-YEAR-0072,前八十回,十三年,,六月：王夫人给袭人涨月例。,模糊待复核,仍未设定,弱,二轮分数不足,36-006,36,王夫人从己分例匀给袭人并暂不开脸,把我每月的月例二十两银子里，拿出二两银子一吊钱来，给袭人去。,C036-A0006,TB-036-002,SC-036-006,EV-036-00111,18,袭人 / 王夫 / 月例,"names=袭人;phrases=无;terms=王夫,月例",王夫人从己分例匀给袭人并暂不开脸 把我每月的月例二十两银子里，拿出二两银子一吊钱来，给袭人去。,外部节点不进主轴；二轮只证明内部原文是否有候选落点
EXT-WIKI-YEAR-0074,前八十回,十三年,七月,龄官 拒唱，贾蔷放雀。,暂未设定,仍未设定,弱,二轮原文段搜索未找到可用内部落点,,,,,,,,,0,,,,外部节点不进主轴；二轮只证明内部原文是否有候选落点
EXT-WIKI-YEAR-0075,前八十回,十三年,七月,薛姨妈过生日 。,暂未设定,仍未设定,弱,二轮原文段搜索未找到可用内部落点,,,,,,,,,0,,,,外部节点不进主轴；二轮只证明内部原文是否有候选落点
EXT-WIKI-YEAR-0076,前八十回,十三年,八月二十,贾政点学政外派。,模糊待复核,仍未设定,弱,二轮分数不足,37-001,37,贾政奉旨出任学差离家,這賈政只得奉了㫖，擇于八月二十日起身。,C037-A0001,TB-037-001,SC-037-001,EV-037-00114,20,八月二十 / 贾政,"names=无;phrases=无;terms=八月二十,贾政",贾政奉旨出任学差离家 這賈政只得奉了㫖，擇于八月二十日起身。,外部节点不进主轴；二轮只证明内部原文是否有候选落点
EXT-WIKI-YEAR-0077,前八十回,十五年,八月二十二,结海棠诗社， 李纨 28岁， 迎春 16岁 （17岁 ）， 探春 14岁（15岁）， 惜春 13岁（15岁）。晴雯，秋纹，麝月嘲笑袭人。,模糊待复核,仍未设定,弱,二轮分数不足,79-013,79,香菱问袭人、晴雯、迎春搬出空落落。,香菱拍手笑嘻嘻的說道：「……我且問你，襲人姐姐這幾日可好？怎麼忽然把個晴雯姐姐也沒了……二姑娘搬出去的好快，你瞧瞧這地方好空落落的。」,C079-A0013,TB-079-002,SC-079-013,EV-079-00329,30,袭人 / 晴雯 / 迎春,"names=袭人,晴雯,迎春;phrases=无;terms=无",香菱问袭人、晴雯、迎春搬出空落落。 香菱拍手笑嘻嘻的說道：「……我且問你，襲人姐姐這幾日可好？怎麼忽然把個晴雯姐姐也沒了……二姑娘搬出去的好快，你瞧瞧這地方好空落落的。」,外部节点不进主轴；二轮只证明内部原文是否有候选落点
EXT-WIKI-YEAR-0078,前八十回,十五年,八月二十三,宝玉邀请湘云14岁（15岁 ）入社。,暂未设定,二轮压缩后仍模糊,中弱,找到相近原文段，但可能是同名/同季节/同类事件误撞,37-023,37,宝玉忙请湘云入社却被贾母缓一日,這詩社裡若少了他，還有個什麽意思。,C037-A0023,TB-037-002,SC-037-007,EV-037-00115,44,宝玉 / 请湘 / 湘云 / 云入 / 入社 / 请湘云入 / 湘云入社,"names=宝玉;phrases=无;terms=请湘,湘云,云入,入社,请湘云入,湘云入社",宝玉忙请湘云入社却被贾母缓一日 這詩社裡若少了他，還有個什麽意思。,外部节点不进主轴；二轮只证明内部原文是否有候选落点
EXT-WIKI-YEAR-0079,前八十回,十五年,八月二十四,湘云做东 藕香榭 ，请贾母和大家吃蟹赏菊，李纨（28岁）摸平儿（20岁）。刘姥姥（75岁）二进荣国府，贾母70多岁 （78岁 ）。,暂未设定,仍未设定,弱,二轮分数不足,97-062,97,平儿含泪赋李纫先过贾母处，林姑娘事有他接手；林之孝家随后到。,平儿含泪言先过贾母处林姑娘事由李纨接手,C097-A0062,TB-097-002,SC-097-015,EV-097-00386,24,贾母 / 平儿 / 李纨,"names=贾母,平儿;phrases=无;terms=李纨",平儿含泪赋李纫先过贾母处，林姑娘事有他接手；林之孝家随后到。 平儿含泪言先过贾母处林姑娘事由李纨接手,外部节点不进主轴；二轮只证明内部原文是否有候选落点
EXT-WIKI-YEAR-0080,前八十回,十五年,八月二十五,贾母大观园 秋爽斋 和 缀锦阁 两宴刘姥姥，鸳鸯发牌。 栊翠庵 品茶，妙玉21岁。,模糊待复核,仍未设定,弱,二轮分数不足,72-001,72,鸳鸯出角门·藏事不告复命贾母,且说鸳鸯出了角门，脸上犹热，心内笑突的乱跳。因想这事非常，若说出来，奸盗相连，关系人命。,C072-A0001,TB-072-001,SC-072-001,EV-072-00277,20,贾母 / 鸳鸯,"names=贾母,鸳鸯;phrases=无;terms=无",鸳鸯出角门·藏事不告复命贾母 且说鸳鸯出了角门，脸上犹热，心内笑突的乱跳。因想这事非常，若说出来，奸盗相连，关系人命。,外部节点不进主轴；二轮只证明内部原文是否有候选落点
EXT-WIKI-YEAR-0081,前八十回,十五年,八月二十五,刘姥姥给大姐儿（9岁 ）起名巧哥儿。,模糊待复核,二轮压缩后仍模糊,中弱,找到相近原文段，但可能是同名/同季节/同类事件误撞,42-002,42,刘姥姥为大姐儿取名巧哥儿,姑奶奶定要依我這名字，他必長命百歲。,C042-A0002,TB-042-001,SC-042-002,EV-042-00129,44,刘姥姥 / 大姐 / 姐儿 / 名巧 / 巧哥 / 哥儿 / 名巧哥儿,"names=刘姥姥;phrases=无;terms=大姐,姐儿,名巧,巧哥,哥儿,名巧哥儿",刘姥姥为大姐儿取名巧哥儿 姑奶奶定要依我這名字，他必長命百歲。,外部节点不进主轴；二轮只证明内部原文是否有候选落点
EXT-WIKI-YEAR-0082,前八十回,十五年,八月二十五,宝钗审黛玉，惜春开始画大观园。,模糊待复核,仍未设定,弱,二轮分数不足,102-005,102,先前众姐妹住大观园，贾妃薨后不修葡。到宝玉娶亲、黛玉一死、湘云回去、宝琵在家住着，园中人少兼天气寒冷。李纺姐妹、探春、惜春等俱挥回旧所。到花朝月夕依旧相约玩耀。今探春一去，宝玉病后不出屋门，益发没有高兴的人。园中寂寞只有几家看园人住着。,姐妹散去园中人少天寒众人挥回旧所·探春一去宝玉不出屋门园中寂寞,C102-A0005,TB-102-001,SC-102-003,EV-102-00403,28,黛玉 / 惜春 / 大观 / 观园,"names=黛玉,惜春;phrases=无;terms=大观,观园",先前众姐妹住大观园，贾妃薨后不修葡。到宝玉娶亲、黛玉一死、湘云回去、宝琵在家住着，园中人少兼天气寒冷。李纺姐妹、探春、惜春等俱挥回旧所。到花朝月夕依旧相约玩耀。今探春一去，宝玉病后不出屋门，益发没有高兴的人。园中寂寞只有几家看园人住着。 姐妹散去园中人少天寒众人挥回旧所·探春一去宝玉不出屋门园中寂寞,外部节点不进主轴；二轮只证明内部原文是否有候选落点
EXT-WIKI-YEAR-0083,前八十回,十五年,八月二十七,贾母策划凤姐生日，让尤氏管份子钱操办。,模糊待复核,仍未设定,弱,二轮分数不足,69-001,69,尤二姐跟凤姐过贾母处、尤氏同行,話說尤二姐聽了，又感謝不盡，只得跟了他來。尤氏那邊怎好不過來的，少不得也過來跟著鳳姐去回，方是大禮。,C069-A0001,TB-069-001,SC-069-001,EV-069-00258,24,凤姐 / 贾母 / 尤氏,"names=凤姐,贾母;phrases=无;terms=尤氏",尤二姐跟凤姐过贾母处、尤氏同行 話說尤二姐聽了，又感謝不盡，只得跟了他來。尤氏那邊怎好不過來的，少不得也過來跟著鳳姐去回，方是大禮。,外部节点不进主轴；二轮只证明内部原文是否有候选落点
EXT-WIKI-YEAR-0084,前八十回,十五年,九月初二,已故金钏生日 ，宝玉祭奠。王熙凤（27岁）生日 ，贾琏和鲍二家的通奸， 平儿 挨打。,模糊待复核,二轮压缩后仍模糊,中弱,找到相近原文段，但可能是同名/同季节/同类事件误撞,66-001,66,鲍二家的打兴儿笑说话像宝玉的人,你倒不像跟二爺的人，這些話倒像是寶玉的人。,C066-A0001,TB-066-001,SC-066-001,EV-066-00238,36,宝玉 / 鲍二 / 二家 / 家的 / 鲍二家的,"names=宝玉;phrases=无;terms=鲍二,二家,家的,鲍二家的",鲍二家的打兴儿笑说话像宝玉的人 你倒不像跟二爺的人，這些話倒像是寶玉的人。,外部节点不进主轴；二轮只证明内部原文是否有候选落点
EXT-WIKI-YEAR-0085,前八十回,十五年,九月初三,鲍二家的上吊，众姐妹邀凤姐入诗社出银子。,模糊待复核,二轮压缩后仍模糊,中弱,找到相近原文段，但可能是同名/同季节/同类事件误撞,44-002,44,凤姐离席审问丫鬟得知贾琏私召鲍二家的,二爺就開了箱子，拿了兩塊銀子，還有兩根簪子。,C044-A0002,TB-044-001,SC-044-002,EV-044-00139,36,凤姐 / 鲍二 / 二家 / 家的 / 鲍二家的,"names=凤姐;phrases=无;terms=鲍二,二家,家的,鲍二家的",凤姐离席审问丫鬟得知贾琏私召鲍二家的 二爺就開了箱子，拿了兩塊銀子，還有兩根簪子。,外部节点不进主轴；二轮只证明内部原文是否有候选落点
EXT-WIKI-YEAR-0086,前八十回,十五年,九月,黛玉做《秋窗风雨夕》，14岁（15岁 ），宝钗送燕窝。,模糊待复核,二轮压缩后仍模糊,中弱,找到相近原文段，但可能是同名/同季节/同类事件误撞,45-008,45,秋雨黄昏黛玉感怀作秋窗风雨夕,不知風雨幾時休，已教淚灑窗紗濕。,C045-A0008,TB-045-002,SC-045-008,EV-045-00143,44,黛玉 / 秋窗 / 窗风 / 风雨 / 雨夕 / 秋窗风雨 / 窗风雨夕,"names=黛玉;phrases=无;terms=秋窗,窗风,风雨,雨夕,秋窗风雨,窗风雨夕",秋雨黄昏黛玉感怀作秋窗风雨夕 不知風雨幾時休，已教淚灑窗紗濕。,外部节点不进主轴；二轮只证明内部原文是否有候选落点
EXT-WIKI-YEAR-0087,前八十回,十五年,九月,贾赦 （53岁 ）欲讨 鸳鸯 （20岁 ）。,暂未设定,仍未设定,弱,二轮分数不足,46-001,46,邢夫人受贾赦之托欲讨鸳鸯凤姐极言不可,老太太離了鴛鴦，飯也吃不下去的。,C046-A0001,TB-046-001,SC-046-001,EV-046-00145,18,鸳鸯 / 贾赦 / 欲讨,"names=鸳鸯;phrases=无;terms=贾赦,欲讨",邢夫人受贾赦之托欲讨鸳鸯凤姐极言不可 老太太離了鴛鴦，飯也吃不下去的。,外部节点不进主轴；二轮只证明内部原文是否有候选落点
EXT-WIKI-YEAR-0088,前八十回,十五年,九月十四,柳湘莲 打薛蟠。,暂未设定,仍未设定,弱,二轮分数不足,47-007,47,赖大家宴上薛蟠错认柳湘莲为风月子弟,不免錯會了意，誤認他作了風月子弟。,C047-A0007,TB-047-001,SC-047-007,EV-047-00149,18,薛蟠 / 柳湘 / 湘莲,"names=薛蟠;phrases=无;terms=柳湘,湘莲",赖大家宴上薛蟠错认柳湘莲为风月子弟 不免錯會了意，誤認他作了風月子弟。,外部节点不进主轴；二轮只证明内部原文是否有候选落点
EXT-WIKI-YEAR-0089,前八十回,十五年,十月,薛蟠南下，香菱入大观园。,模糊待复核,仍未设定,弱,二轮分数不足,80-003,80,薛蟠得陇望蜀觊觎宝蟾·金桂设计疏远香菱,只因薛蟠天性是「得隴望蜀」的……又見寶蟾有三分姿色……金桂想著：「正要擺布香菱……如今且捨出寶蟾去與他……我且乘他疏遠之時，便擺布了香菱。」,C080-A0003,TB-080-001,SC-080-002,EV-080-00336,20,香菱 / 薛蟠,"names=香菱,薛蟠;phrases=无;terms=无",薛蟠得陇望蜀觊觎宝蟾·金桂设计疏远香菱 只因薛蟠天性是「得隴望蜀」的……又見寶蟾有三分姿色……金桂想著：「正要擺布香菱……如今且捨出寶蟾去與他……我且乘他疏遠之時，便擺布了香菱。」,外部节点不进主轴；二轮只证明内部原文是否有候选落点
EXT-WIKI-YEAR-0090,前八十回,十五年,十月,贾雨村没收石呆子古扇，贾赦打贾琏，香菱（18岁）学诗。,模糊待复核,二轮压缩后仍模糊,中弱,找到相近原文段，但可能是同名/同季节/同类事件误撞,48-007,48,平儿详说石呆子古扇案与贾琏因直言挨打,為這點子小事，弄得人坑家敗業，也不算什麼能為！,C048-A0007,TB-048-002,SC-048-007,EV-048-00154,44,贾琏 / 石呆 / 呆子 / 子古 / 古扇 / 石呆子古 / 呆子古扇,"names=贾琏;phrases=无;terms=石呆,呆子,子古,古扇,石呆子古,呆子古扇",平儿详说石呆子古扇案与贾琏因直言挨打 為這點子小事，弄得人坑家敗業，也不算什麼能為！,外部节点不进主轴；二轮只证明内部原文是否有候选落点
EXT-WIKI-YEAR-0092,前八十回,十五年,十月底,下雪，湘云芦雪庵烤鹿肉，平儿丢镯，贾母问薛宝琴的生辰八字。,模糊待复核,二轮压缩后仍模糊,中弱,找到相近原文段，但可能是同名/同季节/同类事件误撞,49-017,49,湘云宝玉平儿凤姐宝琴围炉烤鹿肉黛玉笑讥假清高,我們這會子腥膻大吃大嚼，回來卻是錦心繡口。,C049-A0017,TB-049-002,SC-049-017,EV-049-00159,36,平儿 / 湘云 / 烤鹿 / 鹿肉 / 宝琴,"names=平儿;phrases=无;terms=湘云,烤鹿,鹿肉,宝琴",湘云宝玉平儿凤姐宝琴围炉烤鹿肉黛玉笑讥假清高 我們這會子腥膻大吃大嚼，回來卻是錦心繡口。,外部节点不进主轴；二轮只证明内部原文是否有候选落点
EXT-WIKI-YEAR-0093,前八十回,十五年,十一月中,袭人母丧回家，晴雯着凉。,暂未设定,仍未设定,弱,二轮分数不足,64-003,64,晴雯戏说袭人面壁宝玉见众丫鬟赌子消夏,晴雯道：「襲人麽？越發道學了，獨自個在屋裡面壁呢。」,C064-A0003,TB-064-001,SC-064-003,EV-064-00227,20,袭人 / 晴雯,"names=袭人,晴雯;phrases=无;terms=无",晴雯戏说袭人面壁宝玉见众丫鬟赌子消夏 晴雯道：「襲人麽？越發道學了，獨自個在屋裡面壁呢。」,外部节点不进主轴；二轮只证明内部原文是否有候选落点
EXT-WIKI-YEAR-0094,前八十回,十五年,十一月中,晴雯撵 坠儿 ，补裘。,暂未设定,仍未设定,弱,二轮原文段搜索未找到可用内部落点,,,,,,,,,0,,,,外部节点不进主轴；二轮只证明内部原文是否有候选落点
EXT-WIKI-YEAR-0095,前八十回,十五年,腊月,贾雨村补授大司马，乌进孝宁府送年货。,模糊待复核,仍未设定,弱,二轮分数不足,03-001,3,贾雨村与张如圭相遇，得知起复消息,却说雨村忙回头看时，不是别人，乃是当日同僚一案参革的号张如圭者。他本系此地人，革后家居，今打听得都中奏准起复旧员之信，他便四下里寻情找门路，忽遇见雨村，故忙道喜。,C003-A0001,TB-003-001,SC-003-001,EV-003-00013,20,贾雨村 / 雨村,"names=贾雨村,雨村;phrases=无;terms=无",贾雨村与张如圭相遇，得知起复消息 却说雨村忙回头看时，不是别人，乃是当日同僚一案参革的号张如圭者。他本系此地人，革后家居，今打听得都中奏准起复旧员之信，他便四下里寻情找门路，忽遇见雨村，故忙道喜。,外部节点不进主轴；二轮只证明内部原文是否有候选落点
EXT-WIKI-YEAR-0096,前八十回,十五年,除夕,在宁府祭祖，出现贾蓉妻子。,暂未设定,仍未设定,弱,二轮分数不足,53-007,53,除夕朝贺后宁府宗祠隆重祭祖,將五間大廳，三間抱廈，內外廊檐，階上階下兩丹墀內，花團錦簇，塞的無一隙空地。,C053-A0007,TB-053-002,SC-053-007,EV-053-00174,24,除夕 / 宁府 / 祭祖,"names=无;phrases=无;terms=除夕,宁府,祭祖",除夕朝贺后宁府宗祠隆重祭祖 將五間大廳，三間抱廈，內外廊檐，階上階下兩丹墀內，花團錦簇，塞的無一隙空地。,外部节点不进主轴；二轮只证明内部原文是否有候选落点
EXT-WIKI-YEAR-0098,前八十回,十六年,正月十五后,太妃病，王熙凤小产。,模糊待复核,仍未设定,弱,二轮原文段搜索未找到可用内部落点,,,,,,,,,0,,,,外部节点不进主轴；二轮只证明内部原文是否有候选落点
EXT-WIKI-YEAR-0100,前八十回,十六年,二月,江南甄家家眷来访，贾宝玉梦 甄宝玉 。,模糊待复核,仍未设定,弱,二轮分数不足,96-009,96,贾政已知心不受用又知宝玉失玉神志愧愧；那年京察工部保列一等，二月吴部引见、皇上即放了江西粮道即日谢恩。,贾政京察保列一等即放江西粮道即日谢恩,C096-A0009,TB-096-001,SC-096-003,EV-096-00379,26,宝玉 / 二月,names=宝玉;phrases=无;terms=二月,贾政已知心不受用又知宝玉失玉神志愧愧；那年京察工部保列一等，二月吴部引见、皇上即放了江西粮道即日谢恩。 贾政京察保列一等即放江西粮道即日谢恩,外部节点不进主轴；二轮只证明内部原文是否有候选落点
EXT-WIKI-YEAR-0101,前八十回,十六年,二月,紫鹃 试宝玉。,模糊待复核,仍未设定,弱,二轮分数不足,96-009,96,贾政已知心不受用又知宝玉失玉神志愧愧；那年京察工部保列一等，二月吴部引见、皇上即放了江西粮道即日谢恩。,贾政京察保列一等即放江西粮道即日谢恩,C096-A0009,TB-096-001,SC-096-003,EV-096-00379,26,宝玉 / 二月,names=宝玉;phrases=无;terms=二月,贾政已知心不受用又知宝玉失玉神志愧愧；那年京察工部保列一等，二月吴部引见、皇上即放了江西粮道即日谢恩。 贾政京察保列一等即放江西粮道即日谢恩,外部节点不进主轴；二轮只证明内部原文是否有候选落点
EXT-WIKI-YEAR-0103,前八十回,十六年,二月,岫烟当衣。,暂未设定,仍未设定,弱,二轮原文段搜索未找到可用内部落点,,,,,,,,,0,,,,外部节点不进主轴；二轮只证明内部原文是否有候选落点
EXT-WIKI-YEAR-0104,前八十回,十六年,三月,“老”太妃薨，十二官解散。,暂未设定,仍未设定,弱,二轮原文段搜索未找到可用内部落点,,,,,,,,,0,,,,外部节点不进主轴；二轮只证明内部原文是否有候选落点
EXT-WIKI-YEAR-0105,前八十回,十六年,清明,宝玉未痊愈，走路拄杖，藕官祭菂官，芳官吹汤。,模糊待复核,仍未设定,弱,二轮分数不足,58-018,58,芳官道出藕官祭菂官旧情并解释与蕊官续缘之理,說他自己是小生，菂官是小旦，常做夫妻。,C058-A0018,TB-058-003,SC-058-018,EV-058-00200,28,藕官 / 官祭 / 祭菂 / 菂官 / 芳官 / 藕官祭菂 / 官祭菂官,"names=无;phrases=无;terms=藕官,官祭,祭菂,菂官,芳官,藕官祭菂,官祭菂官",芳官道出藕官祭菂官旧情并解释与蕊官续缘之理 說他自己是小生，菂官是小旦，常做夫妻。,外部节点不进主轴；二轮只证明内部原文是否有候选落点
EXT-WIKI-YEAR-0106,前八十回,十六年,四月,平儿修理春燕娘。,模糊待复核,仍未设定,弱,二轮原文段搜索未找到可用内部落点,,,,,,,,,0,,,,外部节点不进主轴；二轮只证明内部原文是否有候选落点
EXT-WIKI-YEAR-0107,前八十回,十六年,四月,司棋 砸厨房。,暂未设定,二轮可候选,中,原文段命中较集中，可作为候选；不能直接设主轴,61-004,61,司棋砸厨房后五儿托小燕转赠芳官茯苓霜,五兒便將茯苓霜遞與了小燕……「我得了些送他的。」,C061-A0004,TB-061-001,SC-061-004,EV-061-00212,54,司棋砸厨房 / 司棋 / 棋砸 / 砸厨 / 厨房 / 司棋砸厨 / 棋砸厨房,"names=无;phrases=司棋砸厨房;terms=司棋,棋砸,砸厨,厨房,司棋砸厨,棋砸厨房",司棋砸厨房后五儿托小燕转赠芳官茯苓霜 五兒便將茯苓霜遞與了小燕……「我得了些送他的。」,外部节点不进主轴；二轮只证明内部原文是否有候选落点
EXT-WIKI-YEAR-0108,前八十回,十六年,四月,平儿安抚玫瑰露事件，贾环误会彩云。,模糊待复核,仍未设定,弱,二轮原文段搜索未找到可用内部落点,,,,,,,,,0,,,,外部节点不进主轴；二轮只证明内部原文是否有候选落点
EXT-WIKI-YEAR-0110,前八十回,十六年,四月二十七,宝玉发现“槛外人妙玉恭肃遥叩芳辰”贴，贾敬吃丹砂而死。,暂未设定,仍未设定,弱,二轮分数不足,63-007,63,妙玉寄帖宝玉求教岫烟得知檻外人缘故,如今他自稱『檻外之人』，是自謂蹈于鐵檻之外了。,C063-A0007,TB-063-002,SC-063-007,EV-063-00224,24,宝玉 / 妙玉 / 外人,"names=宝玉,妙玉;phrases=无;terms=外人",妙玉寄帖宝玉求教岫烟得知檻外人缘故 如今他自稱『檻外之人』，是自謂蹈于鐵檻之外了。,外部节点不进主轴；二轮只证明内部原文是否有候选落点
EXT-WIKI-YEAR-0111,前八十回,十六年,五月初四,贾敬灵柩进城。,暂未设定,二轮可候选,中,原文段命中较集中，可作为候选；不能直接设主轴,64-001,64,贾敬灵柩进城宁府停灵贾珍贾蓉居丧仍与小姨子厮混,賈珍賈蓉此時爲禮法所拘，不免在靈傍藉草枕塊……人散後，仍乘空尋他小姨子們厮混。,C064-A0001,TB-064-001,SC-064-001,EV-064-00227,62,贾敬灵柩进城 / 贾敬 / 敬灵 / 灵柩 / 柩进 / 进城 / 贾敬灵柩 / 敬灵柩进 / 灵柩进城,"names=无;phrases=贾敬灵柩进城;terms=贾敬,敬灵,灵柩,柩进,进城,贾敬灵柩,敬灵柩进,灵柩进城",贾敬灵柩进城宁府停灵贾珍贾蓉居丧仍与小姨子厮混 賈珍賈蓉此時爲禮法所拘，不免在靈傍藉草枕塊……人散後，仍乘空尋他小姨子們厮混。,外部节点不进主轴；二轮只证明内部原文是否有候选落点
EXT-WIKI-YEAR-0112,前八十回,十六年,七月初,黛玉祭五美。,暂未设定,仍未设定,弱,二轮原文段搜索未找到可用内部落点,,,,,,,,,0,,,,外部节点不进主轴；二轮只证明内部原文是否有候选落点
EXT-WIKI-YEAR-0113,前八十回,十六年,六月初三,贾琏（29岁）偷娶 尤二姐 （不到24岁 ，或19岁 ）。,模糊待复核,仍未设定,弱,二轮分数不足,70-001,70,贾琏梨香院伴宿七日，尤二姐就三姐之上破土埋葬,話說賈璉自在梨香院伴宿七日夜……賈璉無法，只得又和時覺說了，就在尤三姐之上點了一個穴，破土埋葬。,C070-A0001,TB-070-001,SC-070-001,EV-070-00265,20,贾琏 / 尤二姐,"names=贾琏,尤二姐;phrases=无;terms=无",贾琏梨香院伴宿七日，尤二姐就三姐之上破土埋葬 話說賈璉自在梨香院伴宿七日夜……賈璉無法，只得又和時覺說了，就在尤三姐之上點了一個穴，破土埋葬。,外部节点不进主轴；二轮只证明内部原文是否有候选落点
EXT-WIKI-YEAR-0114,前八十回,十六年,七月,贾琏一赴平安州见节度，路上遇薛蟠柳湘莲，为三姐订亲。,模糊待复核,二轮压缩后仍模糊,中弱,找到相近原文段，但可能是同名/同季节/同类事件误撞,47-007,47,赖大家宴上薛蟠错认柳湘莲为风月子弟,不免錯會了意，誤認他作了風月子弟。,C047-A0007,TB-047-001,SC-047-007,EV-047-00149,36,薛蟠 / 柳湘 / 湘莲 / 莲为 / 柳湘莲为,"names=薛蟠;phrases=无;terms=柳湘,湘莲,莲为,柳湘莲为",赖大家宴上薛蟠错认柳湘莲为风月子弟 不免錯會了意，誤認他作了風月子弟。,外部节点不进主轴；二轮只证明内部原文是否有候选落点
EXT-WIKI-YEAR-0115,前八十回,十六年,八月底,尤三姐 自刎。,模糊待复核,仍未设定,弱,二轮原文段搜索未找到可用内部落点,,,,,,,,,0,,,,外部节点不进主轴；二轮只证明内部原文是否有候选落点
EXT-WIKI-YEAR-0116,前八十回,十六年,十月初,贾琏二赴平安州。,暂未设定,仍未设定,弱,二轮分数不足,66-005,66,隆儿来报贾琏奉命往平安州远差,老爺有事，是件機宻大事，要遣二爺徃平安州去。,C066-A0005,TB-066-001,SC-066-005,EV-066-00239,18,贾琏 / 平安 / 安州,"names=贾琏;phrases=无;terms=平安,安州",隆儿来报贾琏奉命往平安州远差 老爺有事，是件機宻大事，要遣二爺徃平安州去。,外部节点不进主轴；二轮只证明内部原文是否有候选落点
EXT-WIKI-YEAR-0117,前八十回,十六年,十月十五,王熙凤接尤二姐入贾府。,模糊待复核,仍未设定,弱,二轮原文段搜索未找到可用内部落点,,,,,,,,,0,,,,外部节点不进主轴；二轮只证明内部原文是否有候选落点
EXT-WIKI-YEAR-0118,前八十回,十六年,十月底,王熙凤闹宁府。,模糊待复核,仍未设定,弱,二轮原文段搜索未找到可用内部落点,,,,,,,,,0,,,,外部节点不进主轴；二轮只证明内部原文是否有候选落点
EXT-WIKI-YEAR-0119,前八十回,十六年,十一月中,贾琏回，娶秋桐为妾，秋桐属兔，17岁。当年为羊年，红楼一年为龙年。,模糊待复核,二轮压缩后仍模糊,中弱,找到相近原文段，但可能是同名/同季节/同类事件误撞,69-006,69,贾琏回京，贾赦赏银并赏秋桐为妾,賈赦十分歡喜，說他中用，賞了他一百兩銀子，又將房中一個十七歲的丫鬟名喚秋桐者，賞他為妾。賈璉叩頭領去。,C069-A0006,TB-069-001,SC-069-006,EV-069-00259,36,贾琏 / 秋桐 / 桐为 / 为妾 / 秋桐为妾,"names=贾琏;phrases=无;terms=秋桐,桐为,为妾,秋桐为妾",贾琏回京，贾赦赏银并赏秋桐为妾 賈赦十分歡喜，說他中用，賞了他一百兩銀子，又將房中一個十七歲的丫鬟名喚秋桐者，賞他為妾。賈璉叩頭領去。,外部节点不进主轴；二轮只证明内部原文是否有候选落点
EXT-WIKI-YEAR-0120,前八十回,十六年,十二月底,尤二姐吞金。,暂未设定,仍未设定,弱,二轮原文段搜索未找到可用内部落点,,,,,,,,,0,,,,外部节点不进主轴；二轮只证明内部原文是否有候选落点
EXT-WIKI-YEAR-0121,前八十回,十七年,三月初一,黛玉做《桃花行》，重建诗社，湘云建议改名桃花社 。,模糊待复核,仍未设定,弱,二轮分数不足,70-007,70,宝玉潸泪，与宝琴辩《桃花行》作者,寶玉一壁走，一壁看那紙上寫著《桃花行》一篇……寶玉看了並不稱贊，卻滾下淚來。便知出自黛玉。,C070-A0007,TB-070-002,SC-070-007,EV-070-00267,18,黛玉 / 桃花 / 花行,"names=黛玉;phrases=无;terms=桃花,花行",宝玉潸泪，与宝琴辩《桃花行》作者 寶玉一壁走，一壁看那紙上寫著《桃花行》一篇……寶玉看了並不稱贊，卻滾下淚來。便知出自黛玉。,外部节点不进主轴；二轮只证明内部原文是否有候选落点
EXT-WIKI-YEAR-0122,前八十回,十七年,三月初三,探春生日。,模糊待复核,仍未设定,弱,二轮原文段搜索未找到可用内部落点,,,,,,,,,0,,,,外部节点不进主轴；二轮只证明内部原文是否有候选落点
EXT-WIKI-YEAR-0123,前八十回,十七年,三月下旬,宝玉应付功课。,暂未设定,仍未设定,弱,二轮原文段搜索未找到可用内部落点,,,,,,,,,0,,,,外部节点不进主轴；二轮只证明内部原文是否有候选落点
EXT-WIKI-YEAR-0124,前八十回,十七年,三月下旬,史湘云填《柳絮词》。,模糊待复核,仍未设定,弱,二轮原文段搜索未找到可用内部落点,,,,,,,,,0,,,,外部节点不进主轴；二轮只证明内部原文是否有候选落点
EXT-WIKI-YEAR-0125,前八十回,十七年,三月下旬,众钗大观园潇湘馆外放风筝。,模糊待复核,仍未设定,弱,二轮原文段搜索未找到可用内部落点,,,,,,,,,0,,,,外部节点不进主轴；二轮只证明内部原文是否有候选落点
EXT-WIKI-YEAR-0127,前八十回,十七年,七月,贾政回京休假。,模糊待复核,仍未设定,弱,二轮分数不足,70-011,70,黛玉探春宝钗紫鹃湘云宝琴代临字；贾政因海啸奏看赈济延期至七月底,探春寶釵等都笑說：「……字卻替得的。我們每人每日臨一篇給他……」……奉旨就著賈政順路查看賑濟回來。如此算去，至冬底方回。,C070-A0011,TB-070-003,SC-070-011,EV-070-00269,20,七月 / 贾政,"names=无;phrases=无;terms=七月,贾政",黛玉探春宝钗紫鹃湘云宝琴代临字；贾政因海啸奏看赈济延期至七月底 探春寶釵等都笑說：「……字卻替得的。我們每人每日臨一篇給他……」……奉旨就著賈政順路查看賑濟回來。如此算去，至冬底方回。,外部节点不进主轴；二轮只证明内部原文是否有候选落点
EXT-WIKI-YEAR-0129,前八十回,十七年,八月初三,贾母（80岁）生日。,暂未设定,仍未设定,弱,二轮原文段搜索未找到可用内部落点,,,,,,,,,0,,,,外部节点不进主轴；二轮只证明内部原文是否有候选落点
EXT-WIKI-YEAR-0131,前八十回,十七年,八月初四,贾府家宴，邢夫人为两婆子求情。,模糊待复核,仍未设定,弱,二轮原文段搜索未找到可用内部落点,,,,,,,,,0,,,,外部节点不进主轴；二轮只证明内部原文是否有候选落点
EXT-WIKI-YEAR-0132,前八十回,十七年,八月初四,鸳鸯看见司棋与人相会。,模糊待复核,二轮压缩后仍模糊,中弱,找到相近原文段，但可能是同名/同季节/同类事件误撞,71-024,71,鸳鸯归途大桂树下无意撞见司棋与姑舅兄弟潘又安私会,我们的性命，都在姐姐身上，只求姐姐超生我们罢,C071-A0024,TB-071-003,SC-071-016,EV-071-00276,36,鸳鸯 / 见司 / 司棋 / 棋与 / 见司棋与,"names=鸳鸯;phrases=无;terms=见司,司棋,棋与,见司棋与",鸳鸯归途大桂树下无意撞见司棋与姑舅兄弟潘又安私会 我们的性命，都在姐姐身上，只求姐姐超生我们罢,外部节点不进主轴；二轮只证明内部原文是否有候选落点
EXT-WIKI-YEAR-0133,前八十回,十七年,八月初八,鸳鸯安慰司棋。,暂未设定,仍未设定,弱,二轮原文段搜索未找到可用内部落点,,,,,,,,,0,,,,外部节点不进主轴；二轮只证明内部原文是否有候选落点
EXT-WIKI-YEAR-0135,前八十回,十七年,八月初八,来旺家求凤姐说情娶彩霞为儿媳。,模糊待复核,仍未设定,弱,二轮原文段搜索未找到可用内部落点,,,,,,,,,0,,,,外部节点不进主轴；二轮只证明内部原文是否有候选落点
EXT-WIKI-YEAR-0137,前八十回,十七年,八月初九,探春告状。,模糊待复核,仍未设定,弱,二轮原文段搜索未找到可用内部落点,,,,,,,,,0,,,,外部节点不进主轴；二轮只证明内部原文是否有候选落点
EXT-WIKI-YEAR-0140,前八十回,十七年,八月十四,贾珍聚赌，尤氏将近40岁 。,暂未设定,仍未设定,弱,二轮原文段搜索未找到可用内部落点,,,,,,,,,0,,,,外部节点不进主轴；二轮只证明内部原文是否有候选落点
EXT-WIKI-YEAR-0142,前八十回,十七年,八月十七,王夫人撵晴雯，四儿，芳官。,暂未设定,仍未设定,弱,二轮原文段搜索未找到可用内部落点,,,,,,,,,0,,,,外部节点不进主轴；二轮只证明内部原文是否有候选落点
EXT-WIKI-YEAR-0144,前八十回,十七年,八月二十,贾政征林四娘诗，贾兰14岁 （13岁 ），贾环15岁 。宝玉做《芙蓉女儿诔》。,模糊待复核,二轮压缩后仍模糊,中弱,找到相近原文段，但可能是同名/同季节/同类事件误撞,78-033,78,宝玉作《芙蓉女儿诔》前序后歌：追思晴雯质洁神贵，叹谗口鸠鸩薋葹，责诐奴悍妇，寄高洁之志于芙蓉。,維太平不易之元……怡紅院濁玉……乃致祭於白帝宮中撫司秋艷芙蓉女兒之前曰：……憶女兒曩生之昔，其為質則金玉不足喻其貴……孰料鳩鴆惡其高……薋葹妒其臭……,C078-A0033,TB-078-003,SC-078-012,EV-078-00325,44,宝玉 / 芙蓉 / 蓉女 / 女儿 / 儿诔 / 芙蓉女儿 / 蓉女儿诔,"names=宝玉;phrases=无;terms=芙蓉,蓉女,女儿,儿诔,芙蓉女儿,蓉女儿诔",宝玉作《芙蓉女儿诔》前序后歌：追思晴雯质洁神贵，叹谗口鸠鸩薋葹，责诐奴悍妇，寄高洁之志于芙蓉。 維太平不易之元……怡紅院濁玉……乃致祭於白帝宮中撫司秋艷芙蓉女兒之前曰：……憶女兒曩生之昔，其為質則金玉不足喻其貴……孰料鳩鴆惡其高……薋葹妒其臭……,外部节点不进主轴；二轮只证明内部原文是否有候选落点
EXT-WIKI-YEAR-0146,前八十回,十七年,八月下旬,宝玉生病。,暂未设定,仍未设定,弱,二轮原文段搜索未找到可用内部落点,,,,,,,,,0,,,,外部节点不进主轴；二轮只证明内部原文是否有候选落点
EXT-WIKI-YEAR-0147,前八十回,十七年,九月,薛蟠（21岁）回来，娶 夏金桂 （17岁 ）。香菱19岁。,模糊待复核,仍未设定,弱,二轮分数不足,80-003,80,薛蟠得陇望蜀觊觎宝蟾·金桂设计疏远香菱,只因薛蟠天性是「得隴望蜀」的……又見寶蟾有三分姿色……金桂想著：「正要擺布香菱……如今且捨出寶蟾去與他……我且乘他疏遠之時，便擺布了香菱。」,C080-A0003,TB-080-001,SC-080-002,EV-080-00336,24,香菱 / 薛蟠 / 金桂,"names=香菱,薛蟠;phrases=无;terms=金桂",薛蟠得陇望蜀觊觎宝蟾·金桂设计疏远香菱 只因薛蟠天性是「得隴望蜀」的……又見寶蟾有三分姿色……金桂想著：「正要擺布香菱……如今且捨出寶蟾去與他……我且乘他疏遠之時，便擺布了香菱。」,外部节点不进主轴；二轮只证明内部原文是否有候选落点
EXT-WIKI-YEAR-0149,前八十回,十七年,九月,迎春回门。,模糊待复核,仍未设定,弱,二轮原文段搜索未找到可用内部落点,,,,,,,,,0,,,,外部节点不进主轴；二轮只证明内部原文是否有候选落点
EXT-WIKI-YEAR-0150,后四十回,十七年,九月,四美钓鱼。,暂未设定,二轮压缩后仍模糊,中弱,找到相近原文段，但可能是同名/同季节/同类事件误撞,81-009,81,宝玉游园见萧疏空院，远听四美钓鱼,但見蕭踈景象，人去房空。又来至𧄇蕪院，更是香草依然，門𥦗掩閉。,C081-A0009,TB-081-001,SC-081-004,EV-081-00341,46,四美钓鱼 / 四美 / 美钓 / 钓鱼 / 四美钓鱼,"names=无;phrases=四美钓鱼;terms=四美,美钓,钓鱼,四美钓鱼",宝玉游园见萧疏空院，远听四美钓鱼 但見蕭踈景象，人去房空。又来至𧄇蕪院，更是香草依然，門𥦗掩閉。,外部节点不进主轴；二轮只证明内部原文是否有候选落点
EXT-WIKI-YEAR-0151,后四十回,十七年,九月,宝玉再入家塾。,暂未设定,仍未设定,弱,二轮分数不足,14-014,14,秦钟议牌，宝玉闹牌，昭儿来报林如海已逝,林姑老爷是九月初三日巳时没的。,C014-A0014,TB-014-002,SC-014-006,EV-014-00040,26,宝玉 / 九月,names=宝玉;phrases=无;terms=九月,秦钟议牌，宝玉闹牌，昭儿来报林如海已逝 林姑老爷是九月初三日巳时没的。,外部节点不进主轴；二轮只证明内部原文是否有候选落点
EXT-WIKI-YEAR-0152,后四十回,十七年,九月,黛玉惊梦，元春染恙。,模糊待复核,仍未设定,弱,二轮分数不足,02-031,2,四春、贾敏、黛玉与王熙凤关系线展开·雨村子兴谈毕欲归城，喜信引入下回。,政老爹的长女，名元春……谁知自娶了他令夫人之后，倒上下无一人不称颂他夫人的。,C002-A0031,TB-002-003,SC-002-015,EV-002-00012,20,黛玉 / 元春,"names=黛玉,元春;phrases=无;terms=无",四春、贾敏、黛玉与王熙凤关系线展开·雨村子兴谈毕欲归城，喜信引入下回。 政老爹的长女，名元春……谁知自娶了他令夫人之后，倒上下无一人不称颂他夫人的。,外部节点不进主轴；二轮只证明内部原文是否有候选落点
EXT-WIKI-YEAR-0153,后四十回,十七年,九月,贾环摔药。,暂未设定,仍未设定,弱,二轮原文段搜索未找到可用内部落点,,,,,,,,,0,,,,外部节点不进主轴；二轮只证明内部原文是否有候选落点
EXT-WIKI-YEAR-0154,后四十回,十七年,九月,北静王生日。,暂未设定,仍未设定,弱,二轮原文段搜索未找到可用内部落点,,,,,,,,,0,,,,外部节点不进主轴；二轮只证明内部原文是否有候选落点
EXT-WIKI-YEAR-0155,后四十回,十七年,九月（或二月十二 ）,贾政 升郎中，贾府摆堂会，林黛玉过生日 。,模糊待复核,仍未设定,弱,二轮分数不足,79-001,79,宝玉祭毕晴雯闻花影有声，见黛玉笑议诔文，引出“红绡帐里公子多情”一联。,話說寶玉祭完了晴雯，只聽花影中有人聲，倒唬了一跳。走出來細看，不是別人，卻是林黛玉……,C079-A0001,TB-079-001,SC-079-001,EV-079-00326,20,林黛玉 / 黛玉,"names=林黛玉,黛玉;phrases=无;terms=无",宝玉祭毕晴雯闻花影有声，见黛玉笑议诔文，引出“红绡帐里公子多情”一联。 話說寶玉祭完了晴雯，只聽花影中有人聲，倒唬了一跳。走出來細看，不是別人，卻是林黛玉……,外部节点不进主轴；二轮只证明内部原文是否有候选落点
EXT-WIKI-YEAR-0156,后四十回,十七年,九月,薛蟠入狱。,模糊待复核,仍未设定,弱,二轮原文段搜索未找到可用内部落点,,,,,,,,,0,,,,外部节点不进主轴；二轮只证明内部原文是否有候选落点
EXT-WIKI-YEAR-0157,后四十回,十七年,九月,周贵妃薨。,暂未设定,仍未设定,弱,二轮原文段搜索未找到可用内部落点,,,,,,,,,0,,,,外部节点不进主轴；二轮只证明内部原文是否有候选落点
EXT-WIKI-YEAR-0159,后四十回,十七年,九月,宝钗转信黛玉祝贺生日。,模糊待复核,仍未设定,弱,二轮分数不足,87-001,87,宝钗念旧情写四章书寄黛玉起首,宝钗念旧情写四章书寄黛玉起首,C087-A0001,TB-087-001,SC-087-001,EV-087-00355,20,黛玉 / 宝钗,"names=黛玉,宝钗;phrases=无;terms=无",宝钗念旧情写四章书寄黛玉起首 宝钗念旧情写四章书寄黛玉起首,外部节点不进主轴；二轮只证明内部原文是否有候选落点
EXT-WIKI-YEAR-0161,后四十回,十七年,九月,黛玉看见儿时与宝玉吵架剪断的香袋。,模糊待复核,仍未设定,弱,二轮分数不足,14-014,14,秦钟议牌，宝玉闹牌，昭儿来报林如海已逝,林姑老爷是九月初三日巳时没的。,C014-A0014,TB-014-002,SC-014-006,EV-014-00040,26,宝玉 / 九月,names=宝玉;phrases=无;terms=九月,秦钟议牌，宝玉闹牌，昭儿来报林如海已逝 林姑老爷是九月初三日巳时没的。,外部节点不进主轴；二轮只证明内部原文是否有候选落点
EXT-WIKI-YEAR-0162,后四十回,十七年,九月,妙玉走火入魔。,暂未设定,二轮可候选,中强,原文段中同时命中人物和事件短语，可作为内部证据候选；仍需人工回原文确认,87-027,87,妙玉走火入魔被道婆救护,妙玉走火入魔被道婆救护,C087-A0027,TB-087-002,SC-087-007,EV-087-00356,86,妙玉 / 妙玉走火入魔 / 走火 / 火入 / 入魔 / 走火入魔,"names=妙玉;phrases=妙玉走火入魔;terms=走火,火入,入魔,走火入魔",妙玉走火入魔被道婆救护 妙玉走火入魔被道婆救护,外部节点不进主轴；二轮只证明内部原文是否有候选落点
EXT-WIKI-YEAR-0163,后四十回,十七年,十月中旬,雪雁告诉紫鹃听人说宝玉定亲了。,模糊待复核,仍未设定,弱,二轮分数不足,89-017,89,雪雁密告紫鹃·宝玉定了亲·知府家王大爷做媒·东府亲戚一说就成,宝玉定了亲了！,C089-A0017,TB-089-001,SC-089-006,EV-089-00360,32,宝玉 / 雪雁 / 紫鹃 / 亲了,"names=宝玉;phrases=无;terms=雪雁,紫鹃,亲了",雪雁密告紫鹃·宝玉定了亲·知府家王大爷做媒·东府亲戚一说就成 宝玉定了亲了！,外部节点不进主轴；二轮只证明内部原文是否有候选落点
EXT-WIKI-YEAR-0164,后四十回,十七年,十一月初一,巧姐读《女孝经》。,模糊待复核,二轮压缩后仍模糊,中弱,找到相近原文段，但可能是同名/同季节/同类事件误撞,92-011,92,巧姐报学业进度：三千字·女孝经·刚上列女传。,巧姐报学业：三千字·女孝经·列女传,C092-A0011,TB-092-001,SC-092-003,EV-092-00368,44,巧姐 / 十一月初一 / 女孝 / 孝经,"names=巧姐;phrases=无;terms=十一月初一,女孝,孝经",巧姐报学业进度：三千字·女孝经·刚上列女传。 巧姐报学业：三千字·女孝经·列女传,外部节点不进主轴；二轮只证明内部原文是否有候选落点
EXT-WIKI-YEAR-0165,后四十回,十七年,十一月初一,冯紫英卖母珠。,暂未设定,仍未设定,弱,二轮分数不足,92-029,92,贾政与詹光对弈将终，馮紫英至观局。,贾政与詹光对弈将终·冯紫英至观局,C092-A0029,TB-092-002,SC-092-007,EV-092-00369,24,十一月初一 / 冯紫 / 紫英,"names=无;phrases=无;terms=十一月初一,冯紫,紫英",贾政与詹光对弈将终，馮紫英至观局。 贾政与詹光对弈将终·冯紫英至观局,外部节点不进主轴；二轮只证明内部原文是否有候选落点
EXT-WIKI-YEAR-0166,后四十回,十七年,十一月,包勇 投奔贾府。,暂未设定,仍未设定,弱,二轮分数不足,92-008,92,宝玉心系宝钕，一夜无话次日早起请安后直奔贾母房。,宝玉心系宝钗·早起请安奔贾母房,C092-A0008,TB-092-001,SC-092-002,EV-092-00368,20,十一月 / 奔贾,"names=无;phrases=无;terms=十一月,奔贾",宝玉心系宝钕，一夜无话次日早起请安后直奔贾母房。 宝玉心系宝钗·早起请安奔贾母房,外部节点不进主轴；二轮只证明内部原文是否有候选落点
EXT-WIKI-YEAR-0167,后四十回,十七年,十一月,匿名帖揭发水月庵 贾芹 丑闻。,暂未设定,仍未设定,弱,二轮原文段搜索未找到可用内部落点,,,,,,,,,0,,,,外部节点不进主轴；二轮只证明内部原文是否有候选落点
EXT-WIKI-YEAR-0168,后四十回,十七年,十一月,海棠开花。,暂未设定,仍未设定,弱,二轮原文段搜索未找到可用内部落点,,,,,,,,,0,,,,外部节点不进主轴；二轮只证明内部原文是否有候选落点
EXT-WIKI-YEAR-0169,后四十回,十七年,十一月,宝玉失玉。,暂未设定,二轮可候选,中,原文段命中较集中，可作为候选；不能直接设主轴,96-009,96,贾政已知心不受用又知宝玉失玉神志愧愧；那年京察工部保列一等，二月吴部引见、皇上即放了江西粮道即日谢恩。,贾政京察保列一等即放江西粮道即日谢恩,C096-A0009,TB-096-001,SC-096-003,EV-096-00379,64,宝玉 / 宝玉失玉 / 失玉,names=宝玉;phrases=宝玉失玉;terms=失玉,贾政已知心不受用又知宝玉失玉神志愧愧；那年京察工部保列一等，二月吴部引见、皇上即放了江西粮道即日谢恩。 贾政京察保列一等即放江西粮道即日谢恩,外部节点不进主轴；二轮只证明内部原文是否有候选落点
EXT-WIKI-YEAR-0170,后四十回,十七年,十二月十九,元春薨，43岁 （33岁 ）。,模糊待复核,仍未设定,弱,二轮原文段搜索未找到可用内部落点,,,,,,,,,0,,,,外部节点不进主轴；二轮只证明内部原文是否有候选落点
EXT-WIKI-YEAR-0171,后四十回,十八年,正月十五或十六,王子腾 回京途中暴病而亡。,模糊待复核,仍未设定,弱,二轮原文段搜索未找到可用内部落点,,,,,,,,,0,,,,外部节点不进主轴；二轮只证明内部原文是否有候选落点
EXT-WIKI-YEAR-0173,后四十回,十八年,二月,黛玉焚稿。,暂未设定,仍未设定,弱,二轮原文段搜索未找到可用内部落点,,,,,,,,,0,,,,外部节点不进主轴；二轮只证明内部原文是否有候选落点
EXT-WIKI-YEAR-0174,后四十回,十八年,二月,薛宝钗（20岁）嫁宝玉。,暂未设定,仍未设定,弱,二轮分数不足,96-009,96,贾政已知心不受用又知宝玉失玉神志愧愧；那年京察工部保列一等，二月吴部引见、皇上即放了江西粮道即日谢恩。,贾政京察保列一等即放江西粮道即日谢恩,C096-A0009,TB-096-001,SC-096-003,EV-096-00379,26,宝玉 / 二月,names=宝玉;phrases=无;terms=二月,贾政已知心不受用又知宝玉失玉神志愧愧；那年京察工部保列一等，二月吴部引见、皇上即放了江西粮道即日谢恩。 贾政京察保列一等即放江西粮道即日谢恩,外部节点不进主轴；二轮只证明内部原文是否有候选落点
EXT-WIKI-YEAR-0175,后四十回,十八年,二月,林黛玉（17岁）死。,暂未设定,仍未设定,弱,二轮分数不足,79-001,79,宝玉祭毕晴雯闻花影有声，见黛玉笑议诔文，引出“红绡帐里公子多情”一联。,話說寶玉祭完了晴雯，只聽花影中有人聲，倒唬了一跳。走出來細看，不是別人，卻是林黛玉……,C079-A0001,TB-079-001,SC-079-001,EV-079-00326,20,林黛玉 / 黛玉,"names=林黛玉,黛玉;phrases=无;terms=无",宝玉祭毕晴雯闻花影有声，见黛玉笑议诔文，引出“红绡帐里公子多情”一联。 話說寶玉祭完了晴雯，只聽花影中有人聲，倒唬了一跳。走出來細看，不是別人，卻是林黛玉……,外部节点不进主轴；二轮只证明内部原文是否有候选落点
EXT-WIKI-YEAR-0176,后四十回,十八年,秋,王熙凤大观园遇秦可卿幻影，29岁（25岁 ）。,模糊待复核,仍未设定,弱,二轮分数不足,13-002,13,秦可卿死讯传出，贾府合家悲悼纳罕,合家皆知，无不纳罕，都有些疑心,C013-A0002,TB-013-001,SC-013-001,EV-013-00037,20,秦可卿 / 可卿,"names=秦可卿,可卿;phrases=无;terms=无",秦可卿死讯传出，贾府合家悲悼纳罕 合家皆知，无不纳罕，都有些疑心,外部节点不进主轴；二轮只证明内部原文是否有候选落点
EXT-WIKI-YEAR-0179,后四十回,十八年,秋,尤氏怪病。,暂未设定,仍未设定,弱,二轮分数不足,69-013,69,凤姐烧香祷告作态；算命属兔冲犯；秋桐哭骂反射,鳳姐比賈璉更急十倍……自己通陳禱告說：「我或有病，只求尤氏妹子身體大愈……我願吃長齋念佛。」……偏算命的回來又說：「系屬兔的陰人沖犯。」,C069-A0013,TB-069-003,SC-069-013,EV-069-00263,20,秋 / 尤氏,"names=无;phrases=无;terms=秋,尤氏",凤姐烧香祷告作态；算命属兔冲犯；秋桐哭骂反射 鳳姐比賈璉更急十倍……自己通陳禱告說：「我或有病，只求尤氏妹子身體大愈……我願吃長齋念佛。」……偏算命的回來又說：「系屬兔的陰人沖犯。」,外部节点不进主轴；二轮只证明内部原文是否有候选落点
EXT-WIKI-YEAR-0181,后四十回,十九年,正月,贾政被参回京。,模糊待复核,仍未设定,弱,二轮分数不足,95-022,95,贾琏进来请安嘻嘻的笑说今日听得军机贾雨村打发人来告诉二老爷说舅太爷升了内阁大学士奉旨来京已定明年正月二十日宣麻；王夫人听说便欢喜非常，正想娘家人少薛姨妈家衰败兄弟又在外任照应不着今日忽听兄弟拜相回京王家荣耀将来宝玉都有倚靠，便把失玉的心又略放开些天天专望兄弟来京。,贾琏报舅太爷王子腾拜相来京定明年正月宣麻,C095-A0022,TB-095-001,SC-095-005,EV-095-00377,20,正月 / 回京,"names=无;phrases=无;terms=正月,回京",贾琏进来请安嘻嘻的笑说今日听得军机贾雨村打发人来告诉二老爷说舅太爷升了内阁大学士奉旨来京已定明年正月二十日宣麻；王夫人听说便欢喜非常，正想娘家人少薛姨妈家衰败兄弟又在外任照应不着今日忽听兄弟拜相回京王家荣耀将来宝玉都有倚靠，便把失玉的心又略放开些天天专望兄弟来京。 贾琏报舅太爷王子腾拜相来京定明年正月宣麻,外部节点不进主轴；二轮只证明内部原文是否有候选落点
EXT-WIKI-YEAR-0182,后四十回,十九年,正月十五,查抄宁荣二府。,暂未设定,仍未设定,弱,二轮原文段搜索未找到可用内部落点,,,,,,,,,0,,,,外部节点不进主轴；二轮只证明内部原文是否有候选落点
EXT-WIKI-YEAR-0183,后四十回,十九年,正月,湘云（18岁）出嫁。,模糊待复核,二轮压缩后仍模糊,中弱,找到相近原文段，但可能是同名/同季节/同类事件误撞,108-005,108,湘雲出嫁回門請安,湘云出嫁回门请安,C108-A0005,TB-108-001,SC-108-002,EV-108-00429,46,湘云出嫁 / 湘云 / 云出 / 出嫁 / 湘云出嫁,"names=无;phrases=湘云出嫁;terms=湘云,云出,出嫁,湘云出嫁",湘雲出嫁回門請安 湘云出嫁回门请安,外部节点不进主轴；二轮只证明内部原文是否有候选落点
EXT-WIKI-YEAR-0184,后四十回,十九年,正月十九,湘云回门看望贾母。,模糊待复核,仍未设定,弱,二轮原文段搜索未找到可用内部落点,,,,,,,,,0,,,,外部节点不进主轴；二轮只证明内部原文是否有候选落点
EXT-WIKI-YEAR-0185,后四十回,十九年,正月二十,迎春回。,模糊待复核,仍未设定,弱,二轮原文段搜索未找到可用内部落点,,,,,,,,,0,,,,外部节点不进主轴；二轮只证明内部原文是否有候选落点
EXT-WIKI-YEAR-0187,后四十回,十九年,正月底,宝玉错把五儿当晴雯。,模糊待复核,仍未设定,弱,二轮分数不足,109-007,109,寶玉見五兒如晴雯,宝玉见五儿如晴雯,C109-A0007,TB-109-001,SC-109-004,EV-109-00433,24,宝玉 / 晴雯 / 五儿,"names=宝玉,晴雯;phrases=无;terms=五儿",寶玉見五兒如晴雯 宝玉见五儿如晴雯,外部节点不进主轴；二轮只证明内部原文是否有候选落点
EXT-WIKI-YEAR-0188,后四十回,十九年,正月底,迎春去世。,模糊待复核,仍未设定,弱,二轮原文段搜索未找到可用内部落点,,,,,,,,,0,,,,外部节点不进主轴；二轮只证明内部原文是否有候选落点
EXT-WIKI-YEAR-0189,后四十回,十九年,二月,史湘云丈夫暴病。,模糊待复核,仍未设定,弱,二轮原文段搜索未找到可用内部落点,,,,,,,,,0,,,,外部节点不进主轴；二轮只证明内部原文是否有候选落点
EXT-WIKI-YEAR-0190,后四十回,十九年,二月,贾母83岁 去世 ，鸳鸯（24岁）悬梁自尽。,模糊待复核,二轮压缩后仍模糊,中弱,找到相近原文段，但可能是同名/同季节/同类事件误撞,111-011,111,鸳鸯悬梁自尽,鸳鸯悬梁自尽,C111-A0011,TB-111-001,SC-111-006,EV-111-00440,36,鸳鸯 / 悬梁 / 梁自 / 自尽 / 悬梁自尽,"names=鸳鸯;phrases=无;terms=悬梁,梁自,自尽,悬梁自尽",鸳鸯悬梁自尽 鸳鸯悬梁自尽,外部节点不进主轴；二轮只证明内部原文是否有候选落点
EXT-WIKI-YEAR-0191,后四十回,十九年,三月,赵姨娘抽风死。,暂未设定,仍未设定,弱,二轮原文段搜索未找到可用内部落点,,,,,,,,,0,,,,外部节点不进主轴；二轮只证明内部原文是否有候选落点
EXT-WIKI-YEAR-0192,后四十回,十九年,四月,刘姥姥三进荣国府，王熙凤把巧姐托付刘姥姥。,模糊待复核,仍未设定,弱,二轮分数不足,113-012,113,113-12 巧姐来哭，向刘姥姥请安，提隔年蟈蟈儿旧事,巧姐来哭向刘姥姥请安提隔年蟈蟈儿旧事,C113-A0012,TB-113-001,SC-113-003,EV-113-00447,20,刘姥姥 / 巧姐,"names=刘姥姥,巧姐;phrases=无;terms=无",113-12 巧姐来哭，向刘姥姥请安，提隔年蟈蟈儿旧事 巧姐来哭向刘姥姥请安提隔年蟈蟈儿旧事,外部节点不进主轴；二轮只证明内部原文是否有候选落点
EXT-WIKI-YEAR-0193,后四十回,十九年,五月,王熙凤30岁（26岁）死。,暂未设定,仍未设定,弱,二轮原文段搜索未找到可用内部落点,,,,,,,,,0,,,,外部节点不进主轴；二轮只证明内部原文是否有候选落点
EXT-WIKI-YEAR-0194,后四十回,十九年,六月,江南甄老爷来访。,暂未设定,仍未设定,弱,二轮原文段搜索未找到可用内部落点,,,,,,,,,0,,,,外部节点不进主轴；二轮只证明内部原文是否有候选落点
EXT-WIKI-YEAR-0195,后四十回,十九年,七月,舅舅卖巧姐（13岁 ）。,暂未设定,仍未设定,弱,二轮原文段搜索未找到可用内部落点,,,,,,,,,0,,,,外部节点不进主轴；二轮只证明内部原文是否有候选落点
EXT-WIKI-YEAR-0196,后四十回,十九年,七月,惜春（17岁）剪发出家，紫鹃出家。,模糊待复核,仍未设定,弱,二轮分数不足,70-011,70,黛玉探春宝钗紫鹃湘云宝琴代临字；贾政因海啸奏看赈济延期至七月底,探春寶釵等都笑說：「……字卻替得的。我們每人每日臨一篇給他……」……奉旨就著賈政順路查看賑濟回來。如此算去，至冬底方回。,C070-A0011,TB-070-003,SC-070-011,EV-070-00269,20,七月 / 紫鹃,"names=无;phrases=无;terms=七月,紫鹃",黛玉探春宝钗紫鹃湘云宝琴代临字；贾政因海啸奏看赈济延期至七月底 探春寶釵等都笑說：「……字卻替得的。我們每人每日臨一篇給他……」……奉旨就著賈政順路查看賑濟回來。如此算去，至冬底方回。,外部节点不进主轴；二轮只证明内部原文是否有候选落点
EXT-WIKI-YEAR-0197,后四十回,十九年,七月,平儿（24岁）派车把巧姐送刘姥姥。,模糊待复核,仍未设定,弱,二轮分数不足,42-003,42,凤姐命平儿打点刘姥姥回程,你這空兒把送姥姥的東西打點了。,C042-A0003,TB-042-001,SC-042-003,EV-042-00129,24,刘姥姥 / 平儿 / 把送,"names=刘姥姥,平儿;phrases=无;terms=把送",凤姐命平儿打点刘姥姥回程 你這空兒把送姥姥的東西打點了。,外部节点不进主轴；二轮只证明内部原文是否有候选落点
EXT-WIKI-YEAR-0198,后四十回,十九年,八月初四,宝玉贾兰（16岁 ）入场科考。,暂未设定,仍未设定,弱,二轮原文段搜索未找到可用内部落点,,,,,,,,,0,,,,外部节点不进主轴；二轮只证明内部原文是否有候选落点
EXT-WIKI-YEAR-0199,后四十回,十九年,秋,宝玉（19歲 ）离家出走。,模糊待复核,仍未设定,弱,二轮分数不足,96-027,96,袭人决意「我再不把话说明那不是一害三个人了吗」待贾政出去呼秋纹看护宝玉便走到王夫人身旁惊请说话。,袭人决意不说明是一害三人·趁贾政出走到王夫人旁请话,C096-A0027,TB-096-001,SC-096-008,EV-096-00380,30,宝玉 / 秋 / 出走,"names=宝玉;phrases=无;terms=秋,出走",袭人决意「我再不把话说明那不是一害三个人了吗」待贾政出去呼秋纹看护宝玉便走到王夫人身旁惊请说话。 袭人决意不说明是一害三人·趁贾政出走到王夫人旁请话,外部节点不进主轴；二轮只证明内部原文是否有候选落点
EXT-WIKI-YEAR-0200,后四十回,十九年,冬,贾政毘陵驛遇宝玉。,模糊待复核,仍未设定,弱,二轮分数不足,70-011,70,黛玉探春宝钗紫鹃湘云宝琴代临字；贾政因海啸奏看赈济延期至七月底,探春寶釵等都笑說：「……字卻替得的。我們每人每日臨一篇給他……」……奉旨就著賈政順路查看賑濟回來。如此算去，至冬底方回。,C070-A0011,TB-070-003,SC-070-011,EV-070-00269,20,冬 / 贾政,"names=无;phrases=无;terms=冬,贾政",黛玉探春宝钗紫鹃湘云宝琴代临字；贾政因海啸奏看赈济延期至七月底 探春寶釵等都笑說：「……字卻替得的。我們每人每日臨一篇給他……」……奉旨就著賈政順路查看賑濟回來。如此算去，至冬底方回。,外部节点不进主轴；二轮只证明内部原文是否有候选落点
EXT-WIKI-YEAR-0201,后四十回,十九年,冬,袭人（21岁）出嫁， 香菱 难产而亡。,模糊待复核,仍未设定,弱,二轮分数不足,63-005,63,李纨湘云麝月香菱黛玉袭人依次抽签饮酒取笑,這一回熱鬧有趣。大家算來，香菱，晴雯，寶釵三人皆與他同庚。,C063-A0005,TB-063-001,SC-063-005,EV-063-00223,20,香菱 / 袭人,"names=香菱,袭人;phrases=无;terms=无",李纨湘云麝月香菱黛玉袭人依次抽签饮酒取笑 這一回熱鬧有趣。大家算來，香菱，晴雯，寶釵三人皆與他同庚。,外部节点不进主轴；二轮只证明内部原文是否有候选落点
