input_name,canonical_mapping_name,character_key,character_code,character_name,identity_label,aliases_raw,segment_mapping_count,normalization_action,source_table,review_flag
作者,作者,P-AUTHOR,P-AUTHOR,作者,叙述开篇自署者与全书题旨提出者,,1,already_canonical,characters + person_segment_edges,
顽石,顽石,P-STONE,P-STONE,顽石,女娲补天所遗、后幻化为通灵宝玉的石头,石头；通灵宝玉,4,already_canonical,characters + person_segment_edges,
石头,顽石,P-STONE,P-STONE,顽石,女娲补天所遗、后幻化为通灵宝玉的石头,石头；通灵宝玉,4,normalize_before_collect,characters + person_segment_edges,
通灵宝玉,顽石,P-STONE,P-STONE,顽石,女娲补天所遗、后幻化为通灵宝玉的石头,石头；通灵宝玉,4,normalize_before_collect,characters + person_segment_edges,
女娲氏,女娲氏,P0001,P0001,女娲氏,上古神祇,女娲,3,already_canonical,characters + person_segment_edges,
女娲,女娲氏,P0001,P0001,女娲氏,上古神祇,女娲,3,normalize_before_collect,characters + person_segment_edges,
茫茫大士,茫茫大士,P0002,P0002,茫茫大士,异僧,大士,6,already_canonical,characters + person_segment_edges,alias_ambiguous:P0002|P0170
大士,茫茫大士,P0002,P0002,茫茫大士,异僧,大士,6,normalize_before_collect,characters + person_segment_edges,
渺渺真人,渺渺真人,P0003,P0003,渺渺真人,异道,真人,5,already_canonical,characters + person_segment_edges,alias_ambiguous:P0003|P0171
真人,渺渺真人,P0003,P0003,渺渺真人,异道,真人,5,normalize_before_collect,characters + person_segment_edges,
空空道人,空空道人,P0004,P0004,空空道人,抄录《石头记》者,空空道人,5,already_canonical,characters + person_segment_edges,
甄士隐,甄士隐,P0005,P0005,甄士隐,姑苏乡宦,士隐；甄老爷,23,already_canonical,characters + person_segment_edges,
士隐,甄士隐,P0005,P0005,甄士隐,姑苏乡宦,士隐；甄老爷,23,normalize_before_collect,characters + person_segment_edges,
甄老爷,甄士隐,P0005,P0005,甄士隐,姑苏乡宦,士隐；甄老爷,23,normalize_before_collect,characters + person_segment_edges,
封氏,封氏,P0006,P0006,封氏,甄士隐之妻,封氏,5,already_canonical,characters + person_segment_edges,
神瑛侍者,神瑛侍者,P0007,P0007,神瑛侍者,赤瑕宫仙侍,神瑛侍者,1,already_canonical,characters + person_segment_edges,
绛珠仙子,绛珠仙子,P0008,P0008,绛珠仙子,仙界绛珠化身,绛珠；绛珠仙草,1,already_canonical,characters + person_segment_edges,
绛珠,绛珠仙子,P0008,P0008,绛珠仙子,仙界绛珠化身,绛珠；绛珠仙草,1,normalize_before_collect,characters + person_segment_edges,
绛珠仙草,绛珠仙子,P0008,P0008,绛珠仙子,仙界绛珠化身,绛珠；绛珠仙草,1,normalize_before_collect,characters + person_segment_edges,
贾雨村,贾雨村,P0009,P0009,贾雨村,穷儒出身的官员,雨村；贾化；时飞（字）；雨村先生（学生黛玉敬称）,59,already_canonical,characters + person_segment_edges,
雨村,贾雨村,P0009,P0009,贾雨村,穷儒出身的官员,雨村；贾化；时飞（字）；雨村先生（学生黛玉敬称）,59,normalize_before_collect,characters + person_segment_edges,
贾化,贾雨村,P0009,P0009,贾雨村,穷儒出身的官员,雨村；贾化；时飞（字）；雨村先生（学生黛玉敬称）,59,normalize_before_collect,characters + person_segment_edges,alias_ambiguous:P0009|P0351
时飞（字）,贾雨村,P0009,P0009,贾雨村,穷儒出身的官员,雨村；贾化；时飞（字）；雨村先生（学生黛玉敬称）,59,normalize_before_collect,characters + person_segment_edges,
雨村先生（学生黛玉敬称）,贾雨村,P0009,P0009,贾雨村,穷儒出身的官员,雨村；贾化；时飞（字）；雨村先生（学生黛玉敬称）,59,normalize_before_collect,characters + person_segment_edges,
娇杏,娇杏,P0010,P0010,娇杏,甄家丫鬟，后为贾雨村妾,娇杏,4,already_canonical,characters + person_segment_edges,
甄英莲,甄英莲（香菱）,P0011,P0011,甄英莲（香菱）,甄士隐之女,英莲；香菱,39,normalize_before_collect,characters + person_segment_edges,
甄英莲（香菱）,甄英莲（香菱）,P0011,P0011,甄英莲（香菱）,甄士隐之女,英莲；香菱,39,already_canonical,characters + person_segment_edges,
英莲,甄英莲（香菱）,P0011,P0011,甄英莲（香菱）,甄士隐之女,英莲；香菱,39,normalize_before_collect,characters + person_segment_edges,
香菱,甄英莲（香菱）,P0011,P0011,甄英莲（香菱）,甄士隐之女,英莲；香菱,39,normalize_before_collect,characters + person_segment_edges,
封肃,封肃,P0012,P0012,封肃,封氏之父,封肃,3,already_canonical,characters + person_segment_edges,
跛足道人,跛足道人,P0013,P0013,跛足道人,点化人物的异道者,道人；疯道人,6,already_canonical,characters + person_segment_edges,
道人,跛足道人,P0013,P0013,跛足道人,点化人物的异道者,道人；疯道人,6,normalize_before_collect,characters + person_segment_edges,
疯道人,跛足道人,P0013,P0013,跛足道人,点化人物的异道者,道人；疯道人,6,normalize_before_collect,characters + person_segment_edges,
林如海,林如海,P0014,P0014,林如海,巡盐御史，林黛玉之父,如海；林姑老爷,8,already_canonical,characters + person_segment_edges,
如海,林如海,P0014,P0014,林如海,巡盐御史，林黛玉之父,如海；林姑老爷,8,normalize_before_collect,characters + person_segment_edges,
林姑老爷,林如海,P0014,P0014,林如海,巡盐御史，林黛玉之父,如海；林姑老爷,8,normalize_before_collect,characters + person_segment_edges,
黛玉,林黛玉,P0015,P0015,林黛玉,林如海与贾敏之女,黛玉；林黛玉；林姑娘；林妹妹；颦儿；潇湘妃子；潇湘[空间],349,normalize_before_collect,characters + person_segment_edges,
林黛玉,林黛玉,P0015,P0015,林黛玉,林如海与贾敏之女,黛玉；林黛玉；林姑娘；林妹妹；颦儿；潇湘妃子；潇湘[空间],349,already_canonical,characters + person_segment_edges,
林姑娘,林黛玉,P0015,P0015,林黛玉,林如海与贾敏之女,黛玉；林黛玉；林姑娘；林妹妹；颦儿；潇湘妃子；潇湘[空间],349,normalize_before_collect,characters + person_segment_edges,
林妹妹,林黛玉,P0015,P0015,林黛玉,林如海与贾敏之女,黛玉；林黛玉；林姑娘；林妹妹；颦儿；潇湘妃子；潇湘[空间],349,normalize_before_collect,characters + person_segment_edges,
颦儿,林黛玉,P0015,P0015,林黛玉,林如海与贾敏之女,黛玉；林黛玉；林姑娘；林妹妹；颦儿；潇湘妃子；潇湘[空间],349,normalize_before_collect,characters + person_segment_edges,
潇湘妃子,林黛玉,P0015,P0015,林黛玉,林如海与贾敏之女,黛玉；林黛玉；林姑娘；林妹妹；颦儿；潇湘妃子；潇湘[空间],349,normalize_before_collect,characters + person_segment_edges,
潇湘[空间],林黛玉,P0015,P0015,林黛玉,林如海与贾敏之女,黛玉；林黛玉；林姑娘；林妹妹；颦儿；潇湘妃子；潇湘[空间],349,normalize_before_collect,characters + person_segment_edges,
贾氏,贾敏,P0016,P0016,贾敏,林如海之妻，林黛玉之母,贾氏；贾敏；贾氏夫人,3,normalize_before_collect,characters + person_segment_edges,
贾敏,贾敏,P0016,P0016,贾敏,林如海之妻，林黛玉之母,贾氏；贾敏；贾氏夫人,3,already_canonical,characters + person_segment_edges,
贾氏夫人,贾敏,P0016,P0016,贾敏,林如海之妻，林黛玉之母,贾氏；贾敏；贾氏夫人,3,normalize_before_collect,characters + person_segment_edges,
冷子兴,冷子兴,P0017,P0017,冷子兴,古董商,子兴,18,already_canonical,characters + person_segment_edges,
子兴,冷子兴,P0017,P0017,冷子兴,古董商,子兴,18,normalize_before_collect,characters + person_segment_edges,
贾代化,贾代化,P0018,P0018,贾代化,宁国府上一代承袭者,代化,1,already_canonical,characters + person_segment_edges,
代化,贾代化,P0018,P0018,贾代化,宁国府上一代承袭者,代化,1,normalize_before_collect,characters + person_segment_edges,
贾敬,贾敬,P0019,P0019,贾敬,宁国府上一代家长,敬老爷,2,already_canonical,characters + person_segment_edges,
敬老爷,贾敬,P0019,P0019,贾敬,宁国府上一代家长,敬老爷,2,normalize_before_collect,characters + person_segment_edges,
贾珍,贾珍,P0020,P0020,贾珍,宁国府当家,珍大爷,85,already_canonical,characters + person_segment_edges,
珍大爷,贾珍,P0020,P0020,贾珍,宁国府当家,珍大爷,85,normalize_before_collect,characters + person_segment_edges,
贾蓉,贾蓉,P0021,P0021,贾蓉,宁国府公子,蓉哥儿,38,already_canonical,characters + person_segment_edges,
蓉哥儿,贾蓉,P0021,P0021,贾蓉,宁国府公子,蓉哥儿,38,normalize_before_collect,characters + person_segment_edges,
贾代善,贾代善,P0022,P0022,贾代善,荣国府上一代承袭者,代善,1,already_canonical,characters + person_segment_edges,
代善,贾代善,P0022,P0022,贾代善,荣国府上一代承袭者,代善,1,normalize_before_collect,characters + person_segment_edges,
贾赦,贾赦,P0023,P0023,贾赦,荣国府长房家长,赦老爷；大老爷,34,already_canonical,characters + person_segment_edges,
赦老爷,贾赦,P0023,P0023,贾赦,荣国府长房家长,赦老爷；大老爷,34,normalize_before_collect,characters + person_segment_edges,
大老爷,贾赦,P0023,P0023,贾赦,荣国府长房家长,赦老爷；大老爷,34,normalize_before_collect,characters + person_segment_edges,
贾政,贾政,P0024,P0024,贾政,荣国府二老爷,政老爷；二老爷,207,already_canonical,characters + person_segment_edges,
政老爷,贾政,P0024,P0024,贾政,荣国府二老爷,政老爷；二老爷,207,normalize_before_collect,characters + person_segment_edges,
二老爷,贾政,P0024,P0024,贾政,荣国府二老爷,政老爷；二老爷,207,normalize_before_collect,characters + person_segment_edges,
宝玉,贾宝玉,P0025,P0025,贾宝玉,荣国府贾政与王夫人之子,宝玉；贾宝玉；宝二爷；二爷[歧]；怡红公子；公子[歧]；玉兄；宝哥哥；绛洞花主；神瑛；怡红[空间],601,normalize_before_collect,characters + person_segment_edges,
贾宝玉,贾宝玉,P0025,P0025,贾宝玉,荣国府贾政与王夫人之子,宝玉；贾宝玉；宝二爷；二爷[歧]；怡红公子；公子[歧]；玉兄；宝哥哥；绛洞花主；神瑛；怡红[空间],601,already_canonical,characters + person_segment_edges,
宝二爷,贾宝玉,P0025,P0025,贾宝玉,荣国府贾政与王夫人之子,宝玉；贾宝玉；宝二爷；二爷[歧]；怡红公子；公子[歧]；玉兄；宝哥哥；绛洞花主；神瑛；怡红[空间],601,normalize_before_collect,characters + person_segment_edges,
二爷[歧],贾宝玉,P0025,P0025,贾宝玉,荣国府贾政与王夫人之子,宝玉；贾宝玉；宝二爷；二爷[歧]；怡红公子；公子[歧]；玉兄；宝哥哥；绛洞花主；神瑛；怡红[空间],601,normalize_before_collect,characters + person_segment_edges,
怡红公子,贾宝玉,P0025,P0025,贾宝玉,荣国府贾政与王夫人之子,宝玉；贾宝玉；宝二爷；二爷[歧]；怡红公子；公子[歧]；玉兄；宝哥哥；绛洞花主；神瑛；怡红[空间],601,normalize_before_collect,characters + person_segment_edges,
公子[歧],贾宝玉,P0025,P0025,贾宝玉,荣国府贾政与王夫人之子,宝玉；贾宝玉；宝二爷；二爷[歧]；怡红公子；公子[歧]；玉兄；宝哥哥；绛洞花主；神瑛；怡红[空间],601,normalize_before_collect,characters + person_segment_edges,
玉兄,贾宝玉,P0025,P0025,贾宝玉,荣国府贾政与王夫人之子,宝玉；贾宝玉；宝二爷；二爷[歧]；怡红公子；公子[歧]；玉兄；宝哥哥；绛洞花主；神瑛；怡红[空间],601,normalize_before_collect,characters + person_segment_edges,
宝哥哥,贾宝玉,P0025,P0025,贾宝玉,荣国府贾政与王夫人之子,宝玉；贾宝玉；宝二爷；二爷[歧]；怡红公子；公子[歧]；玉兄；宝哥哥；绛洞花主；神瑛；怡红[空间],601,normalize_before_collect,characters + person_segment_edges,
绛洞花主,贾宝玉,P0025,P0025,贾宝玉,荣国府贾政与王夫人之子,宝玉；贾宝玉；宝二爷；二爷[歧]；怡红公子；公子[歧]；玉兄；宝哥哥；绛洞花主；神瑛；怡红[空间],601,normalize_before_collect,characters + person_segment_edges,
神瑛,贾宝玉,P0025,P0025,贾宝玉,荣国府贾政与王夫人之子,宝玉；贾宝玉；宝二爷；二爷[歧]；怡红公子；公子[歧]；玉兄；宝哥哥；绛洞花主；神瑛；怡红[空间],601,normalize_before_collect,characters + person_segment_edges,
怡红[空间],贾宝玉,P0025,P0025,贾宝玉,荣国府贾政与王夫人之子,宝玉；贾宝玉；宝二爷；二爷[歧]；怡红公子；公子[歧]；玉兄；宝哥哥；绛洞花主；神瑛；怡红[空间],601,normalize_before_collect,characters + person_segment_edges,
甄宝玉,甄宝玉,P0026,P0026,甄宝玉,甄家公子,甄家宝玉,8,already_canonical,characters + person_segment_edges,
甄家宝玉,甄宝玉,P0026,P0026,甄宝玉,甄家公子,甄家宝玉,8,normalize_before_collect,characters + person_segment_edges,
贾母（史太君）,贾母（史太君）,P0027,P0027,贾母（史太君）,荣国府老祖宗,贾母；史太君；老祖宗,428,already_canonical,characters + person_segment_edges,
贾母,贾母（史太君）,P0027,P0027,贾母（史太君）,荣国府老祖宗,贾母；史太君；老祖宗,428,normalize_before_collect,characters + person_segment_edges,
史太君,贾母（史太君）,P0027,P0027,贾母（史太君）,荣国府老祖宗,贾母；史太君；老祖宗,428,normalize_before_collect,characters + person_segment_edges,
老祖宗,贾母（史太君）,P0027,P0027,贾母（史太君）,荣国府老祖宗,贾母；史太君；老祖宗,428,normalize_before_collect,characters + person_segment_edges,
元春,贾元春,P0028,P0028,贾元春,贾政与王夫人之女,元春；贾元春；元妃；贵妃[歧]；娘娘[歧]；贾妃；大姑娘[歧],31,normalize_before_collect,characters + person_segment_edges,
贾元春,贾元春,P0028,P0028,贾元春,贾政与王夫人之女,元春；贾元春；元妃；贵妃[歧]；娘娘[歧]；贾妃；大姑娘[歧],31,already_canonical,characters + person_segment_edges,
元妃,贾元春,P0028,P0028,贾元春,贾政与王夫人之女,元春；贾元春；元妃；贵妃[歧]；娘娘[歧]；贾妃；大姑娘[歧],31,normalize_before_collect,characters + person_segment_edges,
贵妃[歧],贾元春,P0028,P0028,贾元春,贾政与王夫人之女,元春；贾元春；元妃；贵妃[歧]；娘娘[歧]；贾妃；大姑娘[歧],31,normalize_before_collect,characters + person_segment_edges,
娘娘[歧],贾元春,P0028,P0028,贾元春,贾政与王夫人之女,元春；贾元春；元妃；贵妃[歧]；娘娘[歧]；贾妃；大姑娘[歧],31,normalize_before_collect,characters + person_segment_edges,
贾妃,贾元春,P0028,P0028,贾元春,贾政与王夫人之女,元春；贾元春；元妃；贵妃[歧]；娘娘[歧]；贾妃；大姑娘[歧],31,normalize_before_collect,characters + person_segment_edges,
大姑娘[歧],贾元春,P0028,P0028,贾元春,贾政与王夫人之女,元春；贾元春；元妃；贵妃[歧]；娘娘[歧]；贾妃；大姑娘[歧],31,normalize_before_collect,characters + person_segment_edges,alias_ambiguous:P0028|P0043
迎春,贾迎春,P0029,P0029,贾迎春,贾府小姐,迎春；贾迎春；二姑娘；二木头；二姐姐[歧],20,normalize_before_collect,characters + person_segment_edges,
贾迎春,贾迎春,P0029,P0029,贾迎春,贾府小姐,迎春；贾迎春；二姑娘；二木头；二姐姐[歧],20,already_canonical,characters + person_segment_edges,
二姑娘,贾迎春,P0029,P0029,贾迎春,贾府小姐,迎春；贾迎春；二姑娘；二木头；二姐姐[歧],20,normalize_before_collect,characters + person_segment_edges,
二木头,贾迎春,P0029,P0029,贾迎春,贾府小姐,迎春；贾迎春；二姑娘；二木头；二姐姐[歧],20,normalize_before_collect,characters + person_segment_edges,
二姐姐[歧],贾迎春,P0029,P0029,贾迎春,贾府小姐,迎春；贾迎春；二姑娘；二木头；二姐姐[歧],20,normalize_before_collect,characters + person_segment_edges,
贾探春,贾探春,P0030,P0030,贾探春,贾府小姐,探春；三姑娘；三妹妹；三丫头；蕉下客；秋爽斋[空间],33,already_canonical,characters + person_segment_edges,
探春,贾探春,P0030,P0030,贾探春,贾府小姐,探春；三姑娘；三妹妹；三丫头；蕉下客；秋爽斋[空间],33,normalize_before_collect,characters + person_segment_edges,alias_ambiguous:P0030|P0161
三姑娘,贾探春,P0030,P0030,贾探春,贾府小姐,探春；三姑娘；三妹妹；三丫头；蕉下客；秋爽斋[空间],33,normalize_before_collect,characters + person_segment_edges,
三妹妹,贾探春,P0030,P0030,贾探春,贾府小姐,探春；三姑娘；三妹妹；三丫头；蕉下客；秋爽斋[空间],33,normalize_before_collect,characters + person_segment_edges,
三丫头,贾探春,P0030,P0030,贾探春,贾府小姐,探春；三姑娘；三妹妹；三丫头；蕉下客；秋爽斋[空间],33,normalize_before_collect,characters + person_segment_edges,
蕉下客,贾探春,P0030,P0030,贾探春,贾府小姐,探春；三姑娘；三妹妹；三丫头；蕉下客；秋爽斋[空间],33,normalize_before_collect,characters + person_segment_edges,
秋爽斋[空间],贾探春,P0030,P0030,贾探春,贾府小姐,探春；三姑娘；三妹妹；三丫头；蕉下客；秋爽斋[空间],33,normalize_before_collect,characters + person_segment_edges,
惜春,贾惜春,P0031,P0031,贾惜春,贾府小姐,惜春；贾惜春；四姑娘；四妹妹；四丫头；暖香坞[空间],23,normalize_before_collect,characters + person_segment_edges,alias_ambiguous:P0031|P0162
贾惜春,贾惜春,P0031,P0031,贾惜春,贾府小姐,惜春；贾惜春；四姑娘；四妹妹；四丫头；暖香坞[空间],23,already_canonical,characters + person_segment_edges,
四姑娘,贾惜春,P0031,P0031,贾惜春,贾府小姐,惜春；贾惜春；四姑娘；四妹妹；四丫头；暖香坞[空间],23,normalize_before_collect,characters + person_segment_edges,
四妹妹,贾惜春,P0031,P0031,贾惜春,贾府小姐,惜春；贾惜春；四姑娘；四妹妹；四丫头；暖香坞[空间],23,normalize_before_collect,characters + person_segment_edges,
四丫头,贾惜春,P0031,P0031,贾惜春,贾府小姐,惜春；贾惜春；四姑娘；四妹妹；四丫头；暖香坞[空间],23,normalize_before_collect,characters + person_segment_edges,
暖香坞[空间],贾惜春,P0031,P0031,贾惜春,贾府小姐,惜春；贾惜春；四姑娘；四妹妹；四丫头；暖香坞[空间],23,normalize_before_collect,characters + person_segment_edges,
贾琏,贾琏,P0032,P0032,贾琏,荣国府长房公子,琏二爷,140,already_canonical,characters + person_segment_edges,
琏二爷,贾琏,P0032,P0032,贾琏,荣国府长房公子,琏二爷,140,normalize_before_collect,characters + person_segment_edges,
熙凤,王熙凤,P0033,P0033,王熙凤,贾琏之妻,熙凤；王熙凤；凤姐；凤辣子；凤丫头；凤哥儿；凤姐儿；凤姑娘；二奶奶[歧],471,normalize_before_collect,characters + person_segment_edges,
王熙凤,王熙凤,P0033,P0033,王熙凤,贾琏之妻,熙凤；王熙凤；凤姐；凤辣子；凤丫头；凤哥儿；凤姐儿；凤姑娘；二奶奶[歧],471,already_canonical,characters + person_segment_edges,
凤姐,王熙凤,P0033,P0033,王熙凤,贾琏之妻,熙凤；王熙凤；凤姐；凤辣子；凤丫头；凤哥儿；凤姐儿；凤姑娘；二奶奶[歧],471,normalize_before_collect,characters + person_segment_edges,
凤辣子,王熙凤,P0033,P0033,王熙凤,贾琏之妻,熙凤；王熙凤；凤姐；凤辣子；凤丫头；凤哥儿；凤姐儿；凤姑娘；二奶奶[歧],471,normalize_before_collect,characters + person_segment_edges,
凤丫头,王熙凤,P0033,P0033,王熙凤,贾琏之妻,熙凤；王熙凤；凤姐；凤辣子；凤丫头；凤哥儿；凤姐儿；凤姑娘；二奶奶[歧],471,normalize_before_collect,characters + person_segment_edges,
凤哥儿,王熙凤,P0033,P0033,王熙凤,贾琏之妻,熙凤；王熙凤；凤姐；凤辣子；凤丫头；凤哥儿；凤姐儿；凤姑娘；二奶奶[歧],471,normalize_before_collect,characters + person_segment_edges,
凤姐儿,王熙凤,P0033,P0033,王熙凤,贾琏之妻,熙凤；王熙凤；凤姐；凤辣子；凤丫头；凤哥儿；凤姐儿；凤姑娘；二奶奶[歧],471,normalize_before_collect,characters + person_segment_edges,
凤姑娘,王熙凤,P0033,P0033,王熙凤,贾琏之妻,熙凤；王熙凤；凤姐；凤辣子；凤丫头；凤哥儿；凤姐儿；凤姑娘；二奶奶[歧],471,normalize_before_collect,characters + person_segment_edges,
二奶奶[歧],王熙凤,P0033,P0033,王熙凤,贾琏之妻,熙凤；王熙凤；凤姐；凤辣子；凤丫头；凤哥儿；凤姐儿；凤姑娘；二奶奶[歧],471,normalize_before_collect,characters + person_segment_edges,
张如圭,张如圭,P0034,P0034,张如圭,贾雨村旧同僚,张如圭,1,already_canonical,characters + person_segment_edges,
大舅母,邢夫人,P0035,P0035,邢夫人,贾赦之妻,大舅母；邢夫人,27,normalize_before_collect,characters + person_segment_edges,
邢夫人,邢夫人,P0035,P0035,邢夫人,贾赦之妻,大舅母；邢夫人,27,already_canonical,characters + person_segment_edges,
二舅母,王夫人,P0036,P0036,王夫人,贾政之妻,二舅母；王夫人,154,normalize_before_collect,characters + person_segment_edges,
王夫人,王夫人,P0036,P0036,王夫人,贾政之妻,二舅母；王夫人,154,already_canonical,characters + person_segment_edges,
珠大嫂子,李纨,P0037,P0037,李纨,贾珠之妻,珠大嫂子；李纨,45,normalize_before_collect,characters + person_segment_edges,
李纨,李纨,P0037,P0037,李纨,贾珠之妻,珠大嫂子；李纨,45,already_canonical,characters + person_segment_edges,
兰哥儿,贾兰,P0038,P0038,贾兰,贾珠与李纨之子,兰哥儿；贾兰,12,normalize_before_collect,characters + person_segment_edges,
贾兰,贾兰,P0038,P0038,贾兰,贾珠与李纨之子,兰哥儿；贾兰,12,already_canonical,characters + person_segment_edges,
李守中,李守中,P0039,P0039,李守中,李纨之父,李守中,1,already_canonical,characters + person_segment_edges,
冯公子,冯渊,P0040,P0040,冯渊,金陵小乡绅之子,冯公子；冯渊,4,normalize_before_collect,characters + person_segment_edges,
冯渊,冯渊,P0040,P0040,冯渊,金陵小乡绅之子,冯公子；冯渊,4,already_canonical,characters + person_segment_edges,
薛蟠,薛蟠,P0041,P0041,薛蟠,薛家公子,文起；呆霸王,69,already_canonical,characters + person_segment_edges,
文起,薛蟠,P0041,P0041,薛蟠,薛家公子,文起；呆霸王,69,normalize_before_collect,characters + person_segment_edges,
呆霸王,薛蟠,P0041,P0041,薛蟠,薛家公子,文起；呆霸王,69,normalize_before_collect,characters + person_segment_edges,
薛姨妈（王氏）,薛姨妈（王氏）,P0042,P0042,薛姨妈（王氏）,薛蟠与薛宝钗之母,薛姨妈；王氏,84,already_canonical,characters + person_segment_edges,
薛姨妈,薛姨妈（王氏）,P0042,P0042,薛姨妈（王氏）,薛蟠与薛宝钗之母,薛姨妈；王氏,84,normalize_before_collect,characters + person_segment_edges,
王氏,薛姨妈（王氏）,P0042,P0042,薛姨妈（王氏）,薛蟠与薛宝钗之母,薛姨妈；王氏,84,normalize_before_collect,characters + person_segment_edges,
宝钗,薛宝钗,P0043,P0043,薛宝钗,薛家小姐,宝钗；薛宝钗；蘅芜君；宝姐姐；宝丫头；大姑娘[歧]；薛大姑娘[歧]；钗儿；钗丫头；宝姑娘；薛姑娘；蘅芜[空间]；蘅芜苑[空间]；雪洞[空间]；金锁[物]；冷香[物]；冷香丸[物],220,normalize_before_collect,characters + person_segment_edges,
薛宝钗,薛宝钗,P0043,P0043,薛宝钗,薛家小姐,宝钗；薛宝钗；蘅芜君；宝姐姐；宝丫头；大姑娘[歧]；薛大姑娘[歧]；钗儿；钗丫头；宝姑娘；薛姑娘；蘅芜[空间]；蘅芜苑[空间]；雪洞[空间]；金锁[物]；冷香[物]；冷香丸[物],220,already_canonical,characters + person_segment_edges,
蘅芜君,薛宝钗,P0043,P0043,薛宝钗,薛家小姐,宝钗；薛宝钗；蘅芜君；宝姐姐；宝丫头；大姑娘[歧]；薛大姑娘[歧]；钗儿；钗丫头；宝姑娘；薛姑娘；蘅芜[空间]；蘅芜苑[空间]；雪洞[空间]；金锁[物]；冷香[物]；冷香丸[物],220,normalize_before_collect,characters + person_segment_edges,
宝姐姐,薛宝钗,P0043,P0043,薛宝钗,薛家小姐,宝钗；薛宝钗；蘅芜君；宝姐姐；宝丫头；大姑娘[歧]；薛大姑娘[歧]；钗儿；钗丫头；宝姑娘；薛姑娘；蘅芜[空间]；蘅芜苑[空间]；雪洞[空间]；金锁[物]；冷香[物]；冷香丸[物],220,normalize_before_collect,characters + person_segment_edges,
宝丫头,薛宝钗,P0043,P0043,薛宝钗,薛家小姐,宝钗；薛宝钗；蘅芜君；宝姐姐；宝丫头；大姑娘[歧]；薛大姑娘[歧]；钗儿；钗丫头；宝姑娘；薛姑娘；蘅芜[空间]；蘅芜苑[空间]；雪洞[空间]；金锁[物]；冷香[物]；冷香丸[物],220,normalize_before_collect,characters + person_segment_edges,
大姑娘[歧],薛宝钗,P0043,P0043,薛宝钗,薛家小姐,宝钗；薛宝钗；蘅芜君；宝姐姐；宝丫头；大姑娘[歧]；薛大姑娘[歧]；钗儿；钗丫头；宝姑娘；薛姑娘；蘅芜[空间]；蘅芜苑[空间]；雪洞[空间]；金锁[物]；冷香[物]；冷香丸[物],220,normalize_before_collect,characters + person_segment_edges,alias_ambiguous:P0028|P0043
薛大姑娘[歧],薛宝钗,P0043,P0043,薛宝钗,薛家小姐,宝钗；薛宝钗；蘅芜君；宝姐姐；宝丫头；大姑娘[歧]；薛大姑娘[歧]；钗儿；钗丫头；宝姑娘；薛姑娘；蘅芜[空间]；蘅芜苑[空间]；雪洞[空间]；金锁[物]；冷香[物]；冷香丸[物],220,normalize_before_collect,characters + person_segment_edges,
钗儿,薛宝钗,P0043,P0043,薛宝钗,薛家小姐,宝钗；薛宝钗；蘅芜君；宝姐姐；宝丫头；大姑娘[歧]；薛大姑娘[歧]；钗儿；钗丫头；宝姑娘；薛姑娘；蘅芜[空间]；蘅芜苑[空间]；雪洞[空间]；金锁[物]；冷香[物]；冷香丸[物],220,normalize_before_collect,characters + person_segment_edges,
钗丫头,薛宝钗,P0043,P0043,薛宝钗,薛家小姐,宝钗；薛宝钗；蘅芜君；宝姐姐；宝丫头；大姑娘[歧]；薛大姑娘[歧]；钗儿；钗丫头；宝姑娘；薛姑娘；蘅芜[空间]；蘅芜苑[空间]；雪洞[空间]；金锁[物]；冷香[物]；冷香丸[物],220,normalize_before_collect,characters + person_segment_edges,
宝姑娘,薛宝钗,P0043,P0043,薛宝钗,薛家小姐,宝钗；薛宝钗；蘅芜君；宝姐姐；宝丫头；大姑娘[歧]；薛大姑娘[歧]；钗儿；钗丫头；宝姑娘；薛姑娘；蘅芜[空间]；蘅芜苑[空间]；雪洞[空间]；金锁[物]；冷香[物]；冷香丸[物],220,normalize_before_collect,characters + person_segment_edges,
薛姑娘,薛宝钗,P0043,P0043,薛宝钗,薛家小姐,宝钗；薛宝钗；蘅芜君；宝姐姐；宝丫头；大姑娘[歧]；薛大姑娘[歧]；钗儿；钗丫头；宝姑娘；薛姑娘；蘅芜[空间]；蘅芜苑[空间]；雪洞[空间]；金锁[物]；冷香[物]；冷香丸[物],220,normalize_before_collect,characters + person_segment_edges,
蘅芜[空间],薛宝钗,P0043,P0043,薛宝钗,薛家小姐,宝钗；薛宝钗；蘅芜君；宝姐姐；宝丫头；大姑娘[歧]；薛大姑娘[歧]；钗儿；钗丫头；宝姑娘；薛姑娘；蘅芜[空间]；蘅芜苑[空间]；雪洞[空间]；金锁[物]；冷香[物]；冷香丸[物],220,normalize_before_collect,characters + person_segment_edges,
蘅芜苑[空间],薛宝钗,P0043,P0043,薛宝钗,薛家小姐,宝钗；薛宝钗；蘅芜君；宝姐姐；宝丫头；大姑娘[歧]；薛大姑娘[歧]；钗儿；钗丫头；宝姑娘；薛姑娘；蘅芜[空间]；蘅芜苑[空间]；雪洞[空间]；金锁[物]；冷香[物]；冷香丸[物],220,normalize_before_collect,characters + person_segment_edges,
雪洞[空间],薛宝钗,P0043,P0043,薛宝钗,薛家小姐,宝钗；薛宝钗；蘅芜君；宝姐姐；宝丫头；大姑娘[歧]；薛大姑娘[歧]；钗儿；钗丫头；宝姑娘；薛姑娘；蘅芜[空间]；蘅芜苑[空间]；雪洞[空间]；金锁[物]；冷香[物]；冷香丸[物],220,normalize_before_collect,characters + person_segment_edges,
金锁[物],薛宝钗,P0043,P0043,薛宝钗,薛家小姐,宝钗；薛宝钗；蘅芜君；宝姐姐；宝丫头；大姑娘[歧]；薛大姑娘[歧]；钗儿；钗丫头；宝姑娘；薛姑娘；蘅芜[空间]；蘅芜苑[空间]；雪洞[空间]；金锁[物]；冷香[物]；冷香丸[物],220,normalize_before_collect,characters + person_segment_edges,
冷香[物],薛宝钗,P0043,P0043,薛宝钗,薛家小姐,宝钗；薛宝钗；蘅芜君；宝姐姐；宝丫头；大姑娘[歧]；薛大姑娘[歧]；钗儿；钗丫头；宝姑娘；薛姑娘；蘅芜[空间]；蘅芜苑[空间]；雪洞[空间]；金锁[物]；冷香[物]；冷香丸[物],220,normalize_before_collect,characters + person_segment_edges,
冷香丸[物],薛宝钗,P0043,P0043,薛宝钗,薛家小姐,宝钗；薛宝钗；蘅芜君；宝姐姐；宝丫头；大姑娘[歧]；薛大姑娘[歧]；钗儿；钗丫头；宝姑娘；薛姑娘；蘅芜[空间]；蘅芜苑[空间]；雪洞[空间]；金锁[物]；冷香[物]；冷香丸[物],220,normalize_before_collect,characters + person_segment_edges,
王子腾,王子腾,P0044,P0044,王子腾,京营节度使,王子腾,9,already_canonical,characters + person_segment_edges,
尤氏,尤氏,P0045,P0045,尤氏,贾珍之妻,尤氏,42,already_canonical,characters + person_segment_edges,
秦可卿,秦可卿,P0046,P0046,秦可卿,贾蓉之妻,秦氏；可卿；兼美,37,already_canonical,characters + person_segment_edges,
秦氏,秦可卿,P0046,P0046,秦可卿,贾蓉之妻,秦氏；可卿；兼美,37,normalize_before_collect,characters + person_segment_edges,
可卿,秦可卿,P0046,P0046,秦可卿,贾蓉之妻,秦氏；可卿；兼美,37,normalize_before_collect,characters + person_segment_edges,
兼美,秦可卿,P0046,P0046,秦可卿,贾蓉之妻,秦氏；可卿；兼美,37,normalize_before_collect,characters + person_segment_edges,
袭人,袭人,P0047,P0047,袭人,贾宝玉丫鬟,袭人,163,already_canonical,characters + person_segment_edges,
媚人,媚人,P0048,P0048,媚人,贾宝玉丫鬟,媚人,1,already_canonical,characters + person_segment_edges,
晴雯,晴雯,P0049,P0049,晴雯,贾宝玉丫鬟,晴雯,50,already_canonical,characters + person_segment_edges,
麝月,麝月,P0050,P0050,麝月,贾宝玉丫鬟,麝月,22,already_canonical,characters + person_segment_edges,
警幻仙姑,警幻仙姑,P0051,P0051,警幻仙姑,太虚幻境主司,警幻；仙姑,6,already_canonical,characters + person_segment_edges,
警幻,警幻仙姑,P0051,P0051,警幻仙姑,太虚幻境主司,警幻；仙姑,6,normalize_before_collect,characters + person_segment_edges,
仙姑,警幻仙姑,P0051,P0051,警幻仙姑,太虚幻境主司,警幻；仙姑,6,normalize_before_collect,characters + person_segment_edges,
湘云,史湘云,P0052,P0052,史湘云,金陵十二钗人物,湘云；史湘云；云丫头；史大妹妹；枕霞旧友；史姑娘；云儿[歧],57,normalize_before_collect,characters + person_segment_edges,
史湘云,史湘云,P0052,P0052,史湘云,金陵十二钗人物,湘云；史湘云；云丫头；史大妹妹；枕霞旧友；史姑娘；云儿[歧],57,already_canonical,characters + person_segment_edges,
云丫头,史湘云,P0052,P0052,史湘云,金陵十二钗人物,湘云；史湘云；云丫头；史大妹妹；枕霞旧友；史姑娘；云儿[歧],57,normalize_before_collect,characters + person_segment_edges,
史大妹妹,史湘云,P0052,P0052,史湘云,金陵十二钗人物,湘云；史湘云；云丫头；史大妹妹；枕霞旧友；史姑娘；云儿[歧],57,normalize_before_collect,characters + person_segment_edges,
枕霞旧友,史湘云,P0052,P0052,史湘云,金陵十二钗人物,湘云；史湘云；云丫头；史大妹妹；枕霞旧友；史姑娘；云儿[歧],57,normalize_before_collect,characters + person_segment_edges,
史姑娘,史湘云,P0052,P0052,史湘云,金陵十二钗人物,湘云；史湘云；云丫头；史大妹妹；枕霞旧友；史姑娘；云儿[歧],57,normalize_before_collect,characters + person_segment_edges,
云儿[歧],史湘云,P0052,P0052,史湘云,金陵十二钗人物,湘云；史湘云；云丫头；史大妹妹；枕霞旧友；史姑娘；云儿[歧],57,normalize_before_collect,characters + person_segment_edges,
妙玉,妙玉,P0053,P0053,妙玉,金陵十二钗人物,妙玉；槛外人；槛外之人；栊翠庵[空间],36,already_canonical,characters + person_segment_edges,
槛外人,妙玉,P0053,P0053,妙玉,金陵十二钗人物,妙玉；槛外人；槛外之人；栊翠庵[空间],36,normalize_before_collect,characters + person_segment_edges,
槛外之人,妙玉,P0053,P0053,妙玉,金陵十二钗人物,妙玉；槛外人；槛外之人；栊翠庵[空间],36,normalize_before_collect,characters + person_segment_edges,
栊翠庵[空间],妙玉,P0053,P0053,妙玉,金陵十二钗人物,妙玉；槛外人；槛外之人；栊翠庵[空间],36,normalize_before_collect,characters + person_segment_edges,
巧姐,巧姐,P0054,P0054,巧姐,金陵十二钗人物,巧姐,21,already_canonical,characters + person_segment_edges,
痴梦仙姑,痴梦仙姑,P0055,P0055,痴梦仙姑,太虚幻境仙子,痴梦仙姑,1,already_canonical,characters + person_segment_edges,
钟情大士,钟情大士,P0056,P0056,钟情大士,太虚幻境仙界人物,钟情大士,1,already_canonical,characters + person_segment_edges,
引愁金女,引愁金女,P0057,P0057,引愁金女,太虚幻境仙子,引愁金女,1,already_canonical,characters + person_segment_edges,
度恨菩提,度恨菩提,P0058,P0058,度恨菩提,太虚幻境仙界人物,度恨菩提,1,already_canonical,characters + person_segment_edges,
刘姥姥,刘姥姥,P0059,P0059,刘姥姥,乡间老妇,刘姥姥,22,already_canonical,characters + person_segment_edges,
王成,王成,P0060,P0060,王成,刘姥姥所述王家旧亲,王成,0,already_canonical,characters + person_segment_edges,
狗儿,狗儿,P0061,P0061,狗儿,农家男子,狗儿,2,already_canonical,characters + person_segment_edges,
板儿,板儿,P0062,P0062,板儿,刘姥姥外孙,板儿,4,already_canonical,characters + person_segment_edges,
青儿,青儿,P0063,P0063,青儿,刘姥姥外孙女,青儿,1,already_canonical,characters + person_segment_edges,
刘氏,刘氏,P0064,P0064,刘氏,农家妇人,狗儿妻刘氏,1,already_canonical,characters + person_segment_edges,
狗儿妻刘氏,刘氏,P0064,P0064,刘氏,农家妇人,狗儿妻刘氏,1,normalize_before_collect,characters + person_segment_edges,
周瑞家的,周瑞家的,P0065,P0065,周瑞家的,荣府管事媳妇,周瑞家的,15,already_canonical,characters + person_segment_edges,
周瑞,周瑞,P0066,P0066,周瑞,荣府管事,周瑞,5,already_canonical,characters + person_segment_edges,
金钏儿,金钏儿,P0067,P0067,金钏儿,王夫人房中丫鬟,金钏儿,12,already_canonical,characters + person_segment_edges,alias_ambiguous:P0067|P0167#row166
智能,智能,P0068,P0068,智能,水月庵小尼姑,智能儿,5,already_canonical,characters + person_segment_edges,
智能儿,智能,P0068,P0068,智能,水月庵小尼姑,智能儿,5,normalize_before_collect,characters + person_segment_edges,
秦钟,秦钟,P0069,P0069,秦钟,秦业之子,鲸卿,26,already_canonical,characters + person_segment_edges,
鲸卿,秦钟,P0069,P0069,秦钟,秦业之子,鲸卿,26,normalize_before_collect,characters + person_segment_edges,
焦大,焦大,P0070,P0070,焦大,宁府老仆,焦大,2,already_canonical,characters + person_segment_edges,
雪雁,雪雁,P0071,P0071,雪雁,林黛玉丫鬟,雪雁,21,already_canonical,characters + person_segment_edges,
紫鹃,紫鹃,P0072,P0072,紫鹃,林黛玉丫鬟,紫鹃,68,already_canonical,characters + person_segment_edges,
李嬷嬷,李嬷嬷,P0073,P0073,李嬷嬷,宝玉乳母,李嬷嬷,8,already_canonical,characters + person_segment_edges,
秦业,秦业,P0074,P0074,秦业,营缮郎；秦钟之父,秦业,3,already_canonical,characters + person_segment_edges,
李贵,李贵,P0075,P0075,李贵,宝玉跟班,李贵,3,already_canonical,characters + person_segment_edges,
香怜,香怜,P0076,P0076,香怜,贾家家塾学生,香怜,2,already_canonical,characters + person_segment_edges,
玉爱,玉爱,P0077,P0077,玉爱,贾家家塾学生,玉爱,2,already_canonical,characters + person_segment_edges,
金荣,金荣,P0078,P0078,金荣,贾家家塾学生,金荣,7,already_canonical,characters + person_segment_edges,
贾瑞,贾瑞,P0079,P0079,贾瑞,贾家族人；家塾代课者,贾天祥,16,already_canonical,characters + person_segment_edges,
贾天祥,贾瑞,P0079,P0079,贾瑞,贾家族人；家塾代课者,贾天祥,16,normalize_before_collect,characters + person_segment_edges,
茗烟,茗烟,P0080,P0080,茗烟,贾宝玉小厮,茗烟,6,already_canonical,characters + person_segment_edges,
胡氏,胡氏,P0081,P0081,胡氏,金荣母亲,胡氏,2,already_canonical,characters + person_segment_edges,
金氏（璜大奶奶）,金氏（璜大奶奶）,P0082,P0082,金氏（璜大奶奶）,金荣亲眷,璜大奶奶；金氏,2,already_canonical,characters + person_segment_edges,
璜大奶奶,金氏（璜大奶奶）,P0082,P0082,金氏（璜大奶奶）,金荣亲眷,璜大奶奶；金氏,2,normalize_before_collect,characters + person_segment_edges,
金氏,金氏（璜大奶奶）,P0082,P0082,金氏（璜大奶奶）,金荣亲眷,璜大奶奶；金氏,2,normalize_before_collect,characters + person_segment_edges,
冯紫英,冯紫英,P0083,P0083,冯紫英,贵族公子,冯紫英,15,already_canonical,characters + person_segment_edges,
张友士,张友士,P0084,P0084,张友士,名医,张太医；张先生,5,already_canonical,characters + person_segment_edges,
张太医,张友士,P0084,P0084,张友士,名医,张太医；张先生,5,normalize_before_collect,characters + person_segment_edges,
张先生,张友士,P0084,P0084,张友士,名医,张太医；张先生,5,normalize_before_collect,characters + person_segment_edges,
贾代儒,贾代儒,P0085,P0085,贾代儒,贾家长辈,贾代儒,8,already_canonical,characters + person_segment_edges,
瑞珠,瑞珠,P0086,P0086,瑞珠,秦可卿丫鬟,瑞珠,1,already_canonical,characters + person_segment_edges,
宝珠,宝珠,P0087,P0087,宝珠,秦可卿丫鬟,宝珠,3,already_canonical,characters + person_segment_edges,
戴权,戴权,P0088,P0088,戴权,大明宫掌宫内相,戴权；老内相,1,already_canonical,characters + person_segment_edges,
老内相,戴权,P0088,P0088,戴权,大明宫掌宫内相,戴权；老内相,1,normalize_before_collect,characters + person_segment_edges,
来升,来升,P0089,P0089,来升,宁府都总管,来升,2,already_canonical,characters + person_segment_edges,
来旺媳妇,来旺媳妇,P0090,P0090,来旺媳妇,贾府管事媳妇,来旺媳妇,1,already_canonical,characters + person_segment_edges,
彩明,彩明,P0091,P0091,彩明,凤姐手下丫鬟,彩明,2,already_canonical,characters + person_segment_edges,
王兴家的,王兴家的,P0092,P0092,王兴家的,荣府事务媳妇,王兴家的,0,already_canonical,characters + person_segment_edges,
张材家的,张材家的,P0093,P0093,张材家的,府中针线裁缝事务媳妇,张材家的,1,already_canonical,characters + person_segment_edges,
昭儿,昭儿,P0094,P0094,昭儿,贾琏小厮,昭儿,2,already_canonical,characters + person_segment_edges,
北静王水溶,北静王水溶,P0095,P0095,北静王水溶,北静王,水溶；北静王,18,already_canonical,characters + person_segment_edges,
水溶,北静王水溶,P0095,P0095,北静王水溶,北静王,水溶；北静王,18,normalize_before_collect,characters + person_segment_edges,
北静王,北静王水溶,P0095,P0095,北静王水溶,北静王,水溶；北静王,18,normalize_before_collect,characters + person_segment_edges,
二丫头,二丫头,P0096,P0096,二丫头,庄家女儿,二丫头,0,already_canonical,characters + person_segment_edges,
净虚,净虚,P0097,P0097,净虚,水月庵尼姑,净虚,2,already_canonical,characters + person_segment_edges,
智善,智善,P0098,P0098,智善,水月庵尼姑,智善,1,already_canonical,characters + person_segment_edges,
张金哥,金哥,P0099,P0099,金哥,张家女儿,张金哥；金哥,2,normalize_before_collect,characters + person_segment_edges,
金哥,金哥,P0099,P0099,金哥,张家女儿,张金哥；金哥,2,already_canonical,characters + person_segment_edges,
李衙内,李衙内,P0100,P0100,李衙内,长安府太爷小舅子,李衙内,0,already_canonical,characters + person_segment_edges,
云光,云光,P0101,P0101,云光,长安节度使,云光；云老爷,3,already_canonical,characters + person_segment_edges,
云老爷,云光,P0101,P0101,云光,长安节度使,云光；云老爷,3,normalize_before_collect,characters + person_segment_edges,
夏守忠,夏守忠,P0102,P0102,夏守忠,六宫都太监,夏守忠；夏太监,4,already_canonical,characters + person_segment_edges,
夏太监,夏守忠,P0102,P0102,夏守忠,六宫都太监,夏守忠；夏太监,4,normalize_before_collect,characters + person_segment_edges,
赖大,赖大,P0103,P0103,赖大,荣府大管家,赖大,12,already_canonical,characters + person_segment_edges,
赵嬷嬷,赵嬷嬷,P0104,P0104,赵嬷嬷,贾府老嬷嬷,赵嬷嬷,2,already_canonical,characters + person_segment_edges,
林之孝家的,林之孝家的,P0105,P0105,林之孝家的,荣府管家媳妇,林之孝家的,8,already_canonical,characters + person_segment_edges,
龄官,龄官,P0106,P0106,龄官,女戏子,龄官,6,already_canonical,characters + person_segment_edges,
卍儿,卍儿,P0107,P0107,卍儿,宁府丫头,卍儿,1,already_canonical,characters + person_segment_edges,
贾环,贾环,P0108,P0108,贾环,贾政庶子,贾环,25,already_canonical,characters + person_segment_edges,
赵姨娘,赵姨娘,P0109,P0109,赵姨娘,贾政妾室,赵姨娘,25,already_canonical,characters + person_segment_edges,
平儿,平儿,P0110,P0110,平儿,王熙凤心腹丫鬟,平儿,90,already_canonical,characters + person_segment_edges,
丰儿,丰儿,P0111,P0111,丰儿,凤姐房中丫鬟,丰儿,6,already_canonical,characters + person_segment_edges,
来旺儿,来旺儿,P0112,P0112,来旺儿,凤姐差遣小厮,来旺儿,9,already_canonical,characters + person_segment_edges,alias_ambiguous:P0112|P0276
贾蔷,贾蔷,P0113,P0113,贾蔷,贾家子弟,贾蔷,7,already_canonical,characters + person_segment_edges,
花自芳,花自芳,P0114,P0114,花自芳,袭人之兄,花自芳,2,already_canonical,characters + person_segment_edges,
秋纹,秋纹,P0115,P0115,秋纹,宝玉房中丫鬟,秋纹,17,already_canonical,characters + person_segment_edges,
绮霰,绮霰,P0116,P0116,绮霰,宝玉房中丫鬟,绮霰,0,already_canonical,characters + person_segment_edges,
碧痕,碧痕,P0117,P0117,碧痕,宝玉房中丫鬟,碧痕,5,already_canonical,characters + person_segment_edges,
鸳鸯,鸳鸯,P0118,P0118,鸳鸯,贾母大丫鬟,鸳鸯,36,already_canonical,characters + person_segment_edges,
琥珀,琥珀,P0119,P0119,琥珀,贾母房中丫鬟,琥珀,3,already_canonical,characters + person_segment_edges,
贾代修,贾代修,P0120,P0120,贾代修,贾家族人,贾代修,0,already_canonical,characters + person_segment_edges,
贾敕,贾敕,P0121,P0121,贾敕,贾家族人,贾敕,0,already_canonical,characters + person_segment_edges,
贾效,贾效,P0122,P0122,贾效,贾家族人,贾效,0,already_canonical,characters + person_segment_edges,
贾敦,贾敦,P0123,P0123,贾敦,贾家族人,贾敦,0,already_canonical,characters + person_segment_edges,
贾琮,贾琮,P0124,P0124,贾琮,贾家族人,贾琮,0,already_canonical,characters + person_segment_edges,
贾珩,贾珩,P0125,P0125,贾珩,贾家族人,贾珩,0,already_canonical,characters + person_segment_edges,
贾珖,贾珖,P0126,P0126,贾珖,贾家族人,贾珖,0,already_canonical,characters + person_segment_edges,
贾琛,贾琛,P0127,P0127,贾琛,贾家族人,贾琛,0,already_canonical,characters + person_segment_edges,
贾瓊,贾瓊,P0128,P0128,贾瓊,贾家族人,贾瓊,0,already_canonical,characters + person_segment_edges,
贾璘,贾璘,P0129,P0129,贾璘,贾家族人,贾璘,0,already_canonical,characters + person_segment_edges,
贾菖,贾菖,P0130,P0130,贾菖,贾家族人,贾菖,0,already_canonical,characters + person_segment_edges,
贾菱,贾菱,P0131,P0131,贾菱,贾家族人,贾菱,0,already_canonical,characters + person_segment_edges,
贾芸,贾芸,P0132,P0132,贾芸,贾家族人,贾芸,30,already_canonical,characters + person_segment_edges,
贾芹,贾芹,P0133,P0133,贾芹,贾家族人,贾芹,13,already_canonical,characters + person_segment_edges,
贾蓁,贾蓁,P0134,P0134,贾蓁,贾家族人,贾蓁,0,already_canonical,characters + person_segment_edges,
贾萍,贾萍,P0135,P0135,贾萍,贾家族人,贾萍,0,already_canonical,characters + person_segment_edges,
贾藻,贾藻,P0136,P0136,贾藻,贾家族人,贾藻,0,already_canonical,characters + person_segment_edges,
贾蘅,贾蘅,P0137,P0137,贾蘅,贾家族人,贾蘅,0,already_canonical,characters + person_segment_edges,
贾芬,贾芬,P0138,P0138,贾芬,贾家族人,贾芬,0,already_canonical,characters + person_segment_edges,
贾芳,贾芳,P0139,P0139,贾芳,贾家族人,贾芳,0,already_canonical,characters + person_segment_edges,
贾菌,贾菌,P0140,P0140,贾菌,贾家族人,贾菌,0,already_canonical,characters + person_segment_edges,
牛继宗,牛继宗,P0141,P0141,牛继宗,一等伯,牛继宗,1,already_canonical,characters + person_segment_edges,
柳芳,柳芳,P0142,P0142,柳芳,一等子,柳芳,0,already_canonical,characters + person_segment_edges,
陈瑞文,陈瑞文,P0143,P0143,陈瑞文,威镇将军,陈瑞文,0,already_canonical,characters + person_segment_edges,
马尚,马尚,P0144,P0144,马尚,威远将军,马尚,0,already_canonical,characters + person_segment_edges,
侯孝康,侯孝康,P0145,P0145,侯孝康,一等子,侯孝康,0,already_canonical,characters + person_segment_edges,
石光珠,石光珠,P0146,P0146,石光珠,八公后裔,石光珠,0,already_canonical,characters + person_segment_edges,
史鼎,史鼎,P0147,P0147,史鼎,忠靖侯,史鼎；忠靖侯,1,already_canonical,characters + person_segment_edges,
忠靖侯,史鼎,P0147,P0147,史鼎,忠靖侯,史鼎；忠靖侯,1,normalize_before_collect,characters + person_segment_edges,
蒋子宁,蒋子宁,P0148,P0148,蒋子宁,二等男,蒋子宁,0,already_canonical,characters + person_segment_edges,
谢鲸,谢鲸,P0149,P0149,谢鲸,京营游击,谢鲸,0,already_canonical,characters + person_segment_edges,
戚建辉,戚建辉,P0150,P0150,戚建辉,二等男,戚建辉,0,already_canonical,characters + person_segment_edges,
裘良,裘良,P0151,P0151,裘良,五城兵马司人物,裘良,0,already_canonical,characters + person_segment_edges,
韩奇,韩奇,P0152,P0152,韩奇,锦乡伯公子,韩奇,0,already_canonical,characters + person_segment_edges,
陈也俊,陈也俊,P0153,P0153,陈也俊,王孙公子,陈也俊,0,already_canonical,characters + person_segment_edges,
卫若兰,卫若兰,P0154,P0154,卫若兰,王孙公子,卫若兰,0,already_canonical,characters + person_segment_edges,
色空,色空,P0155,P0155,色空,铁槛寺住持,色空,1,already_canonical,characters + person_segment_edges,
王仁,王仁,P0156,P0156,王仁,凤姐胞兄,王仁,6,already_canonical,characters + person_segment_edges,
茜雪,茜雪,P0157,P0157,茜雪,宝玉房中丫鬟,茜雪,0,already_canonical,characters + person_segment_edges,
吴新登,吴新登,P0158,P0158,吴新登,荣府管事,吴新登,1,already_canonical,characters + person_segment_edges,
莺儿,莺儿,P0159,P0159,莺儿,薛宝钗贴身丫鬟,,7,already_canonical,characters + person_segment_edges,
探春,探春,P0161,P0161,探春,贾府小姐（贾政之女）,,20,already_canonical,characters + person_segment_edges,alias_ambiguous:P0030|P0161
惜春,惜春,P0162,P0162,惜春,贾府小姐（贾珍之妹）,,11,already_canonical,characters + person_segment_edges,alias_ambiguous:P0031|P0162
翠缕,翠缕,P0163,P0163,翠缕,史湘云丫鬟,,5,already_canonical,characters + person_segment_edges,
蕙香,蕙香,P0164,P0164,蕙香,宝玉房中小丫头,四儿,2,already_canonical,characters + person_segment_edges,
四儿,蕙香,P0164,P0164,蕙香,宝玉房中小丫头,四儿,2,normalize_before_collect,characters + person_segment_edges,
多官,多官,P0165,P0165,多官,荣国府厨子,多浑虫,2,already_canonical,characters + person_segment_edges,
多浑虫,多官,P0165,P0165,多官,荣国府厨子,多浑虫,2,normalize_before_collect,characters + person_segment_edges,
周氏,周氏,P0166#row164,P0166,周氏,贾家旁支妇人；贾芹之母,贾芹之母,1,already_canonical,characters + person_segment_edges,
贾芹之母,周氏,P0166#row164,P0166,周氏,贾家旁支妇人；贾芹之母,贾芹之母,1,normalize_before_collect,characters + person_segment_edges,
多姑娘儿,多姑娘儿,P0166#row165,P0166,多姑娘儿,多官之妻,多官媳妇,6,already_canonical,characters + person_segment_edges,
多官媳妇,多姑娘儿,P0166#row165,P0166,多姑娘儿,多官之妻,多官媳妇,6,normalize_before_collect,characters + person_segment_edges,
金钏,金钏,P0167#row166,P0167,金钏,王夫人房中丫鬟,金釧兒；金钏儿,1,already_canonical,characters + person_segment_edges,
金釧兒,金钏,P0167#row166,P0167,金钏,王夫人房中丫鬟,金釧兒；金钏儿,1,normalize_before_collect,characters + person_segment_edges,
金钏儿,金钏,P0167#row166,P0167,金钏,王夫人房中丫鬟,金釧兒；金钏儿,1,normalize_before_collect,characters + person_segment_edges,alias_ambiguous:P0067|P0167#row166
大姐儿,大姐儿,P0167#row167,P0167,大姐儿,贾琏与王熙凤之女，荣国府二房长女,,1,already_canonical,characters + person_segment_edges,
贾珠,贾珠,P0168,P0168,贾珠,荣国府·贾政嫡长子，早卒，李纨之夫，贾兰之父,贾珠；珠大爷,4,already_canonical,characters + person_segment_edges,
珠大爷,贾珠,P0168,P0168,贾珠,荣国府·贾政嫡长子，早卒，李纨之夫，贾兰之父,贾珠；珠大爷,4,normalize_before_collect,characters + person_segment_edges,
门子,门子,P0169,P0169,门子,应天府袆径县补博士，原葛芦庙小沙弥，后为府兴衰役,,2,already_canonical,characters + person_segment_edges,
茫茫大士,茫茫大士,P0170,P0170,茫茫大士,神界僧人，携石（贾宝玉前身·顽石）下凡的引路者之一,茫茫大士；那僧,1,already_canonical,characters + person_segment_edges,alias_ambiguous:P0002|P0170
那僧,茫茫大士,P0170,P0170,茫茫大士,神界僧人，携石（贾宝玉前身·顽石）下凡的引路者之一,茫茫大士；那僧,1,normalize_before_collect,characters + person_segment_edges,
渺渺真人,渺渺真人,P0171,P0171,渺渺真人,神界道人，与茫茫大士同行，将顽石携入红尘的引路者之一,渺渺真人；那道,1,already_canonical,characters + person_segment_edges,alias_ambiguous:P0003|P0171
那道,渺渺真人,P0171,P0171,渺渺真人,神界道人，与茫茫大士同行，将顽石携入红尘的引路者之一,渺渺真人；那道,1,normalize_before_collect,characters + person_segment_edges,
卜世仁,卜世仁,P0172,P0172,卜世仁,香料铺掌柜；贾芸母舅,贾芸舅舅,1,already_canonical,characters + person_segment_edges,
贾芸舅舅,卜世仁,P0172,P0172,卜世仁,香料铺掌柜；贾芸母舅,贾芸舅舅,1,normalize_before_collect,characters + person_segment_edges,
倪二,倪二,P0173,P0173,倪二,街坊无赖；放债人,醉金刚倪二；醉金剛,9,already_canonical,characters + person_segment_edges,
醉金刚倪二,倪二,P0173,P0173,倪二,街坊无赖；放债人,醉金刚倪二；醉金剛,9,normalize_before_collect,characters + person_segment_edges,
醉金剛,倪二,P0173,P0173,倪二,街坊无赖；放债人,醉金刚倪二；醉金剛,9,normalize_before_collect,characters + person_segment_edges,
檀云,檀云,P0174,P0174,檀云,宝玉房中丫鬟,檀雲,1,already_canonical,characters + person_segment_edges,
檀雲,檀云,P0174,P0174,檀云,宝玉房中丫鬟,檀雲,1,normalize_before_collect,characters + person_segment_edges,
茗烟近侍,焙茗,P0175,P0175,焙茗,贾宝玉书房小厮,茗烟近侍；焙茗,16,normalize_before_collect,characters + person_segment_edges,
焙茗,焙茗,P0175,P0175,焙茗,贾宝玉书房小厮,茗烟近侍；焙茗,16,already_canonical,characters + person_segment_edges,
小红,小红,P0176,P0176,小红,怡红院丫鬟；荣府旧仆之女,红玉；小紅,22,already_canonical,characters + person_segment_edges,
红玉,小红,P0176,P0176,小红,怡红院丫鬟；荣府旧仆之女,红玉；小紅,22,normalize_before_collect,characters + person_segment_edges,
小紅,小红,P0176,P0176,小红,怡红院丫鬟；荣府旧仆之女,红玉；小紅,22,normalize_before_collect,characters + person_segment_edges,
彩霞,彩霞,P0177,P0177,彩霞,王夫人房中丫鬟,,2,already_canonical,characters + person_segment_edges,
彩云,彩云,P0178,P0178,彩云,王夫人房中丫鬟,彩雲,4,already_canonical,characters + person_segment_edges,
彩雲,彩云,P0178,P0178,彩云,王夫人房中丫鬟,彩雲,4,normalize_before_collect,characters + person_segment_edges,
玉钏儿,玉钏儿,P0179,P0179,玉钏儿,王夫人房中丫鬟,玉釧兒,5,already_canonical,characters + person_segment_edges,
玉釧兒,玉钏儿,P0179,P0179,玉钏儿,王夫人房中丫鬟,玉釧兒,5,normalize_before_collect,characters + person_segment_edges,
马道婆,马道婆,P0180,P0180,马道婆,宝玉寄名干娘；神婆,馬道婆；宝玉寄名干娘,5,already_canonical,characters + person_segment_edges,
馬道婆,马道婆,P0180,P0180,马道婆,宝玉寄名干娘；神婆,馬道婆；宝玉寄名干娘,5,normalize_before_collect,characters + person_segment_edges,
宝玉寄名干娘,马道婆,P0180,P0180,马道婆,宝玉寄名干娘；神婆,馬道婆；宝玉寄名干娘,5,normalize_before_collect,characters + person_segment_edges,
周姨娘,周姨娘,P0181,P0181,周姨娘,贾政妾室,,2,already_canonical,characters + person_segment_edges,
王子腾夫人,王子腾夫人,P0182,P0182,王子腾夫人,王子腾之妻；贾府外亲女眷,王子腾之妻；王夫人之嫂,1,already_canonical,characters + person_segment_edges,
王子腾之妻,王子腾夫人,P0182,P0182,王子腾夫人,王子腾之妻；贾府外亲女眷,王子腾之妻；王夫人之嫂,1,normalize_before_collect,characters + person_segment_edges,
王夫人之嫂,王子腾夫人,P0182,P0182,王子腾夫人,王子腾之妻；贾府外亲女眷,王子腾之妻；王夫人之嫂,1,normalize_before_collect,characters + person_segment_edges,
癞头和尚,癞头和尚,P0183,P0183,癞头和尚,点化人物的异僧,和尚；异僧,11,already_canonical,characters + person_segment_edges,
和尚,癞头和尚,P0183,P0183,癞头和尚,点化人物的异僧,和尚；异僧,11,normalize_before_collect,characters + person_segment_edges,
异僧,癞头和尚,P0183,P0183,癞头和尚,点化人物的异僧,和尚；异僧,11,normalize_before_collect,characters + person_segment_edges,
小丫头,佳蕙,P0184,P0184,佳蕙,怡红院小丫鬟,小丫头；佳蕙,4,normalize_before_collect,characters + person_segment_edges,alias_ambiguous:P0184|P0185
佳蕙,佳蕙,P0184,P0184,佳蕙,怡红院小丫鬟,小丫头；佳蕙,4,already_canonical,characters + person_segment_edges,
坠儿,坠儿,P0185,P0185,坠儿,怡红院小丫鬟,墜兒；小丫头,4,already_canonical,characters + person_segment_edges,
墜兒,坠儿,P0185,P0185,坠儿,怡红院小丫鬟,墜兒；小丫头,4,normalize_before_collect,characters + person_segment_edges,
小丫头,坠儿,P0185,P0185,坠儿,怡红院小丫鬟,墜兒；小丫头,4,normalize_before_collect,characters + person_segment_edges,alias_ambiguous:P0184|P0185
文官,文官,P0186,P0186,文官,园中侍女,,1,already_canonical,characters + person_segment_edges,
司棋,司棋,P0187,P0187,司棋,迎春贴身丫鬟,,9,already_canonical,characters + person_segment_edges,
侍书,侍书,P0188,P0188,侍书,探春贴身丫鬟,待书,7,already_canonical,characters + person_segment_edges,
待书,侍书,P0188,P0188,侍书,探春贴身丫鬟,待书,7,normalize_before_collect,characters + person_segment_edges,
入画,入画,P0189,P0189,入画,惜春贴身丫鬟,,1,already_canonical,characters + person_segment_edges,
紫绡,紫绡,P0190,P0190,紫绡,宝玉房中丫鬟,,1,already_canonical,characters + person_segment_edges,
林之孝,林之孝,P0191,P0191,林之孝,荣国府大管家,,7,already_canonical,characters + person_segment_edges,
赖大家的,赖大家的,P0192,P0192,赖大家的,荣国府管家媳妇,赖大家的,1,already_canonical,characters + person_segment_edges,
鲍太医,鲍太医,P0193,P0193,鲍太医,为贾府女眷诊病的太医,,4,already_canonical,characters + person_segment_edges,
王大夫,王大夫,P0194,P0194,王大夫,为林黛玉诊治的医生,,5,already_canonical,characters + person_segment_edges,alias_ambiguous:P0194|P0262
蒋玉菡,蒋玉菡,P0195,P0195,蒋玉菡,优伶；唱小旦者,琪官,17,already_canonical,characters + person_segment_edges,
琪官,蒋玉菡,P0195,P0195,蒋玉菡,优伶；唱小旦者,琪官,17,normalize_before_collect,characters + person_segment_edges,
云儿,云儿,P0196,P0196,云儿,锦香院妓女,,2,already_canonical,characters + person_segment_edges,
张道士,张道士,P0197,P0197,张道士,清虚观主持道士；掌道录司印,张法官；大幻仙人；終了真人,7,already_canonical,characters + person_segment_edges,
张法官,张道士,P0197,P0197,张道士,清虚观主持道士；掌道录司印,张法官；大幻仙人；終了真人,7,normalize_before_collect,characters + person_segment_edges,
大幻仙人,张道士,P0197,P0197,张道士,清虚观主持道士；掌道录司印,张法官；大幻仙人；終了真人,7,normalize_before_collect,characters + person_segment_edges,
終了真人,张道士,P0197,P0197,张道士,清虚观主持道士；掌道录司印,张法官；大幻仙人；終了真人,7,normalize_before_collect,characters + person_segment_edges,
靛儿,靛儿,P0198,P0198,靛儿,贾府小丫头,靛兒,1,already_canonical,characters + person_segment_edges,
靛兒,靛儿,P0198,P0198,靛儿,贾府小丫头,靛兒,1,normalize_before_collect,characters + person_segment_edges,
白老媳妇,白老媳妇,P0199,P0199,白老媳妇,荣国府仆妇,白老媳婦,1,already_canonical,characters + person_segment_edges,
白老媳婦,白老媳妇,P0199,P0199,白老媳妇,荣国府仆妇,白老媳婦,1,normalize_before_collect,characters + person_segment_edges,
宝官,宝官,P0200,P0200,宝官,贾府戏班女孩子，扮小生,,1,already_canonical,characters + person_segment_edges,
玉官,玉官,P0201,P0201,玉官,贾府戏班女孩子，扮正旦,,1,already_canonical,characters + person_segment_edges,
王济仁,王济仁,P0202,P0202,王济仁,大夫,,1,already_canonical,characters + person_segment_edges,
周奶娘,周奶娘,P0203,P0203,周奶娘,史湘云乳母,,1,already_canonical,characters + person_segment_edges,
忠顺王爷,忠顺亲王,P0204,P0204,忠顺亲王,皇族亲王,忠顺王爷；忠顺亲王,1,normalize_before_collect,characters + person_segment_edges,
忠顺亲王,忠顺亲王,P0204,P0204,忠顺亲王,皇族亲王,忠顺王爷；忠顺亲王,1,already_canonical,characters + person_segment_edges,
长史官,忠顺府长史官,P0205,P0205,忠顺府长史官,忠顺亲王府长史官,长史官；忠顺府长史官,2,normalize_before_collect,characters + person_segment_edges,
忠顺府长史官,忠顺府长史官,P0205,P0205,忠顺府长史官,忠顺亲王府长史官,长史官；忠顺府长史官,2,already_canonical,characters + person_segment_edges,
来兴,来兴,P0206,P0206,来兴,贾府管事仆从,来兴,1,already_canonical,characters + person_segment_edges,
春纤,春纤,P0207,P0207,春纤,林黛玉房中丫鬟,春纖,1,already_canonical,characters + person_segment_edges,
春纖,春纤,P0207,P0207,春纤,林黛玉房中丫鬟,春纖,1,normalize_before_collect,characters + person_segment_edges,
吴新登媳妇,吴新登媳妇,P0208,P0208,吴新登媳妇,贾府有年纪常往来的管事媳妇,吳新登媳婦；吴新登家的,1,already_canonical,characters + person_segment_edges,
吳新登媳婦,吴新登媳妇,P0208,P0208,吴新登媳妇,贾府有年纪常往来的管事媳妇,吳新登媳婦；吴新登家的,1,normalize_before_collect,characters + person_segment_edges,
吴新登家的,吴新登媳妇,P0208,P0208,吴新登媳妇,贾府有年纪常往来的管事媳妇,吳新登媳婦；吴新登家的,1,normalize_before_collect,characters + person_segment_edges,
郑好时媳妇,郑好时媳妇,P0209,P0209,郑好时媳妇,贾府有年纪常往来的管事媳妇,鄭好時媳婦；郑好时家的,1,already_canonical,characters + person_segment_edges,
鄭好時媳婦,郑好时媳妇,P0209,P0209,郑好时媳妇,贾府有年纪常往来的管事媳妇,鄭好時媳婦；郑好时家的,1,normalize_before_collect,characters + person_segment_edges,
郑好时家的,郑好时媳妇,P0209,P0209,郑好时媳妇,贾府有年纪常往来的管事媳妇,鄭好時媳婦；郑好时家的,1,normalize_before_collect,characters + person_segment_edges,
传试,传试,P0210,P0210,传试,贾政门生、通判，传秋芳之兄,通判传试,0,already_canonical,characters + person_segment_edges,
通判传试,传试,P0210,P0210,传试,贾政门生、通判，传秋芳之兄,通判传试,0,normalize_before_collect,characters + person_segment_edges,
传秋芳,传秋芳,P0211,P0211,传秋芳,传试之妹，宝玉闻名而神往的闺秀,传家小姐,0,already_canonical,characters + person_segment_edges,
传家小姐,传秋芳,P0211,P0211,传秋芳,传试之妹，宝玉闻名而神往的闺秀,传家小姐,0,normalize_before_collect,characters + person_segment_edges,
翠墨,翠墨,P0212,P0212,翠墨,贾探春房中丫鬟,,2,already_canonical,characters + person_segment_edges,
宋妈妈,宋妈妈,P0213,P0213,宋妈妈,怡红院老嬷嬷,老宋媽媽,1,already_canonical,characters + person_segment_edges,
老宋媽媽,宋妈妈,P0213,P0213,宋妈妈,怡红院老嬷嬷,老宋媽媽,1,normalize_before_collect,characters + person_segment_edges,
柳湘莲,柳湘莲,P0214,P0214,柳湘莲,世家子弟,湘莲；小柳儿,19,already_canonical,characters + person_segment_edges,
湘莲,柳湘莲,P0214,P0214,柳湘莲,世家子弟,湘莲；小柳儿,19,normalize_before_collect,characters + person_segment_edges,
小柳儿,柳湘莲,P0214,P0214,柳湘莲,世家子弟,湘莲；小柳儿,19,normalize_before_collect,characters + person_segment_edges,
赖尚荣,赖尚荣,P0215,P0215,赖尚荣,赖家子弟,赖尚荣,3,already_canonical,characters + person_segment_edges,
张德辉,张德辉,P0216,P0216,张德辉,薛家老伙计,张德辉,1,already_canonical,characters + person_segment_edges,
邢岫烟,邢岫烟,P0217,P0217,邢岫烟,邢夫人娘家侄女，随父母进京投奔贾府亲眷。,,23,already_canonical,characters + person_segment_edges,alias_ambiguous:P0217|P0312
薛蝌,薛蝌,P0218,P0218,薛蝌,薛蟠从弟，随妹薛宝琴进京备婚。,,42,already_canonical,characters + person_segment_edges,
薛宝琴,薛宝琴,P0219,P0219,薛宝琴,薛蝌胞妹，薛家女眷，已许配梅翰林之子。,,14,already_canonical,characters + person_segment_edges,
李纹,李纹,P0220,P0220,李纹,李纨寡婶长女，随母进京寄住稻香村。,,5,already_canonical,characters + person_segment_edges,
李绮,李绮,P0221,P0221,李绮,李纨寡婶次女，随母进京寄住稻香村。,,4,already_canonical,characters + person_segment_edges,
李婶,李婶,P0222,P0222,李婶,李纨寡婶，携李纹、李绮进京投亲。,,2,already_canonical,characters + person_segment_edges,
乌庄头,乌进孝,P0223,P0223,乌进孝,宁国府黑山村庄头。,乌庄头；乌进孝,1,normalize_before_collect,characters + person_segment_edges,
乌进孝,乌进孝,P0223,P0223,乌进孝,宁国府黑山村庄头。,乌庄头；乌进孝,1,already_canonical,characters + person_segment_edges,
赖升,赖升,P0224,P0224,赖升,贾府管事仆从。,赖升,1,already_canonical,characters + person_segment_edges,
文豹,文豹,P0225,P0225,文豹,元宵家宴小戏伶人。,文豹,0,already_canonical,characters + person_segment_edges,
太妃,太妃,P0226,P0226,太妃,宫中太妃,宫中太妃,1,already_canonical,characters + person_segment_edges,
宫中太妃,太妃,P0226,P0226,太妃,宫中太妃,宫中太妃,1,normalize_before_collect,characters + person_segment_edges,
芳官,芳官,P0227,P0227,芳官,原梨香院女优，后分派至怡红院服侍宝玉,正旦,10,already_canonical,characters + person_segment_edges,
正旦,芳官,P0227,P0227,芳官,原梨香院女优，后分派至怡红院服侍宝玉,正旦,10,normalize_before_collect,characters + person_segment_edges,
藕官,藕官,P0228,P0228,藕官,原梨香院女优，后分派至潇湘馆服侍黛玉,小生,2,already_canonical,characters + person_segment_edges,
小生,藕官,P0228,P0228,藕官,原梨香院女优，后分派至潇湘馆服侍黛玉,小生,2,normalize_before_collect,characters + person_segment_edges,
蕊官,蕊官,P0229,P0229,蕊官,原梨香院女优，后分派至蘅芜苑服侍宝钗,小旦,0,already_canonical,characters + person_segment_edges,
小旦,蕊官,P0229,P0229,蕊官,原梨香院女优，后分派至蘅芜苑服侍宝钗,小旦,0,normalize_before_collect,characters + person_segment_edges,alias_ambiguous:P0229|P0230
菂官,菂官,P0230,P0230,菂官,原梨香院女优，藕官旧日戏中搭档,小旦,0,already_canonical,characters + person_segment_edges,
小旦,菂官,P0230,P0230,菂官,原梨香院女优，藕官旧日戏中搭档,小旦,0,normalize_before_collect,characters + person_segment_edges,alias_ambiguous:P0229|P0230
春燕,春燕,P0231#row231,P0231,春燕,大观园内服役小丫头，何婆之女,小燕,0,already_canonical,characters + person_segment_edges,alias_ambiguous:P0231#row231|P0231#row232
小燕,春燕,P0231#row231,P0231,春燕,大观园内服役小丫头，何婆之女,小燕,0,normalize_before_collect,characters + person_segment_edges,alias_ambiguous:P0231#row231|P0231#row232
春燕,春燕,P0231#row232,P0231,春燕,大观园内服役小丫头，何婆之女,小燕,6,already_canonical,characters + person_segment_edges,alias_ambiguous:P0231#row231|P0231#row232
小燕,春燕,P0231#row232,P0231,春燕,大观园内服役小丫头，何婆之女,小燕,6,normalize_before_collect,characters + person_segment_edges,alias_ambiguous:P0231#row231|P0231#row232
夏婆子,夏婆子,P0232,P0232,夏婆子,大观园内与戏班诸小伶人相关的婆子,夏妈,0,already_canonical,characters + person_segment_edges,
夏妈,夏婆子,P0232,P0232,夏婆子,大观园内与戏班诸小伶人相关的婆子,夏妈,0,normalize_before_collect,characters + person_segment_edges,
葵官,葵官,P0233,P0233,葵官,史湘云房中所蓄小戏子,大花面葵官,0,already_canonical,characters + person_segment_edges,
大花面葵官,葵官,P0233,P0233,葵官,史湘云房中所蓄小戏子,大花面葵官,0,normalize_before_collect,characters + person_segment_edges,
豆官,豆官,P0234,P0234,豆官,薛宝琴房中所蓄小戏子,宝琴的豆官,0,already_canonical,characters + person_segment_edges,
宝琴的豆官,豆官,P0234,P0234,豆官,薛宝琴房中所蓄小戏子,宝琴的豆官,0,normalize_before_collect,characters + person_segment_edges,
艾官,艾官,P0235,P0235,艾官,探春房中相关役使小伶人,,0,already_canonical,characters + person_segment_edges,
蟬姐儿,蟬姐儿,P0236,P0236,蟬姐儿,探春房中当役小丫头,蟬儿；蟬姐,0,already_canonical,characters + person_segment_edges,
蟬儿,蟬姐儿,P0236,P0236,蟬姐儿,探春房中当役小丫头,蟬儿；蟬姐,0,normalize_before_collect,characters + person_segment_edges,
蟬姐,蟬姐儿,P0236,P0236,蟬姐儿,探春房中当役小丫头,蟬儿；蟬姐,0,normalize_before_collect,characters + person_segment_edges,
柳家的,柳家的,P0237,P0237,柳家的,荣府内厨役与梨香院差役妇人,柳家媳妇；柳嫂子,7,already_canonical,characters + person_segment_edges,
柳家媳妇,柳家的,P0237,P0237,柳家的,荣府内厨役与梨香院差役妇人,柳家媳妇；柳嫂子,7,normalize_before_collect,characters + person_segment_edges,
柳嫂子,柳家的,P0237,P0237,柳家的,荣府内厨役与梨香院差役妇人,柳家媳妇；柳嫂子,7,normalize_before_collect,characters + person_segment_edges,
五儿,五儿,P0238,P0238,五儿,柳家的之女，荣府外厨役家庭女子,柳五儿,5,already_canonical,characters + person_segment_edges,alias_ambiguous:P0238|P0264
柳五儿,五儿,P0238,P0238,五儿,柳家的之女，荣府外厨役家庭女子,柳五儿,5,normalize_before_collect,characters + person_segment_edges,alias_ambiguous:P0238|P0264
钱槐,钱槐,P0239,P0239,钱槐,荣府外层家人子弟，随贾环上学,錢槐,1,already_canonical,characters + person_segment_edges,
錢槐,钱槐,P0239,P0239,钱槐,荣府外层家人子弟，随贾环上学,錢槐,1,normalize_before_collect,characters + person_segment_edges,
莲花儿,莲花儿,P0240,P0240,莲花儿,迎春房中小丫头,蓮花兒,1,already_canonical,characters + person_segment_edges,
蓮花兒,莲花儿,P0240,P0240,莲花儿,迎春房中小丫头,蓮花兒,1,normalize_before_collect,characters + person_segment_edges,
秦显家的,秦显家的,P0241,P0241,秦显家的,大观园内上夜媳妇,秦顯的女人；司棋婶娘,0,already_canonical,characters + person_segment_edges,
秦顯的女人,秦显家的,P0241,P0241,秦显家的,大观园内上夜媳妇,秦顯的女人；司棋婶娘,0,normalize_before_collect,characters + person_segment_edges,
司棋婶娘,秦显家的,P0241,P0241,秦显家的,大观园内上夜媳妇,秦顯的女人；司棋婶娘,0,normalize_before_collect,characters + person_segment_edges,
尤老娘,尤老娘,P0242,P0242,尤老娘,尤氏继母，尤二姐与尤三姐之母,尤老安人；亲家太太,4,already_canonical,characters + person_segment_edges,
尤老安人,尤老娘,P0242,P0242,尤老娘,尤氏继母，尤二姐与尤三姐之母,尤老安人；亲家太太,4,normalize_before_collect,characters + person_segment_edges,
亲家太太,尤老娘,P0242,P0242,尤老娘,尤氏继母，尤二姐与尤三姐之母,尤老安人；亲家太太,4,normalize_before_collect,characters + person_segment_edges,
尤二姐,尤二姐,P0243,P0243,尤二姐,尤氏继母所出之女，尤三姐之姐,二姐儿；二姨儿,16,already_canonical,characters + person_segment_edges,
二姐儿,尤二姐,P0243,P0243,尤二姐,尤氏继母所出之女，尤三姐之姐,二姐儿；二姨儿,16,normalize_before_collect,characters + person_segment_edges,
二姨儿,尤二姐,P0243,P0243,尤二姐,尤氏继母所出之女，尤三姐之姐,二姐儿；二姨儿,16,normalize_before_collect,characters + person_segment_edges,
尤三姐,尤三姐,P0244,P0244,尤三姐,尤氏继母所出之女，尤二姐之妹,三姐儿；三姨儿,16,already_canonical,characters + person_segment_edges,
三姐儿,尤三姐,P0244,P0244,尤三姐,尤氏继母所出之女，尤二姐之妹,三姐儿；三姨儿,16,normalize_before_collect,characters + person_segment_edges,
三姨儿,尤三姐,P0244,P0244,尤三姐,尤氏继母所出之女，尤二姐之妹,三姐儿；三姨儿,16,normalize_before_collect,characters + person_segment_edges,
俞禄,俞禄,P0245,P0245,俞禄,宁府内务小管家,,2,already_canonical,characters + person_segment_edges,
张华,张华,P0246,P0246,张华,张家后人，尤二姐旧婚约对象,,5,already_canonical,characters + person_segment_edges,
鲍二,鲍二,P0247,P0247,鲍二,贾琏外宅仆役，多姑娘儿之夫,,4,already_canonical,characters + person_segment_edges,
兴儿,兴儿,P0248,P0248,兴儿,贾琏心腹小厮，二门上该班人,,14,already_canonical,characters + person_segment_edges,
隆儿,隆儿,P0249,P0249,隆儿,贾琏心腹小童,,2,already_canonical,characters + person_segment_edges,
喜儿,喜儿,P0250,P0250,喜儿,贾珍随从小厮,,0,already_canonical,characters + person_segment_edges,
寿儿,寿儿,P0251,P0251,寿儿,贾珍随从小厮,,0,already_canonical,characters + person_segment_edges,
鲍二家的（新）,鲍二家的（新）,P0252,P0252,鲍二家的（新）,贾府管家鲍二之妻（第六十六回重指）,鲍二家的,1,already_canonical,characters + person_segment_edges,
鲍二家的,鲍二家的（新）,P0252,P0252,鲍二家的（新）,贾府管家鲍二之妻（第六十六回重指）,鲍二家的,1,normalize_before_collect,characters + person_segment_edges,
瘸腿道士,瘸腿道士,P0253,P0253,瘸腿道士,第六十六回破庙点化柳湘蓮之出世道士,瘸腿道士,1,already_canonical,characters + person_segment_edges,
同喜,同喜,P0254,P0254,同喜,薛姨妈房中丫鬟,,0,already_canonical,characters + person_segment_edges,
祝妈,祝妈,P0255,P0255,祝妈,大观园看管花果的老媽媽,,1,already_canonical,characters + person_segment_edges,
善姐,善姐,P0256,P0256,善姐,凤姐派给尤二姐使唤的丫头,善姐儿,1,already_canonical,characters + person_segment_edges,
善姐儿,善姐,P0256,P0256,善姐,凤姐派给尤二姐使唤的丫头,善姐儿,1,normalize_before_collect,characters + person_segment_edges,
王信,王信,P0257,P0257,王信,王家门下、凤姐托用的打点人,,1,already_canonical,characters + person_segment_edges,
庆儿,庆儿,P0258,P0258,庆儿,凤姐房里小厮,,0,already_canonical,characters + person_segment_edges,
旺儿媳婦,旺儿媳婦,P0259,P0259,旺儿媳婦,来旺儿之妻、凤姐跳用的赴家媳婦,旺儿媳婦；旺儿家的,2,already_canonical,characters + person_segment_edges,
旺儿家的,旺儿媳婦,P0259,P0259,旺儿媳婦,来旺儿之妻、凤姐跳用的赴家媳婦,旺儿媳婦；旺儿家的,2,normalize_before_collect,characters + person_segment_edges,
秋桐,秋桐,P0260,P0260,秋桐,贾赦房里丫髅，赏给贾璉为妾,秋桐姐姐,3,already_canonical,characters + person_segment_edges,
秋桐姐姐,秋桐,P0260,P0260,秋桐,贾赦房里丫髅，赏给贾璉为妾,秋桐姐姐,3,normalize_before_collect,characters + person_segment_edges,
胡君荣,胡君荣,P0261,P0261,胡君荣,外科大夫（代诊）,胡廉访,1,already_canonical,characters + person_segment_edges,
胡廉访,胡君荣,P0261,P0261,胡君荣,外科大夫（代诊）,胡廉访,1,normalize_before_collect,characters + person_segment_edges,
王太医,王太医,P0262,P0262,王太医,贾府常请的太医,王大夫,0,already_canonical,characters + person_segment_edges,
王大夫,王太医,P0262,P0262,王太医,贾府常请的太医,王大夫,0,normalize_before_collect,characters + person_segment_edges,alias_ambiguous:P0194|P0262
张华父,张华父,P0263,P0263,张华父,张华之父、贾府旧仆之孙,张老儿,0,already_canonical,characters + person_segment_edges,
张老儿,张华父,P0263,P0263,张华父,张华之父、贾府旧仆之孙,张老儿,0,normalize_before_collect,characters + person_segment_edges,
柳五儿,柳五儿,P0264,P0264,柳五儿,柳婆女，怡红院应选丫头,五儿,4,already_canonical,characters + person_segment_edges,alias_ambiguous:P0238|P0264
五儿,柳五儿,P0264,P0264,柳五儿,柳婆女，怡红院应选丫头,五儿,4,normalize_before_collect,characters + person_segment_edges,alias_ambiguous:P0238|P0264
碧月,碧月,P0265,P0265,碧月,李纫房中丫头,,1,already_canonical,characters + person_segment_edges,
嫣红,嫣红,P0266,P0266,嫣红,贾赦院中丫头,,0,already_canonical,characters + person_segment_edges,
林大娘,林大娘,P0267,P0267,林大娘,贾府执事婆子,,0,already_canonical,characters + person_segment_edges,
时觉,时觉,P0268,P0268,时觉,铁槛寺僧人,,0,already_canonical,characters + person_segment_edges,
喜鸾,喜鸾,P0269,P0269,喜鸾,贾琲之女，贾府旁支孙女,,0,already_canonical,characters + person_segment_edges,
四姐儿,四姐儿,P0270,P0270,四姐儿,贾琼之女，贾府旁支孙女,,0,already_canonical,characters + person_segment_edges,
潘又安,潘又安,P0271,P0271,潘又安,司棋姑舅兄弟,,3,already_canonical,characters + person_segment_edges,
费婆子,费婆子,P0272,P0272,费婆子,邢夫人陪房，其子娶罢事婆子之女,费大娘,1,already_canonical,characters + person_segment_edges,
费大娘,费婆子,P0272,P0272,费婆子,邢夫人陪房，其子娶罢事婆子之女,费大娘,1,normalize_before_collect,characters + person_segment_edges,
南安太妃,南安太妃,P0273,P0273,南安太妃,南安郡王太妃,,2,already_canonical,characters + person_segment_edges,
北静王妃,北静王妃,P0274,P0274,北静王妃,北静郡王妃（水溶之妃）,,0,already_canonical,characters + person_segment_edges,
朱嫂子,朱嫂子,P0275,P0275,朱嫂子,官媒婆,官媒婆朱嫂子,0,already_canonical,characters + person_segment_edges,
官媒婆朱嫂子,朱嫂子,P0275,P0275,朱嫂子,官媒婆,官媒婆朱嫂子,0,normalize_before_collect,characters + person_segment_edges,
来旺,来旺,P0276,P0276,来旺,荣国府仆人·王熙凤陪房,旺儿、来旺儿,1,already_canonical,characters + person_segment_edges,
旺儿,来旺,P0276,P0276,来旺,荣国府仆人·王熙凤陪房,旺儿、来旺儿,1,normalize_before_collect,characters + person_segment_edges,
来旺儿,来旺,P0276,P0276,来旺,荣国府仆人·王熙凤陪房,旺儿、来旺儿,1,normalize_before_collect,characters + person_segment_edges,alias_ambiguous:P0112|P0276
来旺儿子,来旺儿子,P0277,P0277,来旺儿子,来旺之子·荣国府仆人之子,旺儿小子,0,already_canonical,characters + person_segment_edges,
旺儿小子,来旺儿子,P0277,P0277,来旺儿子,来旺之子·荣国府仆人之子,旺儿小子,0,normalize_before_collect,characters + person_segment_edges,
彩霞之母,彩霞之母,P0278,P0278,彩霞之母,王夫人房里彩霞之母,,0,already_canonical,characters + person_segment_edges,
小内监,小内监,P0279,P0279,小内监,夏太监属下小内监,,0,already_canonical,characters + person_segment_edges,
孙大人,孙大人,P0280,P0280,孙大人,求亲之客·外姓大人,,0,already_canonical,characters + person_segment_edges,
麽月,麽月,P0281,P0281,麽月,怡红院大丫鸟,,0,already_canonical,characters + person_segment_edges,
绣橘,绣橘,P0282,P0282,绣橘,迎春丫鸟,,2,already_canonical,characters + person_segment_edges,
小鹊,小鹊,P0283,P0283,小鹊,赵姨娘房里丫鸟,,1,already_canonical,characters + person_segment_edges,
傻大姐,傻大姐,P0284,P0284,傻大姐,贾母边粗活小丫头,,9,already_canonical,characters + person_segment_edges,
玉柱儿媳妇,玉柱儿媳妇,P0285,P0285,玉柱儿媳妇,迎春乳母的儿媳,玉柱婆,0,already_canonical,characters + person_segment_edges,
玉柱婆,玉柱儿媳妇,P0285,P0285,玉柱儿媳妇,迎春乳母的儿媳,玉柱婆,0,normalize_before_collect,characters + person_segment_edges,
迎春乳母,迎春乳母,P0286,P0286,迎春乳母,迎春乳母，聚赌大头家之一,玉柱儿娘／老奶奶,0,already_canonical,characters + person_segment_edges,
玉柱儿娘／老奶奶,迎春乳母,P0286,P0286,迎春乳母,迎春乳母，聚赌大头家之一,玉柱儿娘／老奶奶,0,normalize_before_collect,characters + person_segment_edges,
王善保家的,王善保家的,P0287,P0287,王善保家的,邢夫人的陪房/心腹；司棋外祖母,王家的,2,already_canonical,characters + person_segment_edges,
王家的,王善保家的,P0287,P0287,王善保家的,邢夫人的陪房/心腹；司棋外祖母,王家的,2,normalize_before_collect,characters + person_segment_edges,
吴兴家的,吴兴家的,P0288,P0288,吴兴家的,贾府陪房/管事婆子,,0,already_canonical,characters + person_segment_edges,
郑华家的,郑华家的,P0289,P0289,郑华家的,贾府陪房/管事婆子,,0,already_canonical,characters + person_segment_edges,
来喜家的,来喜家的,P0290,P0290,来喜家的,贾府陪房/管事婆子,,0,already_canonical,characters + person_segment_edges,
张妈,张妈,P0291,P0291,张妈,大观园后门上的婆子,,0,already_canonical,characters + person_segment_edges,
佩凤,佩凤,P0292,P0292,佩凤,尤氏/珍大媳子身边丫头,,2,already_canonical,characters + person_segment_edges,
翠云,翠云,P0293,P0293,翠云,邢夫人身边年轻丫头/小姨娘,,0,already_canonical,characters + person_segment_edges,
邢德全,邢德全,P0294,P0294,邢德全,邢夫人胞弟·贾府赌局客,傻大舒,1,already_canonical,characters + person_segment_edges,
傻大舒,邢德全,P0294,P0294,邢德全,邢夫人胞弟·贾府赌局客,傻大舒,1,normalize_before_collect,characters + person_segment_edges,
贾琥,贾琥,P0295,P0295,贾琥,贾赦之子·荣府旁子弟,,0,already_canonical,characters + person_segment_edges,
银蝶儿,银蝶儿,P0296,P0296,银蝶儿,尤氏贴身丫鬟,银蝶,0,already_canonical,characters + person_segment_edges,
银蝶,银蝶儿,P0296,P0296,银蝶儿,尤氏贴身丫鬟,银蝶,0,normalize_before_collect,characters + person_segment_edges,
素云,素云,P0297,P0297,素云,李纫贴身丫鬟,,0,already_canonical,characters + person_segment_edges,
文花,文花,P0298,P0298,文花,贾珍姬妾,,0,already_canonical,characters + person_segment_edges,
智通,智通,P0299,P0299,智通,水月座庵尼姑,,0,already_canonical,characters + person_segment_edges,
圆信,圆信,P0300,P0300,圆信,地藏庵尼姑,,0,already_canonical,characters + person_segment_edges,
吴贵,吴贵,P0301,P0301,吴贵,荣国府外差役·多姑娘之夫,,1,already_canonical,characters + person_segment_edges,
吴贵家的,吴贵家的,P0302,P0302,吴贵家的,荣国府仆妇·吴贵之妻（多姑娘）,,2,already_canonical,characters + person_segment_edges,
林四娘,林四娘,P0303,P0303,林四娘,恒王姬妃·姽嫿将军（78回姽嫿词主角）,,0,already_canonical,characters + person_segment_edges,
恒王,恒王,P0304,P0304,恒王,青州恒王（78回林四娘故事中人物）,,0,already_canonical,characters + person_segment_edges,
孙绍祖,孙绍祖,P0305,P0305,孙绍祖,大同府指挥使·迎春之夫（中山狼）,,3,already_canonical,characters + person_segment_edges,
夏金桂,夏金桂,P0306,P0306,夏金桂,薛蟠继室·夏家千金（79回进薛家）,,43,already_canonical,characters + person_segment_edges,
夏奶奶,夏奶奶,P0307,P0307,夏奶奶,夏金桂之母·夏家主母,,6,already_canonical,characters + person_segment_edges,
宝蟾,宝蟾,P0308,P0308,宝蟾,夏金桂的个儿丫鬟,,33,already_canonical,characters + person_segment_edges,
小舍儿,小舍儿,P0309,P0309,小舍儿,夏金桂从小使唤的丫鬟,,1,already_canonical,characters + person_segment_edges,
王一贴,王一贴,P0310,P0310,王一贴,天齐庙当家老王道士,,1,already_canonical,characters + person_segment_edges,
王尔调,王尔调,P0311,P0311,王尔调,贾政门客·善大棋,名作梅、王兄,1,already_canonical,characters + person_segment_edges,
名作梅,王尔调,P0311,P0311,王尔调,贾政门客·善大棋,名作梅、王兄,1,normalize_before_collect,characters + person_segment_edges,
王兄,王尔调,P0311,P0311,王尔调,贾政门客·善大棋,名作梅、王兄,1,normalize_before_collect,characters + person_segment_edges,
邢岫烟,邢岫烟,P0312,P0312,邢岫烟,邢夫人之侄女·贾府寄居,,0,already_canonical,characters + person_segment_edges,alias_ambiguous:P0217|P0312
吴巡抚,吴巡抚,P0313,P0313,吴巡抚,巡抚·朝廷外官,,0,already_canonical,characters + person_segment_edges,
锄药,锄药,P0314,P0314,锄药,怡红院小厅,,0,already_canonical,characters + person_segment_edges,
张三,张三,P0315,P0315,张三,李家店当槽儿的,,0,already_canonical,characters + person_segment_edges,alias_ambiguous:P0315|P0343
张王氏,张王氏,P0316,P0316,张王氏,张三之母（尸亲）,,4,already_canonical,characters + person_segment_edges,
张二,张二,P0317,P0317,张二,张三之叔（尸叔）,,1,already_canonical,characters + person_segment_edges,
李二,李二,P0318,P0318,李二,李家店掌柜/店主,,0,already_canonical,characters + person_segment_edges,
吴良,吴良,P0319,P0319,吴良,薛蟠同桌饮酒者,,0,already_canonical,characters + person_segment_edges,
李祥,李祥,P0320,P0320,李祥,薛家家人（随薛蝌办案）,,0,already_canonical,characters + person_segment_edges,
李绥,李绥,P0321,P0321,李绥,李纹之妹、李纹的堂妹,,0,already_canonical,characters + person_segment_edges,
墨雨,墨雨,P0322,P0322,墨雨,宝玉书房小厅使,,1,already_canonical,characters + person_segment_edges,
彩屏,彩屏,P0323,P0323,彩屏,惜春身边丫鬟,,3,already_canonical,characters + person_segment_edges,
何三,何三,P0324,P0324,何三,周瑞干儿子、无赖,,9,already_canonical,characters + person_segment_edges,
宝蝉,宝蝉,P0325,P0325,宝蝉,夏金桂陪嫁丫鬟,宝蝉,4,already_canonical,characters + person_segment_edges,
夏三,夏三,P0326,P0326,夏三,夏金桂过继兄弟·夏家从屯里过继来京的男丁,舅爷（金桂稱呼）,8,already_canonical,characters + person_segment_edges,
舅爷（金桂稱呼）,夏三,P0326,P0326,夏三,夏金桂过继兄弟·夏家从屯里过继来京的男丁,舅爷（金桂稱呼）,8,normalize_before_collect,characters + person_segment_edges,
詹光,詹光,P0327,P0327,詹光,贾政客荗/常拜棋友,詹光;詹公,3,already_canonical,characters + person_segment_edges,
詹公,詹光,P0327,P0327,詹光,贾政客荗/常拜棋友,詹光;詹公,3,normalize_before_collect,characters + person_segment_edges,
司棋母,司棋母,P0328,P0328,司棋母,司棋之母/家仆媽媽,司棋媽;司棋的母亲,4,already_canonical,characters + person_segment_edges,
司棋媽,司棋母,P0328,P0328,司棋母,司棋之母/家仆媽媽,司棋媽;司棋的母亲,4,normalize_before_collect,characters + person_segment_edges,
司棋的母亲,司棋母,P0328,P0328,司棋母,司棋之母/家仆媽媽,司棋媽;司棋的母亲,4,normalize_before_collect,characters + person_segment_edges,
包勇,包勇,P0329,P0329,包勇,奴仆/甘家家奴转入贾府,,18,already_canonical,characters + person_segment_edges,
沁香,沁香,P0330,P0330,沁香,宗教人物/水月庵小沙弥,,3,already_canonical,characters + person_segment_edges,
鹤仙,鹤仙,P0331,P0331,鹤仙,宗教人物/水月庵女道士,,2,already_canonical,characters + person_segment_edges,
扫红,扫红,P0332,P0332,扫红,小厹/贾宝玉随身小厹,,1,already_canonical,characters + person_segment_edges,
锺药,锺药,P0333,P0333,锺药,小厹/贾宝玉随身小厹,,1,already_canonical,characters + person_segment_edges,
临安伯,临安伯,P0334,P0334,临安伯,勋贵/伯爵府主,临安伯爷,2,already_canonical,characters + person_segment_edges,
临安伯爷,临安伯,P0334,P0334,临安伯,勋贵/伯爵府主,临安伯爷,2,normalize_before_collect,characters + person_segment_edges,
甄应嘉,甄应嘉,P0335,P0335,甄应嘉,官宦/甘家家主,甘家老爷/甘府老爷,2,already_canonical,characters + person_segment_edges,
甘家老爷/甘府老爷,甄应嘉,P0335,P0335,甄应嘉,官宦/甘家家主,甘家老爷/甘府老爷,2,normalize_before_collect,characters + person_segment_edges,
珍珠,珍珠,P0336,P0336,珍珠,丫鬟/贾母身边大丫头,珍珠,3,already_canonical,characters + person_segment_edges,
傅试,傅试,P0337,P0337,傅试,通判/宝玉旧交心资/傅秋芳之兄,傅试,2,already_canonical,characters + person_segment_edges,
傅试家的,傅试家的,P0338,P0338,傅试家的,傅家仆妇/议亲试探者,傅试家的两个女人,1,already_canonical,characters + person_segment_edges,
傅试家的两个女人,傅试家的,P0338,P0338,傅试家的,傅家仆妇/议亲试探者,傅试家的两个女人,1,normalize_before_collect,characters + person_segment_edges,
毕知庵,毕知庵,P0339,P0339,毕知庵,城外破寺穷医/名医,毕大夫、知庵,2,already_canonical,characters + person_segment_edges,
毕大夫,毕知庵,P0339,P0339,毕知庵,城外破寺穷医/名医,毕大夫、知庵,2,normalize_before_collect,characters + person_segment_edges,
知庵,毕知庵,P0339,P0339,毕知庵,城外破寺穷医/名医,毕大夫、知庵,2,normalize_before_collect,characters + person_segment_edges,
李十儿,李十儿,P0340,P0340,李十儿,粮道衙门管门的家人,,13,already_canonical,characters + person_segment_edges,
詹会,詹会,P0341,P0341,詹会,粮道衙门粉房书办,,2,already_canonical,characters + person_segment_edges,
周琼,周琼,P0342,P0342,周琼,镇守海门统制,,2,already_canonical,characters + person_segment_edges,
张三,张三,P0343,P0343,张三,太平县李家店当槽的,,1,already_canonical,characters + person_segment_edges,alias_ambiguous:P0315|P0343
王奶妈,王奶妈,P0344,P0344,王奶妈,黛玉乳母王嬷嬷；黛玉灵柩还南之际领养雪雁的年长仆妇,王嬷嬷,1,already_canonical,characters + person_segment_edges,
王嬷嬷,王奶妈,P0344,P0344,王奶妈,黛玉乳母王嬷嬷；黛玉灵柩还南之际领养雪雁的年长仆妇,王嬷嬷,1,normalize_before_collect,characters + person_segment_edges,
散花寺大了,散花寺大了,P0345,P0345,散花寺大了,散花寺姑子·贾府常往来比丘尼·菩萨废签记管者,大了,2,already_canonical,characters + person_segment_edges,
大了,散花寺大了,P0345,P0345,散花寺大了,散花寺姑子·贾府常往来比丘尼·菩萨废签记管者,大了,2,normalize_before_collect,characters + person_segment_edges,
王子胜,王子胜,P0346,P0346,王子胜,王子腾之弟·王仁之二叔·官员身份,二舌太爷·二舅·二叔,1,already_canonical,characters + person_segment_edges,alias_ambiguous:P0346|P0365
二舌太爷·二舅·二叔,王子胜,P0346,P0346,王子胜,王子腾之弟·王仁之二叔·官员身份,二舌太爷·二舅·二叔,1,normalize_before_collect,characters + person_segment_edges,
裘世安,裘世安,P0347,P0347,裘世安,京内宫中贅衣太监·托人情之关键内线,裘太监·裘爷,2,already_canonical,characters + person_segment_edges,
裘太监·裘爷,裘世安,P0347,P0347,裘世安,京内宫中贅衣太监·托人情之关键内线,裘太监·裘爷,2,normalize_before_collect,characters + person_segment_edges,
毛半仙,毛半仙,P0348,P0348,毛半仙,江湖卜卦人·南方人·六爻与大六壬兼通,毛先生,6,already_canonical,characters + person_segment_edges,
毛先生,毛半仙,P0348,P0348,毛半仙,江湖卜卦人·南方人·六爻与大六壬兼通,毛先生,6,normalize_before_collect,characters + person_segment_edges,
吴贵媳妇,吴贵媳妇,P0349,P0349,吴贵媳妇,园门口看守人吴贵之妻·晴雯表嫂,吴吴娘,0,already_canonical,characters + person_segment_edges,
吴吴娘,吴贵媳妇,P0349,P0349,吴贵媳妇,园门口看守人吴贵之妻·晴雯表嫂,吴吴娘,0,normalize_before_collect,characters + person_segment_edges,
拴儿,拴儿,P0350,P0350,拴儿,贾赦府小家人·年轻家人,,2,already_canonical,characters + person_segment_edges,
贾化,贾化（别族太师）,P0351,P0351,贾化（别族太师）,别族·原任太师·雲南人·與賈雨村同名不同宗,太師賈化,1,normalize_before_collect,characters + person_segment_edges,alias_ambiguous:P0009|P0351
贾化（别族太师）,贾化（别族太师）,P0351,P0351,贾化（别族太师）,别族·原任太师·雲南人·與賈雨村同名不同宗,太師賈化,1,already_canonical,characters + person_segment_edges,
太師賈化,贾化（别族太师）,P0351,P0351,贾化（别族太师）,别族·原任太师·雲南人·與賈雨村同名不同宗,太師賈化,1,normalize_before_collect,characters + person_segment_edges,
贾范,贾范,P0352,P0352,贾范,别族·蘇州刺史·被主上指家奴強占良民妻女,蘇州剌史賈範,1,already_canonical,characters + person_segment_edges,
蘇州剌史賈範,贾范,P0352,P0352,贾范,别族·蘇州刺史·被主上指家奴強占良民妻女,蘇州剌史賈範,1,normalize_before_collect,characters + person_segment_edges,
小张,小张,P0353,P0353,小张,倪二赌场旧识·妻被贾家占·与倪二商议出主意报复,小張,1,already_canonical,characters + person_segment_edges,
小張,小张,P0353,P0353,小张,倪二赌场旧识·妻被贾家占·与倪二商议出主意报复,小張,1,normalize_before_collect,characters + person_segment_edges,
倪二妻,倪二妻,P0354,P0354,倪二妻,醉金剛倪二之妻·赌场寻夫急哭·劝阻倪二酒后闹事,倪二娘子,3,already_canonical,characters + person_segment_edges,
倪二娘子,倪二妻,P0354,P0354,倪二妻,醉金剛倪二之妻·赌场寻夫急哭·劝阻倪二酒后闹事,倪二娘子,3,normalize_before_collect,characters + person_segment_edges,
倪二女,倪二女,P0355,P0355,倪二女,醉金剛倪二之女·父被拿后赌场寻父·母女同去求贾芸,倪二姑娘,0,already_canonical,characters + person_segment_edges,
倪二姑娘,倪二女,P0355,P0355,倪二女,醉金剛倪二之女·父被拿后赌场寻父·母女同去求贾芸,倪二姑娘,0,normalize_before_collect,characters + person_segment_edges,
赵全,赵全,P0356,P0356,赵全,锦衣府堂官（锦衣军查抄办）,赵堂官；老赵；赵老爷,6,already_canonical,characters + person_segment_edges,
赵堂官,赵全,P0356,P0356,赵全,锦衣府堂官（锦衣军查抄办）,赵堂官；老赵；赵老爷,6,normalize_before_collect,characters + person_segment_edges,
老赵,赵全,P0356,P0356,赵全,锦衣府堂官（锦衣军查抄办）,赵堂官；老赵；赵老爷,6,normalize_before_collect,characters + person_segment_edges,
赵老爷,赵全,P0356,P0356,赵全,锦衣府堂官（锦衣军查抄办）,赵堂官；老赵；赵老爷,6,normalize_before_collect,characters + person_segment_edges,
西平郡王,西平郡王,P0357,P0357,西平郡王,郡王（奉旨查抄荣国府主官）,西平王；西平王爷,9,already_canonical,characters + person_segment_edges,
西平王,西平郡王,P0357,P0357,西平郡王,郡王（奉旨查抄荣国府主官）,西平王；西平王爷,9,normalize_before_collect,characters + person_segment_edges,
西平王爷,西平郡王,P0357,P0357,西平郡王,郡王（奉旨查抄荣国府主官）,西平王；西平王爷,9,normalize_before_collect,characters + person_segment_edges,
李御史,李御史,P0358,P0358,李御史,御史（遙奏平安州京官上司迎合荼毒百姓）,,3,already_canonical,characters + person_segment_edges,
贾芝,贾芝,P0359,P0359,贾芝,贾府子弟（贾欔之子、宝玉同辈）,芝哥儿,0,already_canonical,characters + person_segment_edges,
芝哥儿,贾芝,P0359,P0359,贾芝,贾府子弟（贾欔之子、宝玉同辈）,芝哥儿,0,normalize_before_collect,characters + person_segment_edges,
贾㻞,贾㻞,P0360,P0360,贾㻞,贾府子弟（本来不大见人）,,0,already_canonical,characters + person_segment_edges,
戴良,戴良,P0361,P0361,戴良,贾府大管家·外事总那·察财财主,戴良代理,1,already_canonical,characters + person_segment_edges,
戴良代理,戴良,P0361,P0361,戴良,贾府大管家·外事总那·察财财主,戴良代理,1,normalize_before_collect,characters + person_segment_edges,
偕鸾,偕鸾,P0362,P0362,偕鸾,贾珍妾·宁国府女眻,偕鸾,1,already_canonical,characters + person_segment_edges,
北静王府长史,北静王府长史,P0363,P0363,北静王府长史,北静王府长史·使者·传言者,北静王长史,1,already_canonical,characters + person_segment_edges,
北静王长史,北静王府长史,P0363,P0363,北静王府长史,北静王府长史·使者·传言者,北静王长史,1,normalize_before_collect,characters + person_segment_edges,
梅翰林,梅翰林,P0364,P0364,梅翰林,薛宝琴未来公公·梅家长辈,梅家公公；琴姑娘公公,1,already_canonical,characters + person_segment_edges,
梅家公公,梅翰林,P0364,P0364,梅翰林,薛宝琴未来公公·梅家长辈,梅家公公；琴姑娘公公,1,normalize_before_collect,characters + person_segment_edges,
琴姑娘公公,梅翰林,P0364,P0364,梅翰林,薛宝琴未来公公·梅家长辈,梅家公公；琴姑娘公公,1,normalize_before_collect,characters + person_segment_edges,
王子胜,王子胜,P0365,P0365,王子胜,王夫人娘家二舅太爷·王熙凤族亲,二舅太爷,1,already_canonical,characters + person_segment_edges,alias_ambiguous:P0346|P0365
二舅太爷,王子胜,P0365,P0365,王子胜,王夫人娘家二舅太爷·王熙凤族亲,二舅太爷,1,normalize_before_collect,characters + person_segment_edges,
刘大夫,刘大夫,P0366,P0366,刘大夫,医者；曾治宝玉病，后被贾琏提及寻请,劉大夫,0,already_canonical,characters + person_segment_edges,
劉大夫,刘大夫,P0366,P0366,刘大夫,医者；曾治宝玉病，后被贾琏提及寻请,劉大夫,0,normalize_before_collect,characters + person_segment_edges,
