external_node_id,section,external_year_label,external_year_index,raw_time_label,event_summary,source_round,final_status,evidence_strength,internal_segment_no,internal_atom_code,internal_time_block_id,internal_summary,note,main_axis_rule
EXT-WIKI-YEAR-0001,前八十回,元年,1,四月二十八 （或八月 ）,甄士隐 梦入太虚幻境，石头入红尘， 贾宝玉 降生，英莲3岁 。,未入复验队列,二轮压缩后仍模糊,弱,,,,,保留外部旁路，不进入主轴,外部节点不进主轴；复验通过后只由内部证据生成主轴点
EXT-WIKI-YEAR-0002,前八十回,元年,1,八月十五,士隐赠银。,第一轮,内部强证可设点,强,,,,第001回｜时间窗口｜红楼元年与神话入世,内部 time_axis 有强证候选；仍需回原文窗口复核后由内部证据设点,外部节点不进主轴；复验通过后只由内部证据生成主轴点
EXT-WIKI-YEAR-0003,前八十回,元年,1,八月十六,雨村动身进京应试。,第一轮,内部强证可设点,强,,,,第1回｜八月十六｜雨村进京应试,内部 time_axis 有强证候选；仍需回原文窗口复核后由内部证据设点,外部节点不进主轴；复验通过后只由内部证据生成主轴点
EXT-WIKI-YEAR-0004,前八十回,三年,3,正月十五,英莲 5岁 被拐。,第二轮,二轮可候选,中强,01-018,C001-A0018,TB-001-002,元宵英莲丢失·甄家大悲,原文段中同时命中人物和事件短语，可作为内部证据候选；仍需人工回原文确认,外部节点不进主轴；复验通过后只由内部证据生成主轴点
EXT-WIKI-YEAR-0005,前八十回,三年,3,三月十五,葫芦庙大火。,第三轮,三轮夹逼弱候选,弱,01-019,C001-A0019,TB-001-002,葫芦庙火灾·甄家破落,高价值节点被前后内部节点夹住，且命中事件短语；仍需回原文复验,外部节点不进主轴；复验通过后只由内部证据生成主轴点
EXT-WIKI-YEAR-0006,前八十回,四年,4,,甄士隐出家。,第二轮,二轮可候选,中,01-023,C001-A0023,TB-001-002,士隐出走出家·封氏依父度日,原文段命中较集中，可作为候选；不能直接设主轴,外部节点不进主轴；复验通过后只由内部证据生成主轴点
EXT-WIKI-YEAR-0007,前八十回,四年,4,,贾元春入宫 。,未入复验队列,仍未设定,弱,,,,,保留外部旁路，不进入主轴,外部节点不进主轴；复验通过后只由内部证据生成主轴点
EXT-WIKI-YEAR-0008,前八十回,五年,5,,贾雨村 纳娇杏。,未入复验队列,仍未设定,弱,,,,,保留外部旁路，不进入主轴,外部节点不进主轴；复验通过后只由内部证据生成主轴点
EXT-WIKI-YEAR-0009,前八十回,六年,6,,贾雨村 做林宅西席， 林黛玉 5岁 。,未入复验队列,仍未设定,弱,,,,,保留外部旁路，不进入主轴,外部节点不进主轴；复验通过后只由内部证据生成主轴点
EXT-WIKI-YEAR-0010,前八十回,七年,7,夏,黛玉母亲病逝 。,未入复验队列,仍未设定,弱,,,,,保留外部旁路，不进入主轴,外部节点不进主轴；复验通过后只由内部证据生成主轴点
EXT-WIKI-YEAR-0011,前八十回,七年,7,秋,贾雨村 遇 冷子兴 ，贾琏约20岁 ， 王熙凤 嫁到贾府两年 ，王熙凤17岁 ， 贾蓉 16岁 。,未入复验队列,二轮压缩后仍模糊,弱,,,,,保留外部旁路，不进入主轴,外部节点不进主轴；复验通过后只由内部证据生成主轴点
EXT-WIKI-YEAR-0012,前八十回,七年,7,秋月初二,贾雨村护送林黛玉动身。,未入复验队列,仍未设定,弱,,,,,保留外部旁路，不进入主轴,外部节点不进主轴；复验通过后只由内部证据生成主轴点
EXT-WIKI-YEAR-0013,前八十回,八年,8,正月,林黛玉7岁（13岁 ）入贾府，贾迎春8岁 ，探春7岁，惜春6岁， 贾宝玉 8岁 ，贾母71岁 。雪雁10岁 。,未入复验队列,二轮压缩后仍模糊,弱,,,,,保留外部旁路，不进入主轴,外部节点不进主轴；复验通过后只由内部证据生成主轴点
EXT-WIKI-YEAR-0014,前八十回,八年,8,次日,众姊妹到李纨处，贾兰5岁 （4岁 ），李纨约20岁 。王夫人获知薛蟠犯案 。,第一轮,内部证据可候选,中强,97-001..97-034,,TB-097-001,第97回开端时段,内部原文段/时间块/变量点召回较强；需人工复核后决定是否由内部证据设点,外部节点不进主轴；复验通过后只由内部证据生成主轴点
EXT-WIKI-YEAR-0015,前八十回,八年,8,秋,贾雨村判案， 薛蟠 12岁（15岁 ），英莲12岁 （10岁 ）改名香菱。,未入复验队列,二轮压缩后仍模糊,弱,,,,,保留外部旁路，不进入主轴,外部节点不进主轴；复验通过后只由内部证据生成主轴点
EXT-WIKI-YEAR-0016,前八十回,九年,9,春,薛宝钗 11岁 （13岁 ）入贾府。,未入复验队列,二轮压缩后仍模糊,弱,,,,,保留外部旁路，不进入主轴,外部节点不进主轴；复验通过后只由内部证据生成主轴点
EXT-WIKI-YEAR-0017,前八十回,九年,9,腊月,宁府赏梅。贾宝玉9岁，初试云雨情， 袭人 11岁 ，贾蓉18岁 ， 秦可卿 18岁 。,未入复验队列,二轮压缩后仍模糊,弱,,,,,保留外部旁路，不进入主轴,外部节点不进主轴；复验通过后只由内部证据生成主轴点
EXT-WIKI-YEAR-0018,前八十回,十年,10,八月二十,秦可卿病。,第二轮,二轮可候选,中强,10-006,C010-A0006,TB-010-001,尤氏细述秦可卿病求：两月经期未至、下午懒动、眼神发眩，尤氏不成拒尬,原文段中同时命中人物和事件短语，可作为内部证据候选；仍需人工回原文确认,外部节点不进主轴；复验通过后只由内部证据生成主轴点
EXT-WIKI-YEAR-0019,前八十回,十年,10,九月初二,刘姥姥 一进荣国府，大姐儿3岁 ， 王熙凤 20岁 ，平儿15岁 。薛宝钗谈冷香丸， 周瑞家的 送宫花，看香菱像秦可卿。,未入复验队列,二轮压缩后仍模糊,弱,,,,,保留外部旁路，不进入主轴,外部节点不进主轴；复验通过后只由内部证据生成主轴点
EXT-WIKI-YEAR-0020,前八十回,十年,10,九月初三,王熙凤带宝玉访宁府，焦大骂街，宝玉认识 秦钟 ，两人同龄10岁 。,未入复验队列,二轮压缩后仍模糊,弱,,,,,保留外部旁路，不进入主轴,外部节点不进主轴；复验通过后只由内部证据生成主轴点
EXT-WIKI-YEAR-0021,前八十回,十年,10,九月初五,尤氏秦氏摆戏酒，宝玉看宝钗项圈，讨药丸吃，紫鹃派雪雁给林黛玉送手炉，宝玉给 晴雯 9岁 （12岁 ）捂手，怒骂李嬷嬷。,第一轮,内部证据可候选,中强,07-011,07-叙事-013,,凤姐宝玉赴宁府，尤氏秦氏花庁迎接,内部原文段/时间块/变量点召回较强；需人工复核后决定是否由内部证据设点,外部节点不进主轴；复验通过后只由内部证据生成主轴点
EXT-WIKI-YEAR-0022,前八十回,十年,10,九月十二,闹学，贾蔷16岁 。,未入复验队列,仍未设定,弱,,,,,保留外部旁路，不进入主轴,外部节点不进主轴；复验通过后只由内部证据生成主轴点
EXT-WIKI-YEAR-0023,前八十回,十年,10,九月十三,张太医开药方，贾蓉19岁，贾珍38岁 ，贾惜春8岁 ，尤氏33岁 。,第一轮,内部证据可候选,中强,10-014,C010-A0014,TB-010-002,time_axis=第10回｜红楼十年九月十三｜张太医开药方,变量点命中明确事件短语；需回原文窗口复核后才可由内部证据设点,外部节点不进主轴；复验通过后只由内部证据生成主轴点
EXT-WIKI-YEAR-0024,前八十回,十年,10,九月十五,菊花盛开，贾敬生日，贾母不出席，秦可卿卧床不起，贾瑞（23岁 ）见王熙凤（21岁）。,未入复验队列,二轮压缩后仍模糊,弱,,,,,保留外部旁路，不进入主轴,外部节点不进主轴；复验通过后只由内部证据生成主轴点
EXT-WIKI-YEAR-0025,前八十回,十年,10,十一月,贾瑞到荣府找王熙凤。,第一轮,内部证据可候选,中强,11-030,C011-A0030,TB-011-004,time_axis=第11—12回前后｜红楼十年十一月三十｜冬至,变量点命中明确事件短语；需回原文窗口复核后才可由内部证据设点,外部节点不进主轴；复验通过后只由内部证据生成主轴点
EXT-WIKI-YEAR-0026,前八十回,十年,10,十一月三十,冬至 。,未入复验队列,仍未设定,弱,,,,,保留外部旁路，不进入主轴,外部节点不进主轴；复验通过后只由内部证据生成主轴点
EXT-WIKI-YEAR-0027,前八十回,十年,10,十二月初二,王熙凤探望秦可卿，一诓贾瑞。,未入复验队列,仍未设定,弱,,,,,保留外部旁路，不进入主轴,外部节点不进主轴；复验通过后只由内部证据生成主轴点
EXT-WIKI-YEAR-0028,前八十回,十年,10,十二月初五,王熙凤二诓贾瑞。,未入复验队列,仍未设定,弱,,,,,保留外部旁路，不进入主轴,外部节点不进主轴；复验通过后只由内部证据生成主轴点
EXT-WIKI-YEAR-0029,前八十回,十一年,11,夏（年初 ）,贾瑞 看 风月宝鉴 正面死。,第三轮,三轮夹逼弱候选,弱,12-008,C012-A0008,TB-012-002,跳足道人赐风月宝鉴，告讫只照背面,高价值节点被前后内部节点夹住，且命中事件短语；仍需回原文复验,外部节点不进主轴；复验通过后只由内部证据生成主轴点
EXT-WIKI-YEAR-0030,前八十回,十一年,11,九月,林如海 病，黛玉回乡探亲。,未入复验队列,仍未设定,弱,,,,,保留外部旁路，不进入主轴,外部节点不进主轴；复验通过后只由内部证据生成主轴点
EXT-WIKI-YEAR-0031,前八十回,十一年,11,九月初三,林如海死。,第一轮,内部强证可设点,强,,,,第014回｜回目总判｜林如海九月初三死与秦出殡,内部 time_axis 有强证候选；仍需回原文窗口复核后由内部证据设点,外部节点不进主轴；复验通过后只由内部证据生成主轴点
EXT-WIKI-YEAR-0032,前八十回,十一年,11,十月中,秦可卿（20岁）死，托梦王熙凤留下“三春去后诸芳尽，各自须寻各自门”谶语，贾蓉20岁 。,未入复验队列,仍未设定,弱,,,,,保留外部旁路，不进入主轴,外部节点不进主轴；复验通过后只由内部证据生成主轴点
EXT-WIKI-YEAR-0033,前八十回,十一年,11,十二月初,秦可卿出殡，宝玉见北静王，王熙凤弄权。,未入复验队列,仍未设定,弱,,,,,保留外部旁路，不进入主轴,外部节点不进主轴；复验通过后只由内部证据生成主轴点
EXT-WIKI-YEAR-0034,前八十回,十一年,11,十二月中,贾政（48岁 ）生日， 元春 28岁 （38岁 ）加封贤德妃。,第三轮,三轮夹逼可候选,中,16-004,C016-A0004,TB-016-001,元春晋封贤德妃，贾府众人按品入朝谢恩欢腾,高价值节点被前后内部节点夹住，且命中事件短语；仍需回原文复验,外部节点不进主轴；复验通过后只由内部证据生成主轴点
EXT-WIKI-YEAR-0035,前八十回,十一年,11,十二月底,贾琏和黛玉回贾府。贾雨村同路回。,未入复验队列,仍未设定,弱,,,,,保留外部旁路，不进入主轴,外部节点不进主轴；复验通过后只由内部证据生成主轴点
EXT-WIKI-YEAR-0036,前八十回,十一年,11,十二月底,贾琏叹息香菱（14岁）被薛蟠纳妾。,未入复验队列,仍未设定,弱,,,,,保留外部旁路，不进入主轴,外部节点不进主轴；复验通过后只由内部证据生成主轴点
EXT-WIKI-YEAR-0037,前八十回,十一年,11,十二月底,修造大观园动工。,未入复验队列,仍未设定,弱,,,,,保留外部旁路，不进入主轴,外部节点不进主轴；复验通过后只由内部证据生成主轴点
EXT-WIKI-YEAR-0038,前八十回,十一年,11,十二月底,秦钟（11岁）死。,未入复验队列,仍未设定,弱,,,,,保留外部旁路，不进入主轴,外部节点不进主轴；复验通过后只由内部证据生成主轴点
EXT-WIKI-YEAR-0039,前八十回,十二年,12,三月,宝玉大观园试才 。,未入复验队列,仍未设定,弱,,,,,保留外部旁路，不进入主轴,外部节点不进主轴；复验通过后只由内部证据生成主轴点
EXT-WIKI-YEAR-0040,前八十回,十二年,12,三月,黛玉剪香囊。,未入复验队列,仍未设定,弱,,,,,保留外部旁路，不进入主轴,外部节点不进主轴；复验通过后只由内部证据生成主轴点
EXT-WIKI-YEAR-0041,前八十回,十二年,12,三月,从姑苏采买12女孩住梨香院学戏（薛姨妈家另搬到园子东北角）， 贾蔷 总管。,未入复验队列,仍未设定,弱,,,,,保留外部旁路，不进入主轴,外部节点不进主轴；复验通过后只由内部证据生成主轴点
EXT-WIKI-YEAR-0042,前八十回,十二年,12,三月,妙玉 （18岁 ）进大观园。,未入复验队列,仍未设定,弱,,,,,保留外部旁路，不进入主轴,外部节点不进主轴；复验通过后只由内部证据生成主轴点
EXT-WIKI-YEAR-0043,前八十回,十二年,12,十月底,大观园工程大体完备 。,未入复验队列,仍未设定,弱,,,,,保留外部旁路，不进入主轴,外部节点不进主轴；复验通过后只由内部证据生成主轴点
EXT-WIKI-YEAR-0044,前八十回,十三年,13,正月十五,元春 省亲，点戏《豪宴》《乞巧》《仙缘》《离魂》。,第一轮,内部强证可设点,强,,,,第018回｜回目总判｜十月将尽至正月十五省亲,内部 time_axis 有强证候选；仍需回原文窗口复核后由内部证据设点,外部节点不进主轴；复验通过后只由内部证据生成主轴点
EXT-WIKI-YEAR-0045,前八十回,十三年,13,正月十七,宝玉访袭人家，李嬷嬷吃奶酪，袭人15岁（18岁 ）规劝宝玉。,未入复验队列,仍未设定,弱,,,,,保留外部旁路，不进入主轴,外部节点不进主轴；复验通过后只由内部证据生成主轴点
EXT-WIKI-YEAR-0046,前八十回,十三年,13,正月十八,宝玉编香芋，李嬷嬷骂袭人，宝玉给麝月梳头。,未入复验队列,仍未设定,弱,,,,,保留外部旁路，不进入主轴,外部节点不进主轴；复验通过后只由内部证据生成主轴点
EXT-WIKI-YEAR-0047,前八十回,十三年,13,正月十九,宝玉（13岁）批 贾环 （11岁 ）。,未入复验队列,仍未设定,弱,,,,,保留外部旁路，不进入主轴,外部节点不进主轴；复验通过后只由内部证据生成主轴点
EXT-WIKI-YEAR-0048,前八十回,十三年,13,正月十九,史湘云 （12岁 ）来了。宝玉黛玉拌嘴。,未入复验队列,二轮压缩后仍模糊,弱,,,,,保留外部旁路，不进入主轴,外部节点不进主轴；复验通过后只由内部证据生成主轴点
EXT-WIKI-YEAR-0049,前八十回,十三年,13,正月二十,宝玉在黛玉处洗脸，袭人生气，宝玉给四儿起名。,第一轮,内部证据可候选,中强,21-001..21-020,,TB-021-001,第21回开端时段,内部原文段/时间块/变量点召回较强；需人工复核后决定是否由内部证据设点,外部节点不进主轴；复验通过后只由内部证据生成主轴点
EXT-WIKI-YEAR-0050,前八十回,十三年,13,正月二十,大姐儿出麻疹， 贾琏 （27岁）与多姑娘（20岁 ）通奸，平儿遮掩。贾母提议为薛宝钗办生日。,未入复验队列,仍未设定,弱,,,,,保留外部旁路，不进入主轴,外部节点不进主轴；复验通过后只由内部证据生成主轴点
EXT-WIKI-YEAR-0051,前八十回,十三年,13,正月二十一,宝钗（15岁 ）在贾母内院过生日 ，点戏，王熙凤说小旦像一个人。宝玉哄湘云黛玉。,第一轮,内部证据可候选,中强,100-018..100-030,,TB-100-003,第100回收束时段,内部原文段/时间块/变量点召回较强；需人工复核后决定是否由内部证据设点,外部节点不进主轴；复验通过后只由内部证据生成主轴点
EXT-WIKI-YEAR-0052,前八十回,十三年,13,正月二十二,猜灯谜，贾政关心 贾兰 （10岁）。,未入复验队列,仍未设定,弱,,,,,保留外部旁路，不进入主轴,外部节点不进主轴；复验通过后只由内部证据生成主轴点
EXT-WIKI-YEAR-0053,前八十回,十三年,13,正月下旬,贾芹领命管理家庙。,未入复验队列,仍未设定,弱,,,,,保留外部旁路，不进入主轴,外部节点不进主轴；复验通过后只由内部证据生成主轴点
EXT-WIKI-YEAR-0054,前八十回,十三年,13,二月上旬,贾政传命宝玉入园，金钏问宝玉吃胭脂否。,未入复验队列,仍未设定,弱,,,,,保留外部旁路，不进入主轴,外部节点不进主轴；复验通过后只由内部证据生成主轴点
EXT-WIKI-YEAR-0055,前八十回,十三年,13,二月二十二,宝玉和众姐妹搬入大观园。薛宝钗住了蘅芜苑，林黛玉住了潇湘馆，贾迎春住了缀锦楼，探春住了秋爽斋，惜春住了蓼风轩，李氏住了稻香村，宝玉住了 怡红院 。,第一轮,内部证据可候选,中强,37-001..37-015,,TB-037-001,第37回开端时段,内部原文段/时间块/变量点召回较强；需人工复核后决定是否由内部证据设点,外部节点不进主轴；复验通过后只由内部证据生成主轴点
EXT-WIKI-YEAR-0056,前八十回,十三年,13,三月中,宝玉（13岁 ）黛玉（13岁）偷看禁书《 会真记 》，梨香院门口黛玉遇香菱，宝玉戏鸳鸯，宝玉认 贾芸 干儿子。,第一轮,内部证据可候选,中强,52-006..52-009,,TB-052-002,第52回第2叙事时段,内部原文段/时间块/变量点召回较强；需人工复核后决定是否由内部证据设点,外部节点不进主轴；复验通过后只由内部证据生成主轴点
EXT-WIKI-YEAR-0057,前八十回,十三年,13,三月,倪二借钱给贾芸。,未入复验队列,仍未设定,弱,,,,,保留外部旁路，不进入主轴,外部节点不进主轴；复验通过后只由内部证据生成主轴点
EXT-WIKI-YEAR-0058,前八十回,十三年,13,三月,小红 倒茶，秋纹骂小红。,未入复验队列,仍未设定,弱,,,,,保留外部旁路，不进入主轴,外部节点不进主轴；复验通过后只由内部证据生成主轴点
EXT-WIKI-YEAR-0059,前八十回,十三年,13,三月下旬,王子腾夫人生日， 贾环 烫宝玉。,第一轮,内部证据可候选,中强,70-008,C070-A0008,TB-070-002,scene_person_hint=凤姐,变量点命中明确事件短语；需回原文窗口复核后才可由内部证据设点,外部节点不进主轴；复验通过后只由内部证据生成主轴点
EXT-WIKI-YEAR-0060,前八十回,十三年,13,三月下旬,赵姨娘 请马道婆弄鬼，宝玉（13岁 ），王熙凤疯魔。,未入复验队列,二轮压缩后仍模糊,弱,,,,,保留外部旁路，不进入主轴,外部节点不进主轴；复验通过后只由内部证据生成主轴点
EXT-WIKI-YEAR-0061,前八十回,十三年,13,四月二十四,经33天 静养，宝玉痊愈，搬回大观园。,未入复验队列,仍未设定,弱,,,,,保留外部旁路，不进入主轴,外部节点不进主轴；复验通过后只由内部证据生成主轴点
EXT-WIKI-YEAR-0062,前八十回,十三年,13,四月二十五,小红蜂腰桥传蜜意，宝玉闻黛玉吟“每日家情思睡昏昏”，薛蟠请宝玉吃酒，宝钗来看宝玉，晴雯不给黛玉开门。,第一轮,内部证据可候选,中强,26-009,26-叙事-009,,宝玉入潇湘馆隔窗听黛玉春困娇慵,内部原文段/时间块/变量点召回较强；需人工复核后决定是否由内部证据设点,外部节点不进主轴；复验通过后只由内部证据生成主轴点
EXT-WIKI-YEAR-0063,前八十回,十三年,13,四月二十六,芒种祭花神，宝钗扑蝶，小红（17岁 ）攀王熙凤，黛玉葬花，冯紫英请客，蒋玉菡赠巾，元春赏端午节礼。,未入复验队列,仍未设定,弱,,,,,保留外部旁路，不进入主轴,外部节点不进主轴；复验通过后只由内部证据生成主轴点
EXT-WIKI-YEAR-0064,前八十回,十三年,13,四月二十七,宝玉看宝钗红麝香珠。,第一轮,内部证据可候选,中强,28-020,C028-A0020,TB-028-002,event=宝玉看宝钗褪麝串发怔黛玉笑讥呆雁掷帕,变量点命中明确事件短语；需回原文窗口复核后才可由内部证据设点,外部节点不进主轴；复验通过后只由内部证据生成主轴点
EXT-WIKI-YEAR-0065,前八十回,十三年,13,五月初一,贾母打醮，张道士提亲，贾母谢绝。出现贾珍贾蓉婆媳 。,未入复验队列,仍未设定,弱,,,,,保留外部旁路，不进入主轴,外部节点不进主轴；复验通过后只由内部证据生成主轴点
EXT-WIKI-YEAR-0066,前八十回,十三年,13,五月初二,黛玉生气，宝玉砸玉，王夫人出现。,未入复验队列,二轮压缩后仍模糊,弱,,,,,保留外部旁路，不进入主轴,外部节点不进主轴；复验通过后只由内部证据生成主轴点
EXT-WIKI-YEAR-0067,前八十回,十三年,13,五月初三,薛蟠17岁生日请戏，贾母论宝玉黛玉小冤家。,未入复验队列,仍未设定,弱,,,,,保留外部旁路，不进入主轴,外部节点不进主轴；复验通过后只由内部证据生成主轴点
EXT-WIKI-YEAR-0068,前八十回,十三年,13,五月初四,宝钗讽刺宝玉负荆请罪，龄官画蔷， 金钏 15岁 被撵，宝玉丢金麒麟，袭人被踢。,未入复验队列,二轮压缩后仍模糊,弱,,,,,保留外部旁路，不进入主轴,外部节点不进主轴；复验通过后只由内部证据生成主轴点
EXT-WIKI-YEAR-0069,前八十回,十三年,13,五月初五,晴雯 12岁（15岁）撕扇。,未入复验队列,仍未设定,弱,,,,,保留外部旁路，不进入主轴,外部节点不进主轴；复验通过后只由内部证据生成主轴点
EXT-WIKI-YEAR-0070,前八十回,十三年,13,五月初六,湘云来访，金钏跳井，贾政打宝玉，王夫人50岁 。,未入复验队列,二轮压缩后仍模糊,弱,,,,,保留外部旁路，不进入主轴,外部节点不进主轴；复验通过后只由内部证据生成主轴点
EXT-WIKI-YEAR-0071,前八十回,十三年,13,五月初七,玉钏 尝羹， 莺儿 （16岁 ）打络。,未入复验队列,仍未设定,弱,,,,,保留外部旁路，不进入主轴,外部节点不进主轴；复验通过后只由内部证据生成主轴点
EXT-WIKI-YEAR-0072,前八十回,十三年,13,,六月：王夫人给袭人涨月例。,未入复验队列,仍未设定,弱,,,,,保留外部旁路，不进入主轴,外部节点不进主轴；复验通过后只由内部证据生成主轴点
EXT-WIKI-YEAR-0073,前八十回,十三年,13,六月,宝钗听宝玉梦语木石前盟。,第一轮,内部证据可候选,中强,115-005,115-U01,,宝钗听宝玉被命作文略喜，宝玉却不愿又不敢怠慢。,内部原文段/时间块/变量点召回较强；需人工复核后决定是否由内部证据设点,外部节点不进主轴；复验通过后只由内部证据生成主轴点
EXT-WIKI-YEAR-0074,前八十回,十三年,13,七月,龄官 拒唱，贾蔷放雀。,未入复验队列,仍未设定,弱,,,,,保留外部旁路，不进入主轴,外部节点不进主轴；复验通过后只由内部证据生成主轴点
EXT-WIKI-YEAR-0075,前八十回,十三年,13,七月,薛姨妈过生日 。,未入复验队列,仍未设定,弱,,,,,保留外部旁路，不进入主轴,外部节点不进主轴；复验通过后只由内部证据生成主轴点
EXT-WIKI-YEAR-0076,前八十回,十三年,13,八月二十,贾政点学政外派。,未入复验队列,仍未设定,弱,,,,,保留外部旁路，不进入主轴,外部节点不进主轴；复验通过后只由内部证据生成主轴点
EXT-WIKI-YEAR-0077,前八十回,十五年,15,八月二十二,结海棠诗社， 李纨 28岁， 迎春 16岁 （17岁 ）， 探春 14岁（15岁）， 惜春 13岁（15岁）。晴雯，秋纹，麝月嘲笑袭人。,未入复验队列,仍未设定,弱,,,,,保留外部旁路，不进入主轴,外部节点不进主轴；复验通过后只由内部证据生成主轴点
EXT-WIKI-YEAR-0078,前八十回,十五年,15,八月二十三,宝玉邀请湘云14岁（15岁 ）入社。,未入复验队列,二轮压缩后仍模糊,弱,,,,,保留外部旁路，不进入主轴,外部节点不进主轴；复验通过后只由内部证据生成主轴点
EXT-WIKI-YEAR-0079,前八十回,十五年,15,八月二十四,湘云做东 藕香榭 ，请贾母和大家吃蟹赏菊，李纨（28岁）摸平儿（20岁）。刘姥姥（75岁）二进荣国府，贾母70多岁 （78岁 ）。,未入复验队列,仍未设定,弱,,,,,保留外部旁路，不进入主轴,外部节点不进主轴；复验通过后只由内部证据生成主轴点
EXT-WIKI-YEAR-0080,前八十回,十五年,15,八月二十五,贾母大观园 秋爽斋 和 缀锦阁 两宴刘姥姥，鸳鸯发牌。 栊翠庵 品茶，妙玉21岁。,未入复验队列,仍未设定,弱,,,,,保留外部旁路，不进入主轴,外部节点不进主轴；复验通过后只由内部证据生成主轴点
EXT-WIKI-YEAR-0081,前八十回,十五年,15,八月二十五,刘姥姥给大姐儿（9岁 ）起名巧哥儿。,未入复验队列,二轮压缩后仍模糊,弱,,,,,保留外部旁路，不进入主轴,外部节点不进主轴；复验通过后只由内部证据生成主轴点
EXT-WIKI-YEAR-0082,前八十回,十五年,15,八月二十五,宝钗审黛玉，惜春开始画大观园。,未入复验队列,仍未设定,弱,,,,,保留外部旁路，不进入主轴,外部节点不进主轴；复验通过后只由内部证据生成主轴点
EXT-WIKI-YEAR-0083,前八十回,十五年,15,八月二十七,贾母策划凤姐生日，让尤氏管份子钱操办。,未入复验队列,仍未设定,弱,,,,,保留外部旁路，不进入主轴,外部节点不进主轴；复验通过后只由内部证据生成主轴点
EXT-WIKI-YEAR-0084,前八十回,十五年,15,九月初二,已故金钏生日 ，宝玉祭奠。王熙凤（27岁）生日 ，贾琏和鲍二家的通奸， 平儿 挨打。,未入复验队列,二轮压缩后仍模糊,弱,,,,,保留外部旁路，不进入主轴,外部节点不进主轴；复验通过后只由内部证据生成主轴点
EXT-WIKI-YEAR-0085,前八十回,十五年,15,九月初三,鲍二家的上吊，众姐妹邀凤姐入诗社出银子。,未入复验队列,二轮压缩后仍模糊,弱,,,,,保留外部旁路，不进入主轴,外部节点不进主轴；复验通过后只由内部证据生成主轴点
EXT-WIKI-YEAR-0086,前八十回,十五年,15,九月,黛玉做《秋窗风雨夕》，14岁（15岁 ），宝钗送燕窝。,未入复验队列,二轮压缩后仍模糊,弱,,,,,保留外部旁路，不进入主轴,外部节点不进主轴；复验通过后只由内部证据生成主轴点
EXT-WIKI-YEAR-0087,前八十回,十五年,15,九月,贾赦 （53岁 ）欲讨 鸳鸯 （20岁 ）。,未入复验队列,仍未设定,弱,,,,,保留外部旁路，不进入主轴,外部节点不进主轴；复验通过后只由内部证据生成主轴点
EXT-WIKI-YEAR-0088,前八十回,十五年,15,九月十四,柳湘莲 打薛蟠。,未入复验队列,仍未设定,弱,,,,,保留外部旁路，不进入主轴,外部节点不进主轴；复验通过后只由内部证据生成主轴点
EXT-WIKI-YEAR-0089,前八十回,十五年,15,十月,薛蟠南下，香菱入大观园。,未入复验队列,仍未设定,弱,,,,,保留外部旁路，不进入主轴,外部节点不进主轴；复验通过后只由内部证据生成主轴点
EXT-WIKI-YEAR-0090,前八十回,十五年,15,十月,贾雨村没收石呆子古扇，贾赦打贾琏，香菱（18岁）学诗。,未入复验队列,二轮压缩后仍模糊,弱,,,,,保留外部旁路，不进入主轴,外部节点不进主轴；复验通过后只由内部证据生成主轴点
EXT-WIKI-YEAR-0091,前八十回,十五年,15,十月,薛宝琴 、 邢岫烟 、 李纹 、 李绮 进贾府，宝琴住贾母处，岫烟住迎春处，李纹李绮住李纨处，薛蝌住薛蟠处。史侯外任，贾母让湘云留住贾府，与宝钗同住。,第一轮,内部证据可候选,中强,94-017,C094-A0017,TB-094-001,person=薛宝琴,变量点命中明确事件短语；需回原文窗口复核后才可由内部证据设点,外部节点不进主轴；复验通过后只由内部证据生成主轴点
EXT-WIKI-YEAR-0092,前八十回,十五年,15,十月底,下雪，湘云芦雪庵烤鹿肉，平儿丢镯，贾母问薛宝琴的生辰八字。,未入复验队列,二轮压缩后仍模糊,弱,,,,,保留外部旁路，不进入主轴,外部节点不进主轴；复验通过后只由内部证据生成主轴点
EXT-WIKI-YEAR-0093,前八十回,十五年,15,十一月中,袭人母丧回家，晴雯着凉。,未入复验队列,仍未设定,弱,,,,,保留外部旁路，不进入主轴,外部节点不进主轴；复验通过后只由内部证据生成主轴点
EXT-WIKI-YEAR-0094,前八十回,十五年,15,十一月中,晴雯撵 坠儿 ，补裘。,未入复验队列,仍未设定,弱,,,,,保留外部旁路，不进入主轴,外部节点不进主轴；复验通过后只由内部证据生成主轴点
EXT-WIKI-YEAR-0095,前八十回,十五年,15,腊月,贾雨村补授大司马，乌进孝宁府送年货。,未入复验队列,仍未设定,弱,,,,,保留外部旁路，不进入主轴,外部节点不进主轴；复验通过后只由内部证据生成主轴点
EXT-WIKI-YEAR-0096,前八十回,十五年,15,除夕,在宁府祭祖，出现贾蓉妻子。,未入复验队列,仍未设定,弱,,,,,保留外部旁路，不进入主轴,外部节点不进主轴；复验通过后只由内部证据生成主轴点
EXT-WIKI-YEAR-0097,前八十回,十六年,16,正月十五,荣国府元宵夜宴，鸳鸯袭人诉苦，贾母评论女先儿说书。,第一轮,内部强证可设点,强,,,,第054回｜时间窗口｜正月元宵夜宴,内部 time_axis 有强证候选；仍需回原文窗口复核后由内部证据设点,外部节点不进主轴；复验通过后只由内部证据生成主轴点
EXT-WIKI-YEAR-0098,前八十回,十六年,16,正月十五后,太妃病，王熙凤小产。,未入复验队列,仍未设定,弱,,,,,保留外部旁路，不进入主轴,外部节点不进主轴；复验通过后只由内部证据生成主轴点
EXT-WIKI-YEAR-0099,前八十回,十六年,16,二月,李纨探春宝钗理家。,第一轮,内部证据可候选,中强,55-017,C055-A0017,TB-055-003,scene_person_hint=探春,变量点命中明确事件短语；需回原文窗口复核后才可由内部证据设点,外部节点不进主轴；复验通过后只由内部证据生成主轴点
EXT-WIKI-YEAR-0100,前八十回,十六年,16,二月,江南甄家家眷来访，贾宝玉梦 甄宝玉 。,未入复验队列,仍未设定,弱,,,,,保留外部旁路，不进入主轴,外部节点不进主轴；复验通过后只由内部证据生成主轴点
EXT-WIKI-YEAR-0101,前八十回,十六年,16,二月,紫鹃 试宝玉。,未入复验队列,仍未设定,弱,,,,,保留外部旁路，不进入主轴,外部节点不进主轴；复验通过后只由内部证据生成主轴点
EXT-WIKI-YEAR-0102,前八十回,十六年,16,二月,薛姨妈 生日 （七月也是薛姨妈生日 ）， 薛蝌 邢岫烟定亲。,第一轮,内部证据可候选,中强,57-013..57-016,,TB-057-002,第57回第2叙事时段,内部原文段/时间块/变量点召回较强；需人工复核后决定是否由内部证据设点,外部节点不进主轴；复验通过后只由内部证据生成主轴点
EXT-WIKI-YEAR-0103,前八十回,十六年,16,二月,岫烟当衣。,未入复验队列,仍未设定,弱,,,,,保留外部旁路，不进入主轴,外部节点不进主轴；复验通过后只由内部证据生成主轴点
EXT-WIKI-YEAR-0104,前八十回,十六年,16,三月,“老”太妃薨，十二官解散。,未入复验队列,仍未设定,弱,,,,,保留外部旁路，不进入主轴,外部节点不进主轴；复验通过后只由内部证据生成主轴点
EXT-WIKI-YEAR-0105,前八十回,十六年,16,清明,宝玉未痊愈，走路拄杖，藕官祭菂官，芳官吹汤。,未入复验队列,仍未设定,弱,,,,,保留外部旁路，不进入主轴,外部节点不进主轴；复验通过后只由内部证据生成主轴点
EXT-WIKI-YEAR-0106,前八十回,十六年,16,四月,平儿修理春燕娘。,未入复验队列,仍未设定,弱,,,,,保留外部旁路，不进入主轴,外部节点不进主轴；复验通过后只由内部证据生成主轴点
EXT-WIKI-YEAR-0107,前八十回,十六年,16,四月,司棋 砸厨房。,第二轮,二轮可候选,中,61-004,C061-A0004,TB-061-001,司棋砸厨房后五儿托小燕转赠芳官茯苓霜,原文段命中较集中，可作为候选；不能直接设主轴,外部节点不进主轴；复验通过后只由内部证据生成主轴点
EXT-WIKI-YEAR-0108,前八十回,十六年,16,四月,平儿安抚玫瑰露事件，贾环误会彩云。,未入复验队列,仍未设定,弱,,,,,保留外部旁路，不进入主轴,外部节点不进主轴；复验通过后只由内部证据生成主轴点
EXT-WIKI-YEAR-0109,前八十回,十六年,16,四月二十六,宝玉生日，也是宝琴、岫烟、平儿、 四儿 的生日，湘云醉卧，香菱换裙，怡红院庆寿，麝月抽荼蘼花签。,第一轮,内部强证可设点,强,,,,第062回｜回目总判｜宝玉生日与群芳生日谈话,内部 time_axis 有强证候选；仍需回原文窗口复核后由内部证据设点,外部节点不进主轴；复验通过后只由内部证据生成主轴点
EXT-WIKI-YEAR-0110,前八十回,十六年,16,四月二十七,宝玉发现“槛外人妙玉恭肃遥叩芳辰”贴，贾敬吃丹砂而死。,未入复验队列,仍未设定,弱,,,,,保留外部旁路，不进入主轴,外部节点不进主轴；复验通过后只由内部证据生成主轴点
EXT-WIKI-YEAR-0111,前八十回,十六年,16,五月初四,贾敬灵柩进城。,第二轮,二轮可候选,中,64-001,C064-A0001,TB-064-001,贾敬灵柩进城宁府停灵贾珍贾蓉居丧仍与小姨子厮混,原文段命中较集中，可作为候选；不能直接设主轴,外部节点不进主轴；复验通过后只由内部证据生成主轴点
EXT-WIKI-YEAR-0112,前八十回,十六年,16,七月初,黛玉祭五美。,未入复验队列,仍未设定,弱,,,,,保留外部旁路，不进入主轴,外部节点不进主轴；复验通过后只由内部证据生成主轴点
EXT-WIKI-YEAR-0113,前八十回,十六年,16,六月初三,贾琏（29岁）偷娶 尤二姐 （不到24岁 ，或19岁 ）。,未入复验队列,仍未设定,弱,,,,,保留外部旁路，不进入主轴,外部节点不进主轴；复验通过后只由内部证据生成主轴点
EXT-WIKI-YEAR-0114,前八十回,十六年,16,七月,贾琏一赴平安州见节度，路上遇薛蟠柳湘莲，为三姐订亲。,未入复验队列,二轮压缩后仍模糊,弱,,,,,保留外部旁路，不进入主轴,外部节点不进主轴；复验通过后只由内部证据生成主轴点
EXT-WIKI-YEAR-0115,前八十回,十六年,16,八月底,尤三姐 自刎。,未入复验队列,仍未设定,弱,,,,,保留外部旁路，不进入主轴,外部节点不进主轴；复验通过后只由内部证据生成主轴点
EXT-WIKI-YEAR-0116,前八十回,十六年,16,十月初,贾琏二赴平安州。,未入复验队列,仍未设定,弱,,,,,保留外部旁路，不进入主轴,外部节点不进主轴；复验通过后只由内部证据生成主轴点
EXT-WIKI-YEAR-0117,前八十回,十六年,16,十月十五,王熙凤接尤二姐入贾府。,未入复验队列,仍未设定,弱,,,,,保留外部旁路，不进入主轴,外部节点不进主轴；复验通过后只由内部证据生成主轴点
EXT-WIKI-YEAR-0118,前八十回,十六年,16,十月底,王熙凤闹宁府。,未入复验队列,仍未设定,弱,,,,,保留外部旁路，不进入主轴,外部节点不进主轴；复验通过后只由内部证据生成主轴点
EXT-WIKI-YEAR-0119,前八十回,十六年,16,十一月中,贾琏回，娶秋桐为妾，秋桐属兔，17岁。当年为羊年，红楼一年为龙年。,未入复验队列,二轮压缩后仍模糊,弱,,,,,保留外部旁路，不进入主轴,外部节点不进主轴；复验通过后只由内部证据生成主轴点
EXT-WIKI-YEAR-0120,前八十回,十六年,16,十二月底,尤二姐吞金。,未入复验队列,仍未设定,弱,,,,,保留外部旁路，不进入主轴,外部节点不进主轴；复验通过后只由内部证据生成主轴点
EXT-WIKI-YEAR-0121,前八十回,十七年,17,三月初一,黛玉做《桃花行》，重建诗社，湘云建议改名桃花社 。,未入复验队列,仍未设定,弱,,,,,保留外部旁路，不进入主轴,外部节点不进主轴；复验通过后只由内部证据生成主轴点
EXT-WIKI-YEAR-0122,前八十回,十七年,17,三月初三,探春生日。,未入复验队列,仍未设定,弱,,,,,保留外部旁路，不进入主轴,外部节点不进主轴；复验通过后只由内部证据生成主轴点
EXT-WIKI-YEAR-0123,前八十回,十七年,17,三月下旬,宝玉应付功课。,未入复验队列,仍未设定,弱,,,,,保留外部旁路，不进入主轴,外部节点不进主轴；复验通过后只由内部证据生成主轴点
EXT-WIKI-YEAR-0124,前八十回,十七年,17,三月下旬,史湘云填《柳絮词》。,未入复验队列,仍未设定,弱,,,,,保留外部旁路，不进入主轴,外部节点不进主轴；复验通过后只由内部证据生成主轴点
EXT-WIKI-YEAR-0125,前八十回,十七年,17,三月下旬,众钗大观园潇湘馆外放风筝。,未入复验队列,仍未设定,弱,,,,,保留外部旁路，不进入主轴,外部节点不进主轴；复验通过后只由内部证据生成主轴点
EXT-WIKI-YEAR-0126,前八十回,十七年,17,五月初,王子騰之女許與保宁侯之子為妻。,第一轮,内部证据可候选,中强,70-009,70-叙事-009,,贾政书信报六月回京，王子腾夫人接凤姐等闲乐,内部原文段/时间块/变量点召回较强；需人工复核后决定是否由内部证据设点,外部节点不进主轴；复验通过后只由内部证据生成主轴点
EXT-WIKI-YEAR-0127,前八十回,十七年,17,七月,贾政回京休假。,未入复验队列,仍未设定,弱,,,,,保留外部旁路，不进入主轴,外部节点不进主轴；复验通过后只由内部证据生成主轴点
EXT-WIKI-YEAR-0128,前八十回,十七年,17,七月二十八,招待南安王太妃等，八月初三贾母80大寿，七月二十八开庆至八月初五 。,第一轮,内部证据可候选,中强,71-003,71-003,,议定贾母八旬大庆筵宴日程与礼部元春赐礼,内部原文段/时间块/变量点召回较强；需人工复核后决定是否由内部证据设点,外部节点不进主轴；复验通过后只由内部证据生成主轴点
EXT-WIKI-YEAR-0129,前八十回,十七年,17,八月初三,贾母（80岁）生日。,未入复验队列,仍未设定,弱,,,,,保留外部旁路，不进入主轴,外部节点不进主轴；复验通过后只由内部证据生成主轴点
EXT-WIKI-YEAR-0130,前八十回,十七年,17,八月初三,周瑞家的绑两婆子，林之孝家的为求情小丫头支招。,第一轮,内部证据可候选,中强,71-013,C071-A0013,TB-071-002,scene_person_hint=凤姐,变量点命中明确事件短语；需回原文窗口复核后才可由内部证据设点,外部节点不进主轴；复验通过后只由内部证据生成主轴点
EXT-WIKI-YEAR-0131,前八十回,十七年,17,八月初四,贾府家宴，邢夫人为两婆子求情。,未入复验队列,仍未设定,弱,,,,,保留外部旁路，不进入主轴,外部节点不进主轴；复验通过后只由内部证据生成主轴点
EXT-WIKI-YEAR-0132,前八十回,十七年,17,八月初四,鸳鸯看见司棋与人相会。,未入复验队列,二轮压缩后仍模糊,弱,,,,,保留外部旁路，不进入主轴,外部节点不进主轴；复验通过后只由内部证据生成主轴点
EXT-WIKI-YEAR-0133,前八十回,十七年,17,八月初八,鸳鸯安慰司棋。,未入复验队列,仍未设定,弱,,,,,保留外部旁路，不进入主轴,外部节点不进主轴；复验通过后只由内部证据生成主轴点
EXT-WIKI-YEAR-0134,前八十回,十七年,17,八月初八,贾琏求鸳鸯借用贾母金器做抵押。,第一轮,内部证据可候选,中强,72-009,72-009,,贾琏求鸳鸯暗押贾母金银家伙周转,内部原文段/时间块/变量点召回较强；需人工复核后决定是否由内部证据设点,外部节点不进主轴；复验通过后只由内部证据生成主轴点
EXT-WIKI-YEAR-0135,前八十回,十七年,17,八月初八,来旺家求凤姐说情娶彩霞为儿媳。,未入复验队列,仍未设定,弱,,,,,保留外部旁路，不进入主轴,外部节点不进主轴；复验通过后只由内部证据生成主轴点
EXT-WIKI-YEAR-0136,前八十回,十七年,17,八月初八,晴雯献计让宝玉装病。,第一轮,内部证据可候选,中强,73-005,C073-A0005,TB-073-001,event=夜读惊魂·晴雯设计宝玉装病,变量点命中明确事件短语；需回原文窗口复核后才可由内部证据设点,外部节点不进主轴；复验通过后只由内部证据生成主轴点
EXT-WIKI-YEAR-0137,前八十回,十七年,17,八月初九,探春告状。,未入复验队列,仍未设定,弱,,,,,保留外部旁路，不进入主轴,外部节点不进主轴；复验通过后只由内部证据生成主轴点
EXT-WIKI-YEAR-0138,前八十回,十七年,17,八月十二,贾母罚赌，邢夫人见傻大姐捡荷包，王善宝家的告晴雯，晴雯顶撞王夫人，抄检大观园，晴雯摔箱，探春保护丫鬟，打王善宝家的耳光。,第一轮,内部证据可候选,中强,74-001..74-009,,TB-074-001,第74回开端时段,内部原文段/时间块/变量点召回较强；需人工复核后决定是否由内部证据设点,外部节点不进主轴；复验通过后只由内部证据生成主轴点
EXT-WIKI-YEAR-0139,前八十回,十七年,17,八月十三,惜春要尤氏领回丫鬟入画，尤氏听说甄家被抄，有家人来榮府。,第一轮,内部证据可候选,中强,75-001,75-叙事-001,,尤氏从惜春处赌气欲往王夫人处，闻甘家来人报怨，回忆甘家获罪抄没入京治罪。,内部原文段/时间块/变量点召回较强；需人工复核后决定是否由内部证据设点,外部节点不进主轴；复验通过后只由内部证据生成主轴点
EXT-WIKI-YEAR-0140,前八十回,十七年,17,八月十四,贾珍聚赌，尤氏将近40岁 。,未入复验队列,仍未设定,弱,,,,,保留外部旁路，不进入主轴,外部节点不进主轴；复验通过后只由内部证据生成主轴点
EXT-WIKI-YEAR-0141,前八十回,十七年,17,八月十五,贾母凸碧山庄中秋赏月，黛玉、湘云凹晶馆对联，王熙凤和李纨生病，晴雯病重，宝玉牵挂。,第一轮,内部证据可候选,中强,75-020..75-024,,TB-075-004,第75回收束时段,内部原文段/时间块/变量点召回较强；需人工复核后决定是否由内部证据设点,外部节点不进主轴；复验通过后只由内部证据生成主轴点
EXT-WIKI-YEAR-0142,前八十回,十七年,17,八月十七,王夫人撵晴雯，四儿，芳官。,未入复验队列,仍未设定,弱,,,,,保留外部旁路，不进入主轴,外部节点不进主轴；复验通过后只由内部证据生成主轴点
EXT-WIKI-YEAR-0143,前八十回,十七年,17,八月十九,王夫人告知贾母撵走晴雯之事，晴雯16岁 （19岁 ）死。,第一轮,内部证据可候选,中强,103-001,贾政改京回奏,,贾琏到王夫人处一一汇报贾政改京事·次日打点吏部停妥·回来再向王夫人告知打点之事,内部原文段/时间块/变量点召回较强；需人工复核后决定是否由内部证据设点,外部节点不进主轴；复验通过后只由内部证据生成主轴点
EXT-WIKI-YEAR-0144,前八十回,十七年,17,八月二十,贾政征林四娘诗，贾兰14岁 （13岁 ），贾环15岁 。宝玉做《芙蓉女儿诔》。,未入复验队列,二轮压缩后仍模糊,弱,,,,,保留外部旁路，不进入主轴,外部节点不进主轴；复验通过后只由内部证据生成主轴点
EXT-WIKI-YEAR-0145,前八十回,十七年,17,八月下旬,迎春要出嫁，搬出大观园，宝玉到紫菱洲一带地方徘徊瞻顾，遇到香菱。,第一轮,内部证据可候选,中强,79-010,79-叙事-010,,宝玉徘徊紫菱洲见轩窗寂寞，蓼花菱叶摇落，有追忆故人之态。,内部原文段/时间块/变量点召回较强；需人工复核后决定是否由内部证据设点,外部节点不进主轴；复验通过后只由内部证据生成主轴点
EXT-WIKI-YEAR-0146,前八十回,十七年,17,八月下旬,宝玉生病。,未入复验队列,仍未设定,弱,,,,,保留外部旁路，不进入主轴,外部节点不进主轴；复验通过后只由内部证据生成主轴点
EXT-WIKI-YEAR-0147,前八十回,十七年,17,九月,薛蟠（21岁）回来，娶 夏金桂 （17岁 ）。香菱19岁。,未入复验队列,仍未设定,弱,,,,,保留外部旁路，不进入主轴,外部节点不进主轴；复验通过后只由内部证据生成主轴点
EXT-WIKI-YEAR-0148,前八十回,十七年,17,九月,迎春（18岁）出嫁。,第一轮,内部证据可候选,中强,99-012,99-叙事-005 园中寂寥,,邢岫烟因迎春出嫁后随邢夫人过去·李家姐妹另住在外·随李孶娘过来请安。,内部原文段/时间块/变量点召回较强；需人工复核后决定是否由内部证据设点,外部节点不进主轴；复验通过后只由内部证据生成主轴点
EXT-WIKI-YEAR-0149,前八十回,十七年,17,九月,迎春回门。,未入复验队列,仍未设定,弱,,,,,保留外部旁路，不进入主轴,外部节点不进主轴；复验通过后只由内部证据生成主轴点
EXT-WIKI-YEAR-0150,后四十回,十七年,17,九月,四美钓鱼。,未入复验队列,二轮压缩后仍模糊,弱,,,,,保留外部旁路，不进入主轴,外部节点不进主轴；复验通过后只由内部证据生成主轴点
EXT-WIKI-YEAR-0151,后四十回,十七年,17,九月,宝玉再入家塾。,未入复验队列,仍未设定,弱,,,,,保留外部旁路，不进入主轴,外部节点不进主轴；复验通过后只由内部证据生成主轴点
EXT-WIKI-YEAR-0152,后四十回,十七年,17,九月,黛玉惊梦，元春染恙。,未入复验队列,仍未设定,弱,,,,,保留外部旁路，不进入主轴,外部节点不进主轴；复验通过后只由内部证据生成主轴点
EXT-WIKI-YEAR-0153,后四十回,十七年,17,九月,贾环摔药。,未入复验队列,仍未设定,弱,,,,,保留外部旁路，不进入主轴,外部节点不进主轴；复验通过后只由内部证据生成主轴点
EXT-WIKI-YEAR-0154,后四十回,十七年,17,九月,北静王生日。,未入复验队列,仍未设定,弱,,,,,保留外部旁路，不进入主轴,外部节点不进主轴；复验通过后只由内部证据生成主轴点
EXT-WIKI-YEAR-0155,后四十回,十七年,17,九月（或二月十二 ）,贾政 升郎中，贾府摆堂会，林黛玉过生日 。,未入复验队列,仍未设定,弱,,,,,保留外部旁路，不进入主轴,外部节点不进主轴；复验通过后只由内部证据生成主轴点
EXT-WIKI-YEAR-0156,后四十回,十七年,17,九月,薛蟠入狱。,未入复验队列,仍未设定,弱,,,,,保留外部旁路，不进入主轴,外部节点不进主轴；复验通过后只由内部证据生成主轴点
EXT-WIKI-YEAR-0157,后四十回,十七年,17,九月,周贵妃薨。,未入复验队列,仍未设定,弱,,,,,保留外部旁路，不进入主轴,外部节点不进主轴；复验通过后只由内部证据生成主轴点
EXT-WIKI-YEAR-0158,后四十回,十七年,17,九月,宝玉黛玉潇湘馆论琴。,第一轮,内部证据可候选,中强,52-006..52-009,,TB-052-002,第52回第2叙事时段,内部原文段/时间块/变量点召回较强；需人工复核后决定是否由内部证据设点,外部节点不进主轴；复验通过后只由内部证据生成主轴点
EXT-WIKI-YEAR-0159,后四十回,十七年,17,九月,宝钗转信黛玉祝贺生日。,未入复验队列,仍未设定,弱,,,,,保留外部旁路，不进入主轴,外部节点不进主轴；复验通过后只由内部证据生成主轴点
EXT-WIKI-YEAR-0160,后四十回,十七年,17,九月,探春等看望黛玉。,第一轮,内部证据可候选,中强,102-005,尤氏过园得病,,先前众姐妹住大观园，贾妃薨后不修葡。到宝玉娶亲、黛玉一死、湘云回去、宝琵在家住着，园中人少兼天气寒冷。李纺姐妹、探春、惜春等俱挥回旧所。到花朝月夕依旧相约玩耀。今探春一去，宝玉病后不出屋门，益发没有高兴的人。园中寂寞只有几家看园人住着。,内部原文段/时间块/变量点召回较强；需人工复核后决定是否由内部证据设点,外部节点不进主轴；复验通过后只由内部证据生成主轴点
EXT-WIKI-YEAR-0161,后四十回,十七年,17,九月,黛玉看见儿时与宝玉吵架剪断的香袋。,未入复验队列,仍未设定,弱,,,,,保留外部旁路，不进入主轴,外部节点不进主轴；复验通过后只由内部证据生成主轴点
EXT-WIKI-YEAR-0162,后四十回,十七年,17,九月,妙玉走火入魔。,第二轮,二轮可候选,中强,87-027,C087-A0027,TB-087-002,妙玉走火入魔被道婆救护,原文段中同时命中人物和事件短语，可作为内部证据候选；仍需人工回原文确认,外部节点不进主轴；复验通过后只由内部证据生成主轴点
EXT-WIKI-YEAR-0163,后四十回,十七年,17,十月中旬,雪雁告诉紫鹃听人说宝玉定亲了。,未入复验队列,仍未设定,弱,,,,,保留外部旁路，不进入主轴,外部节点不进主轴；复验通过后只由内部证据生成主轴点
EXT-WIKI-YEAR-0164,后四十回,十七年,17,十一月初一,巧姐读《女孝经》。,未入复验队列,二轮压缩后仍模糊,弱,,,,,保留外部旁路，不进入主轴,外部节点不进主轴；复验通过后只由内部证据生成主轴点
EXT-WIKI-YEAR-0165,后四十回,十七年,17,十一月初一,冯紫英卖母珠。,未入复验队列,仍未设定,弱,,,,,保留外部旁路，不进入主轴,外部节点不进主轴；复验通过后只由内部证据生成主轴点
EXT-WIKI-YEAR-0166,后四十回,十七年,17,十一月,包勇 投奔贾府。,未入复验队列,仍未设定,弱,,,,,保留外部旁路，不进入主轴,外部节点不进主轴；复验通过后只由内部证据生成主轴点
EXT-WIKI-YEAR-0167,后四十回,十七年,17,十一月,匿名帖揭发水月庵 贾芹 丑闻。,未入复验队列,仍未设定,弱,,,,,保留外部旁路，不进入主轴,外部节点不进主轴；复验通过后只由内部证据生成主轴点
EXT-WIKI-YEAR-0168,后四十回,十七年,17,十一月,海棠开花。,未入复验队列,仍未设定,弱,,,,,保留外部旁路，不进入主轴,外部节点不进主轴；复验通过后只由内部证据生成主轴点
EXT-WIKI-YEAR-0169,后四十回,十七年,17,十一月,宝玉失玉。,第二轮,二轮可候选,中,96-009,C096-A0009,TB-096-001,贾政已知心不受用又知宝玉失玉神志愧愧；那年京察工部保列一等，二月吴部引见、皇上即放了江西粮道即日谢恩。,原文段命中较集中，可作为候选；不能直接设主轴,外部节点不进主轴；复验通过后只由内部证据生成主轴点
EXT-WIKI-YEAR-0170,后四十回,十七年,17,十二月十九,元春薨，43岁 （33岁 ）。,未入复验队列,仍未设定,弱,,,,,保留外部旁路，不进入主轴,外部节点不进主轴；复验通过后只由内部证据生成主轴点
EXT-WIKI-YEAR-0171,后四十回,十八年,18,正月十五或十六,王子腾 回京途中暴病而亡。,未入复验队列,仍未设定,弱,,,,,保留外部旁路，不进入主轴,外部节点不进主轴；复验通过后只由内部证据生成主轴点
EXT-WIKI-YEAR-0172,后四十回,十八年,18,二月,贾政放江西粮道。,第一轮,内部证据可候选,中强,96-009,贾政放外任,,贾政已知心不受用又知宝玉失玉神志愧愧；那年京察工部保列一等，二月吴部引见、皇上即放了江西粮道即日谢恩。,内部原文段/时间块/变量点召回较强；需人工复核后决定是否由内部证据设点,外部节点不进主轴；复验通过后只由内部证据生成主轴点
EXT-WIKI-YEAR-0173,后四十回,十八年,18,二月,黛玉焚稿。,未入复验队列,仍未设定,弱,,,,,保留外部旁路，不进入主轴,外部节点不进主轴；复验通过后只由内部证据生成主轴点
EXT-WIKI-YEAR-0174,后四十回,十八年,18,二月,薛宝钗（20岁）嫁宝玉。,未入复验队列,仍未设定,弱,,,,,保留外部旁路，不进入主轴,外部节点不进主轴；复验通过后只由内部证据生成主轴点
EXT-WIKI-YEAR-0175,后四十回,十八年,18,二月,林黛玉（17岁）死。,未入复验队列,仍未设定,弱,,,,,保留外部旁路，不进入主轴,外部节点不进主轴；复验通过后只由内部证据生成主轴点
EXT-WIKI-YEAR-0176,后四十回,十八年,18,秋,王熙凤大观园遇秦可卿幻影，29岁（25岁 ）。,未入复验队列,仍未设定,弱,,,,,保留外部旁路，不进入主轴,外部节点不进主轴；复验通过后只由内部证据生成主轴点
EXT-WIKI-YEAR-0177,后四十回,十八年,18,秋初一,王熙凤散花寺抽签。,第一轮,内部强证可设点,强,,,,第101回｜回目总判｜凤姐幽魂异兆与散花寺神签,内部 time_axis 有强证候选；仍需回原文窗口复核后由内部证据设点,外部节点不进主轴；复验通过后只由内部证据生成主轴点
EXT-WIKI-YEAR-0178,后四十回,十八年,18,秋,探春（17岁）远行出嫁。,第一轮,内部证据可候选,中强,99-013,99-叙事-005 园中寂寥,,园内只剩李纫·探春·惜春·元妃薨后家中事多·挑进来之事暂缓至秋天。,内部原文段/时间块/变量点召回较强；需人工复核后决定是否由内部证据设点,外部节点不进主轴；复验通过后只由内部证据生成主轴点
EXT-WIKI-YEAR-0179,后四十回,十八年,18,秋,尤氏怪病。,未入复验队列,仍未设定,弱,,,,,保留外部旁路，不进入主轴,外部节点不进主轴；复验通过后只由内部证据生成主轴点
EXT-WIKI-YEAR-0180,后四十回,十八年,18,秋,金桂毒香菱误食身亡。,第一轮,内部证据可候选,中强,103-026,宝蟾揭金桂恨香菱,,宝钗听出话头放开宝蟾·宝蟾怕见官课着招·金桂天天抱怨嫁贼糊涂血僻·恨香菱·说昨天的汤不是好意·明金桂毒香菱的预谋,内部原文段/时间块/变量点召回较强；需人工复核后决定是否由内部证据设点,外部节点不进主轴；复验通过后只由内部证据生成主轴点
EXT-WIKI-YEAR-0181,后四十回,十九年,19,正月,贾政被参回京。,未入复验队列,仍未设定,弱,,,,,保留外部旁路，不进入主轴,外部节点不进主轴；复验通过后只由内部证据生成主轴点
EXT-WIKI-YEAR-0182,后四十回,十九年,19,正月十五,查抄宁荣二府。,未入复验队列,仍未设定,弱,,,,,保留外部旁路，不进入主轴,外部节点不进主轴；复验通过后只由内部证据生成主轴点
EXT-WIKI-YEAR-0183,后四十回,十九年,19,正月,湘云（18岁）出嫁。,未入复验队列,二轮压缩后仍模糊,弱,,,,,保留外部旁路，不进入主轴,外部节点不进主轴；复验通过后只由内部证据生成主轴点
EXT-WIKI-YEAR-0184,后四十回,十九年,19,正月十九,湘云回门看望贾母。,未入复验队列,仍未设定,弱,,,,,保留外部旁路，不进入主轴,外部节点不进主轴；复验通过后只由内部证据生成主轴点
EXT-WIKI-YEAR-0185,后四十回,十九年,19,正月二十,迎春回。,未入复验队列,仍未设定,弱,,,,,保留外部旁路，不进入主轴,外部节点不进主轴；复验通过后只由内部证据生成主轴点
EXT-WIKI-YEAR-0186,后四十回,十九年,19,正月二十一,宝钗生日，迎春走。,第一轮,内部证据可候选,中强,22-001,C022-A0001,TB-022-001,season=初春,变量点命中明确事件短语；需回原文窗口复核后才可由内部证据设点,外部节点不进主轴；复验通过后只由内部证据生成主轴点
EXT-WIKI-YEAR-0187,后四十回,十九年,19,正月底,宝玉错把五儿当晴雯。,未入复验队列,仍未设定,弱,,,,,保留外部旁路，不进入主轴,外部节点不进主轴；复验通过后只由内部证据生成主轴点
EXT-WIKI-YEAR-0188,后四十回,十九年,19,正月底,迎春去世。,未入复验队列,仍未设定,弱,,,,,保留外部旁路，不进入主轴,外部节点不进主轴；复验通过后只由内部证据生成主轴点
EXT-WIKI-YEAR-0189,后四十回,十九年,19,二月,史湘云丈夫暴病。,未入复验队列,仍未设定,弱,,,,,保留外部旁路，不进入主轴,外部节点不进主轴；复验通过后只由内部证据生成主轴点
EXT-WIKI-YEAR-0190,后四十回,十九年,19,二月,贾母83岁 去世 ，鸳鸯（24岁）悬梁自尽。,未入复验队列,二轮压缩后仍模糊,弱,,,,,保留外部旁路，不进入主轴,外部节点不进主轴；复验通过后只由内部证据生成主轴点
EXT-WIKI-YEAR-0191,后四十回,十九年,19,三月,赵姨娘抽风死。,未入复验队列,仍未设定,弱,,,,,保留外部旁路，不进入主轴,外部节点不进主轴；复验通过后只由内部证据生成主轴点
EXT-WIKI-YEAR-0192,后四十回,十九年,19,四月,刘姥姥三进荣国府，王熙凤把巧姐托付刘姥姥。,未入复验队列,仍未设定,弱,,,,,保留外部旁路，不进入主轴,外部节点不进主轴；复验通过后只由内部证据生成主轴点
EXT-WIKI-YEAR-0193,后四十回,十九年,19,五月,王熙凤30岁（26岁）死。,未入复验队列,仍未设定,弱,,,,,保留外部旁路，不进入主轴,外部节点不进主轴；复验通过后只由内部证据生成主轴点
EXT-WIKI-YEAR-0194,后四十回,十九年,19,六月,江南甄老爷来访。,未入复验队列,仍未设定,弱,,,,,保留外部旁路，不进入主轴,外部节点不进主轴；复验通过后只由内部证据生成主轴点
EXT-WIKI-YEAR-0195,后四十回,十九年,19,七月,舅舅卖巧姐（13岁 ）。,未入复验队列,仍未设定,弱,,,,,保留外部旁路，不进入主轴,外部节点不进主轴；复验通过后只由内部证据生成主轴点
EXT-WIKI-YEAR-0196,后四十回,十九年,19,七月,惜春（17岁）剪发出家，紫鹃出家。,未入复验队列,仍未设定,弱,,,,,保留外部旁路，不进入主轴,外部节点不进主轴；复验通过后只由内部证据生成主轴点
EXT-WIKI-YEAR-0197,后四十回,十九年,19,七月,平儿（24岁）派车把巧姐送刘姥姥。,未入复验队列,仍未设定,弱,,,,,保留外部旁路，不进入主轴,外部节点不进主轴；复验通过后只由内部证据生成主轴点
EXT-WIKI-YEAR-0198,后四十回,十九年,19,八月初四,宝玉贾兰（16岁 ）入场科考。,未入复验队列,仍未设定,弱,,,,,保留外部旁路，不进入主轴,外部节点不进主轴；复验通过后只由内部证据生成主轴点
EXT-WIKI-YEAR-0199,后四十回,十九年,19,秋,宝玉（19歲 ）离家出走。,未入复验队列,仍未设定,弱,,,,,保留外部旁路，不进入主轴,外部节点不进主轴；复验通过后只由内部证据生成主轴点
EXT-WIKI-YEAR-0200,后四十回,十九年,19,冬,贾政毘陵驛遇宝玉。,未入复验队列,仍未设定,弱,,,,,保留外部旁路，不进入主轴,外部节点不进主轴；复验通过后只由内部证据生成主轴点
EXT-WIKI-YEAR-0201,后四十回,十九年,19,冬,袭人（21岁）出嫁， 香菱 难产而亡。,未入复验队列,仍未设定,弱,,,,,保留外部旁路，不进入主轴,外部节点不进主轴；复验通过后只由内部证据生成主轴点
