relative_path,size_bytes,size_human,mtime,suffix,github_channel,local_reason
outputs/00_红楼梦双头部方法中心理解/00_红楼梦双头部方法中心理解.md,31081,30.4KB,2026-06-22T11:05:01,.md,upload_candidate,
outputs/A轮坐标到B轮聚拢复核设计跑/20260622_104437_宝玉和黛玉与手帕眼泪是否同场/00_入口令牌.json,232,232B,2026-06-22T10:44:37,.json,upload_candidate,
outputs/A轮坐标到B轮聚拢复核设计跑/20260622_104437_宝玉和黛玉与手帕眼泪是否同场/01_查询词路.md,1698,1.7KB,2026-06-22T10:44:37,.md,upload_candidate,
outputs/A轮坐标到B轮聚拢复核设计跑/20260622_104437_宝玉和黛玉与手帕眼泪是否同场/02_坐标材料池入口候选.json,1474024,1.4MB,2026-06-22T10:44:37,.json,upload_candidate,
outputs/A轮坐标到B轮聚拢复核设计跑/20260622_104437_宝玉和黛玉与手帕眼泪是否同场/03_材料池入口_候选不作答.md,10212,10.0KB,2026-06-22T10:44:37,.md,upload_candidate,
outputs/A轮坐标到B轮聚拢复核设计跑/20260622_104437_宝玉和黛玉与手帕眼泪是否同场/04_坐标入材料池凭证门.json,62644,61.2KB,2026-06-22T10:44:37,.json,upload_candidate,
outputs/A轮坐标到B轮聚拢复核设计跑/20260622_104437_宝玉和黛玉与手帕眼泪是否同场/04_坐标入材料池凭证门.md,52712,51.5KB,2026-06-22T10:44:37,.md,upload_candidate,
outputs/A轮坐标到B轮聚拢复核设计跑/20260622_104437_宝玉和黛玉与手帕眼泪是否同场/B0_A轮坐标结论交接包.json,88376,86.3KB,2026-06-22T10:45:51,.json,upload_candidate,
outputs/A轮坐标到B轮聚拢复核设计跑/20260622_104437_宝玉和黛玉与手帕眼泪是否同场/B1_聚拢复核清单_设计跑.csv,5972,5.8KB,2026-06-22T10:45:51,.csv,upload_candidate,
outputs/A轮坐标到B轮聚拢复核设计跑/20260622_104437_宝玉和黛玉与手帕眼泪是否同场/B2_B轮聚拢复核提问稿_设计跑.md,1409,1.4KB,2026-06-22T10:45:51,.md,upload_candidate,
outputs/A轮坐标到B轮聚拢复核设计跑/20260622_104437_宝玉和黛玉与手帕眼泪是否同场/B3_全过程记录_设计跑.md,1165,1.1KB,2026-06-22T10:45:51,.md,upload_candidate,
outputs/test_person_gate_block/01_总证据池报告.md,345,345B,2026-06-21T22:14:59,.md,upload_candidate,
outputs/test_person_gate_block/02_总证据池摘要.json,1076,1.1KB,2026-06-21T22:14:59,.json,upload_candidate,
outputs/test_person_gate_block/03_子问题证据明细.csv,0,0B,2026-06-21T22:14:59,.csv,upload_candidate,
outputs/test_person_gate_block/04_合并候选段落.csv,0,0B,2026-06-21T22:14:59,.csv,upload_candidate,
outputs/test_person_gate_coordinate/01_总证据池报告.md,33416,32.6KB,2026-06-21T22:14:36,.md,upload_candidate,
outputs/test_person_gate_coordinate/02_总证据池摘要.json,5247049,5.0MB,2026-06-21T22:14:36,.json,upload_candidate,
outputs/test_person_gate_coordinate/03_子问题证据明细.csv,4534015,4.3MB,2026-06-21T22:14:36,.csv,upload_candidate,
outputs/test_person_gate_coordinate/04_合并候选段落.csv,4963255,4.7MB,2026-06-21T22:14:36,.csv,upload_candidate,
outputs/test_person_gate_nonperson/01_总证据池报告.md,4206,4.1KB,2026-06-21T22:15:00,.md,upload_candidate,
outputs/test_person_gate_nonperson/02_总证据池摘要.json,87293,85.2KB,2026-06-21T22:15:00,.json,upload_candidate,
outputs/test_person_gate_nonperson/03_子问题证据明细.csv,100893,98.5KB,2026-06-21T22:15:00,.csv,upload_candidate,
outputs/test_person_gate_nonperson/04_合并候选段落.csv,78011,76.2KB,2026-06-21T22:15:00,.csv,upload_candidate,
outputs/test_person_gate_semantic/01_总证据池报告.md,29708,29.0KB,2026-06-21T22:14:34,.md,upload_candidate,
outputs/test_person_gate_semantic/02_总证据池摘要.json,1033414,1009.2KB,2026-06-21T22:14:34,.json,upload_candidate,
outputs/test_person_gate_semantic/03_子问题证据明细.csv,236789,231.2KB,2026-06-21T22:14:34,.csv,upload_candidate,
outputs/test_person_gate_semantic/04_合并候选段落.csv,819926,800.7KB,2026-06-21T22:14:34,.csv,upload_candidate,
outputs/tmp_probe/01_总证据池报告.md,12848,12.5KB,2026-06-21T20:59:25,.md,upload_candidate,
outputs/tmp_probe/02_总证据池摘要.json,686532,670.4KB,2026-06-21T20:59:25,.json,upload_candidate,
outputs/tmp_probe/03_子问题证据明细.csv,406397,396.9KB,2026-06-21T20:59:25,.csv,upload_candidate,
outputs/tmp_probe/04_合并候选段落.csv,606915,592.7KB,2026-06-21T20:59:25,.csv,upload_candidate,
outputs/人物归一强令牌双路验收/人物归一强令牌双路验收.md,2136,2.1KB,2026-06-21T22:15:44,.md,upload_candidate,
outputs/坐标A环B环双轮试跑报告/A_坐标环/01_总证据池报告.md,18153,17.7KB,2026-06-21T21:00:45,.md,upload_candidate,
outputs/坐标A环B环双轮试跑报告/A_坐标环/02_总证据池摘要.json,702461,686.0KB,2026-06-21T21:00:45,.json,upload_candidate,
outputs/坐标A环B环双轮试跑报告/A_坐标环/03_子问题证据明细.csv,415717,406.0KB,2026-06-21T21:00:45,.csv,upload_candidate,
outputs/坐标A环B环双轮试跑报告/A_坐标环/04_合并候选段落.csv,621555,607.0KB,2026-06-21T21:00:45,.csv,upload_candidate,
outputs/坐标A环B环双轮试跑报告/B_语义环/01_总证据池报告.md,32255,31.5KB,2026-06-21T21:00:46,.md,upload_candidate,
outputs/坐标A环B环双轮试跑报告/B_语义环/02_总证据池摘要.json,1655352,1.6MB,2026-06-21T21:00:46,.json,upload_candidate,
outputs/坐标A环B环双轮试跑报告/B_语义环/03_子问题证据明细.csv,263602,257.4KB,2026-06-21T21:00:46,.csv,upload_candidate,
outputs/坐标A环B环双轮试跑报告/B_语义环/04_合并候选段落.csv,1341830,1.3MB,2026-06-21T21:00:46,.csv,upload_candidate,
outputs/坐标A环B环双轮试跑报告/坐标A环B环双轮试跑报告.md,9325,9.1KB,2026-06-21T21:00:46,.md,upload_candidate,
outputs/坐标A环B环双轮试跑报告/坐标A环B环双轮试跑记录.json,153551,150.0KB,2026-06-21T21:00:46,.json,upload_candidate,
outputs/坐标令牌关卡复测/坐标令牌关卡复测.json,1738,1.7KB,2026-06-21T21:44:02,.json,upload_candidate,
outputs/坐标令牌关卡复测/坐标完整令牌_pool/01_总证据池报告.md,17894,17.5KB,2026-06-21T21:44:02,.md,upload_candidate,
outputs/坐标令牌关卡复测/坐标完整令牌_pool/02_总证据池摘要.json,2286046,2.2MB,2026-06-21T21:44:02,.json,upload_candidate,
outputs/坐标令牌关卡复测/坐标完整令牌_pool/03_子问题证据明细.csv,2010248,1.9MB,2026-06-21T21:44:02,.csv,upload_candidate,
outputs/坐标令牌关卡复测/坐标完整令牌_pool/04_合并候选段落.csv,2182949,2.1MB,2026-06-21T21:44:02,.csv,upload_candidate,
outputs/坐标令牌关卡复测/语义旧路_pool/01_总证据池报告.md,2246,2.2KB,2026-06-21T21:44:02,.md,upload_candidate,
outputs/坐标令牌关卡复测/语义旧路_pool/02_总证据池摘要.json,16793,16.4KB,2026-06-21T21:44:02,.json,upload_candidate,
outputs/坐标令牌关卡复测/语义旧路_pool/03_子问题证据明细.csv,14265,13.9KB,2026-06-21T21:44:02,.csv,upload_candidate,
outputs/坐标令牌关卡复测/语义旧路_pool/04_合并候选段落.csv,13810,13.5KB,2026-06-21T21:44:02,.csv,upload_candidate,
outputs/坐标优化硬门测试/20260621_233345_林黛玉和手帕眼泪是否同场/00_入口令牌.json,232,232B,2026-06-21T23:33:45,.json,upload_candidate,
outputs/坐标优化硬门测试/20260621_233345_林黛玉和手帕眼泪是否同场/01_查询词路.md,338,338B,2026-06-21T23:33:45,.md,upload_candidate,
outputs/坐标优化硬门测试/20260621_233345_林黛玉和手帕眼泪是否同场/02_坐标材料池入口候选.json,1040205,1015.8KB,2026-06-21T23:33:45,.json,upload_candidate,
outputs/坐标优化硬门测试/20260621_233345_林黛玉和手帕眼泪是否同场/03_材料池入口_候选不作答.md,7310,7.1KB,2026-06-21T23:33:45,.md,upload_candidate,
outputs/坐标优化硬门测试_final/20260621_233446_林黛玉和手帕眼泪是否同场/00_入口令牌.json,232,232B,2026-06-21T23:34:46,.json,upload_candidate,
outputs/坐标优化硬门测试_final/20260621_233446_林黛玉和手帕眼泪是否同场/01_查询词路.md,338,338B,2026-06-21T23:34:46,.md,upload_candidate,
outputs/坐标优化硬门测试_final/20260621_233446_林黛玉和手帕眼泪是否同场/02_坐标材料池入口候选.json,1040268,1015.9KB,2026-06-21T23:34:46,.json,upload_candidate,
outputs/坐标优化硬门测试_final/20260621_233446_林黛玉和手帕眼泪是否同场/03_材料池入口_候选不作答.md,7313,7.1KB,2026-06-21T23:34:46,.md,upload_candidate,
outputs/坐标入口到取词完毕最终试跑/evidence_pool_coordinate_only/01_总证据池报告.md,33557,32.8KB,2026-06-21T22:18:44,.md,upload_candidate,
outputs/坐标入口到取词完毕最终试跑/evidence_pool_coordinate_only/02_总证据池摘要.json,5259582,5.0MB,2026-06-21T22:18:44,.json,upload_candidate,
outputs/坐标入口到取词完毕最终试跑/evidence_pool_coordinate_only/03_子问题证据明细.csv,4545615,4.3MB,2026-06-21T22:18:44,.csv,upload_candidate,
outputs/坐标入口到取词完毕最终试跑/evidence_pool_coordinate_only/04_合并候选段落.csv,4974855,4.7MB,2026-06-21T22:18:44,.csv,upload_candidate,
outputs/坐标入口到取词完毕最终试跑/坐标入口到取词完毕试跑记录.json,55630,54.3KB,2026-06-21T22:18:44,.json,upload_candidate,
outputs/坐标入口到材料池四跑验收/01_alias_distance/material_pool_entry/01_总证据池报告.md,33572,32.8KB,2026-06-21T22:21:30,.md,upload_candidate,
outputs/坐标入口到材料池四跑验收/01_alias_distance/material_pool_entry/02_总证据池摘要.json,5259657,5.0MB,2026-06-21T22:21:29,.json,upload_candidate,
outputs/坐标入口到材料池四跑验收/01_alias_distance/material_pool_entry/03_子问题证据明细.csv,4545615,4.3MB,2026-06-21T22:21:30,.csv,upload_candidate,
outputs/坐标入口到材料池四跑验收/01_alias_distance/material_pool_entry/04_合并候选段落.csv,4974855,4.7MB,2026-06-21T22:21:30,.csv,upload_candidate,
outputs/坐标入口到材料池四跑验收/01_alias_distance/run_record.json,4663,4.6KB,2026-06-21T22:21:30,.json,upload_candidate,
outputs/坐标入口到材料池四跑验收/02_person_season_object/material_pool_entry/01_总证据池报告.md,34083,33.3KB,2026-06-21T22:21:41,.md,upload_candidate,
outputs/坐标入口到材料池四跑验收/02_person_season_object/material_pool_entry/02_总证据池摘要.json,5876125,5.6MB,2026-06-21T22:21:41,.json,upload_candidate,
outputs/坐标入口到材料池四跑验收/02_person_season_object/material_pool_entry/03_子问题证据明细.csv,5076259,4.8MB,2026-06-21T22:21:41,.csv,upload_candidate,
outputs/坐标入口到材料池四跑验收/02_person_season_object/material_pool_entry/04_合并候选段落.csv,5589882,5.3MB,2026-06-21T22:21:41,.csv,upload_candidate,
outputs/坐标入口到材料池四跑验收/02_person_season_object/run_record.json,7055,6.9KB,2026-06-21T22:21:41,.json,upload_candidate,
outputs/坐标入口到材料池四跑验收/03_object_cooccurrence/material_pool_entry/01_总证据池报告.md,34822,34.0KB,2026-06-21T22:21:44,.md,upload_candidate,
outputs/坐标入口到材料池四跑验收/03_object_cooccurrence/material_pool_entry/02_总证据池摘要.json,5728544,5.5MB,2026-06-21T22:21:44,.json,upload_candidate,
outputs/坐标入口到材料池四跑验收/03_object_cooccurrence/material_pool_entry/03_子问题证据明细.csv,4914177,4.7MB,2026-06-21T22:21:44,.csv,upload_candidate,
outputs/坐标入口到材料池四跑验收/03_object_cooccurrence/material_pool_entry/04_合并候选段落.csv,5443506,5.2MB,2026-06-21T22:21:44,.csv,upload_candidate,
outputs/坐标入口到材料池四跑验收/03_object_cooccurrence/run_record.json,6142,6.0KB,2026-06-21T22:21:44,.json,upload_candidate,
outputs/坐标入口到材料池四跑验收/04_alias_space/material_pool_entry/01_总证据池报告.md,37067,36.2KB,2026-06-21T22:21:49,.md,upload_candidate,
outputs/坐标入口到材料池四跑验收/04_alias_space/material_pool_entry/02_总证据池摘要.json,3552084,3.4MB,2026-06-21T22:21:49,.json,upload_candidate,
outputs/坐标入口到材料池四跑验收/04_alias_space/material_pool_entry/03_子问题证据明细.csv,2795611,2.7MB,2026-06-21T22:21:49,.csv,upload_candidate,
outputs/坐标入口到材料池四跑验收/04_alias_space/material_pool_entry/04_合并候选段落.csv,3266847,3.1MB,2026-06-21T22:21:49,.csv,upload_candidate,
outputs/坐标入口到材料池四跑验收/04_alias_space/run_record.json,6809,6.6KB,2026-06-21T22:21:49,.json,upload_candidate,
outputs/坐标入口到材料池四跑验收/四跑总记录.json,26521,25.9KB,2026-06-21T22:21:49,.json,upload_candidate,
outputs/坐标入口到材料池四跑验收/坐标入口到材料池四跑最终报告.md,5385,5.3KB,2026-06-21T22:24:24,.md,upload_candidate,
outputs/坐标入口到材料池四跑验收_修正复跑/01_alias_distance/material_pool_entry/01_总证据池报告.md,33611,32.8KB,2026-06-21T22:23:12,.md,upload_candidate,
outputs/坐标入口到材料池四跑验收_修正复跑/01_alias_distance/material_pool_entry/02_总证据池摘要.json,5259627,5.0MB,2026-06-21T22:23:11,.json,upload_candidate,
outputs/坐标入口到材料池四跑验收_修正复跑/01_alias_distance/material_pool_entry/03_子问题证据明细.csv,4545615,4.3MB,2026-06-21T22:23:11,.csv,upload_candidate,
outputs/坐标入口到材料池四跑验收_修正复跑/01_alias_distance/material_pool_entry/04_合并候选段落.csv,4974855,4.7MB,2026-06-21T22:23:12,.csv,upload_candidate,
outputs/坐标入口到材料池四跑验收_修正复跑/01_alias_distance/run_record.json,1839,1.8KB,2026-06-21T22:23:12,.json,upload_candidate,
outputs/坐标入口到材料池四跑验收_修正复跑/02_person_season_object/material_pool_entry/01_总证据池报告.md,34225,33.4KB,2026-06-21T22:23:22,.md,upload_candidate,
outputs/坐标入口到材料池四跑验收_修正复跑/02_person_season_object/material_pool_entry/02_总证据池摘要.json,5685812,5.4MB,2026-06-21T22:23:22,.json,upload_candidate,
outputs/坐标入口到材料池四跑验收_修正复跑/02_person_season_object/material_pool_entry/03_子问题证据明细.csv,4895556,4.7MB,2026-06-21T22:23:22,.csv,upload_candidate,
outputs/坐标入口到材料池四跑验收_修正复跑/02_person_season_object/material_pool_entry/04_合并候选段落.csv,5399645,5.1MB,2026-06-21T22:23:22,.csv,upload_candidate,
outputs/坐标入口到材料池四跑验收_修正复跑/02_person_season_object/run_record.json,2075,2.0KB,2026-06-21T22:23:22,.json,upload_candidate,
outputs/坐标入口到材料池四跑验收_修正复跑/03_object_cooccurrence/material_pool_entry/01_总证据池报告.md,35657,34.8KB,2026-06-21T22:23:25,.md,upload_candidate,
outputs/坐标入口到材料池四跑验收_修正复跑/03_object_cooccurrence/material_pool_entry/02_总证据池摘要.json,5343944,5.1MB,2026-06-21T22:23:24,.json,upload_candidate,
outputs/坐标入口到材料池四跑验收_修正复跑/03_object_cooccurrence/material_pool_entry/03_子问题证据明细.csv,4565178,4.4MB,2026-06-21T22:23:25,.csv,upload_candidate,
outputs/坐标入口到材料池四跑验收_修正复跑/03_object_cooccurrence/material_pool_entry/04_合并候选段落.csv,5059012,4.8MB,2026-06-21T22:23:25,.csv,upload_candidate,
outputs/坐标入口到材料池四跑验收_修正复跑/03_object_cooccurrence/run_record.json,1785,1.7KB,2026-06-21T22:23:25,.json,upload_candidate,
outputs/坐标入口到材料池四跑验收_修正复跑/04_alias_space/material_pool_entry/01_总证据池报告.md,34836,34.0KB,2026-06-21T22:23:29,.md,upload_candidate,
outputs/坐标入口到材料池四跑验收_修正复跑/04_alias_space/material_pool_entry/02_总证据池摘要.json,3299951,3.1MB,2026-06-21T22:23:29,.json,upload_candidate,
outputs/坐标入口到材料池四跑验收_修正复跑/04_alias_space/material_pool_entry/03_子问题证据明细.csv,2564474,2.4MB,2026-06-21T22:23:29,.csv,upload_candidate,
outputs/坐标入口到材料池四跑验收_修正复跑/04_alias_space/material_pool_entry/04_合并候选段落.csv,3014819,2.9MB,2026-06-21T22:23:29,.csv,upload_candidate,
outputs/坐标入口到材料池四跑验收_修正复跑/04_alias_space/run_record.json,1772,1.7KB,2026-06-21T22:23:29,.json,upload_candidate,
outputs/坐标入口到材料池四跑验收_修正复跑/四跑修正复跑总记录.json,8214,8.0KB,2026-06-21T22:23:29,.json,upload_candidate,
outputs/坐标入池凭证门测试/20260621_234929_林黛玉和手帕眼泪是否同场/00_入口令牌.json,232,232B,2026-06-21T23:49:29,.json,upload_candidate,
outputs/坐标入池凭证门测试/20260621_234929_林黛玉和手帕眼泪是否同场/01_查询词路.md,338,338B,2026-06-21T23:49:29,.md,upload_candidate,
outputs/坐标入池凭证门测试/20260621_234929_林黛玉和手帕眼泪是否同场/02_坐标材料池入口候选.json,543519,530.8KB,2026-06-21T23:49:29,.json,upload_candidate,
outputs/坐标入池凭证门测试/20260621_234929_林黛玉和手帕眼泪是否同场/03_材料池入口_候选不作答.md,4290,4.2KB,2026-06-21T23:49:29,.md,upload_candidate,
outputs/坐标入池凭证门测试/20260621_234929_林黛玉和手帕眼泪是否同场/04_坐标入材料池凭证门.json,45908,44.8KB,2026-06-21T23:49:29,.json,upload_candidate,
outputs/坐标入池凭证门测试/20260621_234929_林黛玉和手帕眼泪是否同场/04_坐标入材料池凭证门.md,41459,40.5KB,2026-06-21T23:49:29,.md,upload_candidate,
outputs/坐标取材总线工具运用方法说明.md,12329,12.0KB,2026-06-21T21:46:07,.md,upload_candidate,
outputs/坐标接线试跑_build_pool_coordinate/01_总证据池报告.md,12941,12.6KB,2026-06-21T20:42:49,.md,upload_candidate,
outputs/坐标接线试跑_build_pool_coordinate/02_总证据池摘要.json,252968,247.0KB,2026-06-21T20:42:49,.json,upload_candidate,
outputs/坐标接线试跑_build_pool_coordinate/03_子问题证据明细.csv,53163,51.9KB,2026-06-21T20:42:49,.csv,upload_candidate,
outputs/坐标接线试跑_build_pool_coordinate/04_合并候选段落.csv,210674,205.7KB,2026-06-21T20:42:49,.csv,upload_candidate,
outputs/坐标接线试跑_build_pool_coordinate_fields/01_总证据池报告.md,12962,12.7KB,2026-06-21T20:43:59,.md,upload_candidate,
outputs/坐标接线试跑_build_pool_coordinate_fields/02_总证据池摘要.json,319816,312.3KB,2026-06-21T20:43:59,.json,upload_candidate,
outputs/坐标接线试跑_build_pool_coordinate_fields/03_子问题证据明细.csv,53163,51.9KB,2026-06-21T20:43:59,.csv,upload_candidate,
outputs/坐标接线试跑_build_pool_coordinate_fields/04_合并候选段落.csv,253427,247.5KB,2026-06-21T20:43:59,.csv,upload_candidate,
outputs/坐标接线试跑_字段保留后闭环/20260621_204420_坐标_宝玉林黛玉两个人在秋天跟花比较接近的一个状态/00AA_入口硬规则门.md,3348,3.3KB,2026-06-21T20:44:20,.md,upload_candidate,
outputs/坐标接线试跑_字段保留后闭环/20260621_204420_坐标_宝玉林黛玉两个人在秋天跟花比较接近的一个状态/00AB_入口硬规则门.json,4534,4.4KB,2026-06-21T20:44:20,.json,upload_candidate,
outputs/坐标接线试跑_字段保留后闭环/20260621_204420_坐标_宝玉林黛玉两个人在秋天跟花比较接近的一个状态/00AC_聚拢库总入口流程锁.md,22397,21.9KB,2026-06-21T20:44:22,.md,upload_candidate,
outputs/坐标接线试跑_字段保留后闭环/20260621_204420_坐标_宝玉林黛玉两个人在秋天跟花比较接近的一个状态/00AD_聚拢库总入口流程锁.json,28630,28.0KB,2026-06-21T20:44:22,.json,upload_candidate,
outputs/坐标接线试跑_字段保留后闭环/20260621_204420_坐标_宝玉林黛玉两个人在秋天跟花比较接近的一个状态/00AE_机器短卡与证据分层策略.md,1852,1.8KB,2026-06-21T20:44:22,.md,upload_candidate,
outputs/坐标接线试跑_字段保留后闭环/20260621_204420_坐标_宝玉林黛玉两个人在秋天跟花比较接近的一个状态/00AF_机器短卡与证据分层策略.json,3135,3.1KB,2026-06-21T20:44:22,.json,upload_candidate,
outputs/坐标接线试跑_字段保留后闭环/20260621_204420_坐标_宝玉林黛玉两个人在秋天跟花比较接近的一个状态/00AG_聚拢库取材单.md,2749,2.7KB,2026-06-21T20:44:25,.md,upload_candidate,
outputs/坐标接线试跑_字段保留后闭环/20260621_204420_坐标_宝玉林黛玉两个人在秋天跟花比较接近的一个状态/00AH_聚拢库取材单.json,6431,6.3KB,2026-06-21T20:44:25,.json,upload_candidate,
outputs/坐标接线试跑_字段保留后闭环/20260621_204420_坐标_宝玉林黛玉两个人在秋天跟花比较接近的一个状态/00AI_聚拢入材料池清单.csv,45226,44.2KB,2026-06-21T20:44:25,.csv,upload_candidate,
outputs/坐标接线试跑_字段保留后闭环/20260621_204420_坐标_宝玉林黛玉两个人在秋天跟花比较接近的一个状态/00AJ_聚拢入材料池凭证门.md,1100,1.1KB,2026-06-21T20:44:25,.md,upload_candidate,
outputs/坐标接线试跑_字段保留后闭环/20260621_204420_坐标_宝玉林黛玉两个人在秋天跟花比较接近的一个状态/00AK_聚拢入材料池凭证门.json,1396,1.4KB,2026-06-21T20:44:25,.json,upload_candidate,
outputs/坐标接线试跑_字段保留后闭环/20260621_204420_坐标_宝玉林黛玉两个人在秋天跟花比较接近的一个状态/00AL_聚拢入材料池阻断清单.csv,0,0B,2026-06-21T20:44:25,.csv,upload_candidate,
outputs/坐标接线试跑_字段保留后闭环/20260621_204420_坐标_宝玉林黛玉两个人在秋天跟花比较接近的一个状态/00AM_聚拢裁判首读材料池.md,2381,2.3KB,2026-06-21T20:44:25,.md,upload_candidate,
outputs/坐标接线试跑_字段保留后闭环/20260621_204420_坐标_宝玉林黛玉两个人在秋天跟花比较接近的一个状态/00A_问题判断程序.md,25870,25.3KB,2026-06-21T20:44:20,.md,upload_candidate,
outputs/坐标接线试跑_字段保留后闭环/20260621_204420_坐标_宝玉林黛玉两个人在秋天跟花比较接近的一个状态/00B_关键词网络预检.json,31620,30.9KB,2026-06-21T20:44:20,.json,upload_candidate,
outputs/坐标接线试跑_字段保留后闭环/20260621_204420_坐标_宝玉林黛玉两个人在秋天跟花比较接近的一个状态/00C_库线原文流转骨架.md,15683,15.3KB,2026-06-21T20:44:22,.md,upload_candidate,
outputs/坐标接线试跑_字段保留后闭环/20260621_204420_坐标_宝玉林黛玉两个人在秋天跟花比较接近的一个状态/00D_库线原文流转骨架.json,26514,25.9KB,2026-06-21T20:44:22,.json,upload_candidate,
outputs/坐标接线试跑_字段保留后闭环/20260621_204420_坐标_宝玉林黛玉两个人在秋天跟花比较接近的一个状态/00E_经验复盘入账.md,2047,2.0KB,2026-06-21T20:44:22,.md,upload_candidate,
outputs/坐标接线试跑_字段保留后闭环/20260621_204420_坐标_宝玉林黛玉两个人在秋天跟花比较接近的一个状态/00F_经验复盘入账.json,3033,3.0KB,2026-06-21T20:44:22,.json,upload_candidate,
outputs/坐标接线试跑_字段保留后闭环/20260621_204420_坐标_宝玉林黛玉两个人在秋天跟花比较接近的一个状态/00G_最终回答前材料池精读门.md,4797,4.7KB,2026-06-21T20:44:22,.md,upload_candidate,
outputs/坐标接线试跑_字段保留后闭环/20260621_204420_坐标_宝玉林黛玉两个人在秋天跟花比较接近的一个状态/00H_最终回答前材料池精读门.json,6560,6.4KB,2026-06-21T20:44:22,.json,upload_candidate,
outputs/坐标接线试跑_字段保留后闭环/20260621_204420_坐标_宝玉林黛玉两个人在秋天跟花比较接近的一个状态/00I_全流程产物与Codex判别门.md,11559,11.3KB,2026-06-21T20:44:22,.md,upload_candidate,
outputs/坐标接线试跑_字段保留后闭环/20260621_204420_坐标_宝玉林黛玉两个人在秋天跟花比较接近的一个状态/00J_全流程产物与Codex判别门.json,12455,12.2KB,2026-06-21T20:44:22,.json,upload_candidate,
outputs/坐标接线试跑_字段保留后闭环/20260621_204420_坐标_宝玉林黛玉两个人在秋天跟花比较接近的一个状态/00K_本题库态预检表.md,4335,4.2KB,2026-06-21T20:44:22,.md,upload_candidate,
outputs/坐标接线试跑_字段保留后闭环/20260621_204420_坐标_宝玉林黛玉两个人在秋天跟花比较接近的一个状态/00L_本题库态预检表.json,8980,8.8KB,2026-06-21T20:44:22,.json,upload_candidate,
outputs/坐标接线试跑_字段保留后闭环/20260621_204420_坐标_宝玉林黛玉两个人在秋天跟花比较接近的一个状态/00M_Codex指挥链达标检查.md,9194,9.0KB,2026-06-21T20:44:25,.md,upload_candidate,
outputs/坐标接线试跑_字段保留后闭环/20260621_204420_坐标_宝玉林黛玉两个人在秋天跟花比较接近的一个状态/00N_Codex指挥链达标检查.json,15350,15.0KB,2026-06-21T20:44:25,.json,upload_candidate,
outputs/坐标接线试跑_字段保留后闭环/20260621_204420_坐标_宝玉林黛玉两个人在秋天跟花比较接近的一个状态/00P_二轮补证决策卡.md,2937,2.9KB,2026-06-21T20:44:25,.md,upload_candidate,
outputs/坐标接线试跑_字段保留后闭环/20260621_204420_坐标_宝玉林黛玉两个人在秋天跟花比较接近的一个状态/00Q_二轮补证决策卡.json,4669,4.6KB,2026-06-21T20:44:25,.json,upload_candidate,
outputs/坐标接线试跑_字段保留后闭环/20260621_204420_坐标_宝玉林黛玉两个人在秋天跟花比较接近的一个状态/00R_来源字段标准化词典.md,4138,4.0KB,2026-06-21T20:44:25,.md,upload_candidate,
outputs/坐标接线试跑_字段保留后闭环/20260621_204420_坐标_宝玉林黛玉两个人在秋天跟花比较接近的一个状态/00S_来源字段标准化词典.json,7469,7.3KB,2026-06-21T20:44:25,.json,upload_candidate,
outputs/坐标接线试跑_字段保留后闭环/20260621_204420_坐标_宝玉林黛玉两个人在秋天跟花比较接近的一个状态/00T_经验法典三层结构.md,1859,1.8KB,2026-06-21T20:44:25,.md,upload_candidate,
outputs/坐标接线试跑_字段保留后闭环/20260621_204420_坐标_宝玉林黛玉两个人在秋天跟花比较接近的一个状态/00U_经验法典三层结构.json,3142,3.1KB,2026-06-21T20:44:25,.json,upload_candidate,
outputs/坐标接线试跑_字段保留后闭环/20260621_204420_坐标_宝玉林黛玉两个人在秋天跟花比较接近的一个状态/00V_正式沙盒模式边界.md,1465,1.4KB,2026-06-21T20:44:25,.md,upload_candidate,
outputs/坐标接线试跑_字段保留后闭环/20260621_204420_坐标_宝玉林黛玉两个人在秋天跟花比较接近的一个状态/00W_正式沙盒模式边界.json,2383,2.3KB,2026-06-21T20:44:25,.json,upload_candidate,
outputs/坐标接线试跑_字段保留后闭环/20260621_204420_坐标_宝玉林黛玉两个人在秋天跟花比较接近的一个状态/00X_用户认可入库门.md,1100,1.1KB,2026-06-21T20:44:25,.md,upload_candidate,
outputs/坐标接线试跑_字段保留后闭环/20260621_204420_坐标_宝玉林黛玉两个人在秋天跟花比较接近的一个状态/00Y_用户认可入库门.json,1521,1.5KB,2026-06-21T20:44:25,.json,upload_candidate,
outputs/坐标接线试跑_字段保留后闭环/20260621_204420_坐标_宝玉林黛玉两个人在秋天跟花比较接近的一个状态/00ZA_库群覆盖矩阵.json,4069,4.0KB,2026-06-21T20:44:25,.json,upload_candidate,
outputs/坐标接线试跑_字段保留后闭环/20260621_204420_坐标_宝玉林黛玉两个人在秋天跟花比较接近的一个状态/00ZB_桌面人读排序配置.md,8900,8.7KB,2026-06-21T20:44:25,.md,upload_candidate,
outputs/坐标接线试跑_字段保留后闭环/20260621_204420_坐标_宝玉林黛玉两个人在秋天跟花比较接近的一个状态/00ZC_桌面人读排序配置.json,12832,12.5KB,2026-06-21T20:44:25,.json,upload_candidate,
outputs/坐标接线试跑_字段保留后闭环/20260621_204420_坐标_宝玉林黛玉两个人在秋天跟花比较接近的一个状态/00ZD_Codex红楼解语生成门.md,8105,7.9KB,2026-06-21T20:44:25,.md,upload_candidate,
outputs/坐标接线试跑_字段保留后闭环/20260621_204420_坐标_宝玉林黛玉两个人在秋天跟花比较接近的一个状态/00ZE_Codex红楼解语生成门.json,11749,11.5KB,2026-06-21T20:44:25,.json,upload_candidate,
outputs/坐标接线试跑_字段保留后闭环/20260621_204420_坐标_宝玉林黛玉两个人在秋天跟花比较接近的一个状态/00ZF_Codex红楼解语_待生成.md,1117,1.1KB,2026-06-21T20:44:25,.md,upload_candidate,
outputs/坐标接线试跑_字段保留后闭环/20260621_204420_坐标_宝玉林黛玉两个人在秋天跟花比较接近的一个状态/00ZG_Codex精读材料词生成门.md,1861,1.8KB,2026-06-21T20:44:25,.md,upload_candidate,
outputs/坐标接线试跑_字段保留后闭环/20260621_204420_坐标_宝玉林黛玉两个人在秋天跟花比较接近的一个状态/00ZH_Codex精读材料词生成门.json,3503,3.4KB,2026-06-21T20:44:25,.json,upload_candidate,
outputs/坐标接线试跑_字段保留后闭环/20260621_204420_坐标_宝玉林黛玉两个人在秋天跟花比较接近的一个状态/00ZI_Codex精读材料词_待生成.md,810,810B,2026-06-21T20:44:25,.md,upload_candidate,
outputs/坐标接线试跑_字段保留后闭环/20260621_204420_坐标_宝玉林黛玉两个人在秋天跟花比较接近的一个状态/00ZJ_Codex最终答案写回规范.md,1553,1.5KB,2026-06-21T20:44:25,.md,upload_candidate,
outputs/坐标接线试跑_字段保留后闭环/20260621_204420_坐标_宝玉林黛玉两个人在秋天跟花比较接近的一个状态/00ZK_Codex最终答案写回规范.json,1778,1.7KB,2026-06-21T20:44:25,.json,upload_candidate,
outputs/坐标接线试跑_字段保留后闭环/20260621_204420_坐标_宝玉林黛玉两个人在秋天跟花比较接近的一个状态/00ZL_十题回归测试骨架.md,2009,2.0KB,2026-06-21T20:44:25,.md,upload_candidate,
outputs/坐标接线试跑_字段保留后闭环/20260621_204420_坐标_宝玉林黛玉两个人在秋天跟花比较接近的一个状态/00ZM_十题回归测试骨架.json,2916,2.8KB,2026-06-21T20:44:25,.json,upload_candidate,
outputs/坐标接线试跑_字段保留后闭环/20260621_204420_坐标_宝玉林黛玉两个人在秋天跟花比较接近的一个状态/00ZN_Codex写作前原文通读摘抄生成门.md,1601,1.6KB,2026-06-21T20:44:25,.md,upload_candidate,
outputs/坐标接线试跑_字段保留后闭环/20260621_204420_坐标_宝玉林黛玉两个人在秋天跟花比较接近的一个状态/00ZO_Codex写作前原文通读摘抄生成门.json,3300,3.2KB,2026-06-21T20:44:25,.json,upload_candidate,
outputs/坐标接线试跑_字段保留后闭环/20260621_204420_坐标_宝玉林黛玉两个人在秋天跟花比较接近的一个状态/00ZP_Codex写作前原文通读摘抄_待生成.md,689,689B,2026-06-21T20:44:25,.md,upload_candidate,
outputs/坐标接线试跑_字段保留后闭环/20260621_204420_坐标_宝玉林黛玉两个人在秋天跟花比较接近的一个状态/00Z_库群覆盖矩阵.md,1948,1.9KB,2026-06-21T20:44:25,.md,upload_candidate,
outputs/坐标接线试跑_字段保留后闭环/20260621_204420_坐标_宝玉林黛玉两个人在秋天跟花比较接近的一个状态/00_闭环总览.md,10887,10.6KB,2026-06-21T20:44:25,.md,upload_candidate,
outputs/坐标接线试跑_字段保留后闭环/20260621_204420_坐标_宝玉林黛玉两个人在秋天跟花比较接近的一个状态/01_问题树.md,6416,6.3KB,2026-06-21T20:44:25,.md,upload_candidate,
outputs/坐标接线试跑_字段保留后闭环/20260621_204420_坐标_宝玉林黛玉两个人在秋天跟花比较接近的一个状态/02_证据阅读顺序.csv,298200,291.2KB,2026-06-21T20:44:25,.csv,upload_candidate,
outputs/坐标接线试跑_字段保留后闭环/20260621_204420_坐标_宝玉林黛玉两个人在秋天跟花比较接近的一个状态/03_重点证据卡片.md,23577,23.0KB,2026-06-21T20:44:25,.md,upload_candidate,
outputs/坐标接线试跑_字段保留后闭环/20260621_204420_坐标_宝玉林黛玉两个人在秋天跟花比较接近的一个状态/04_复核表.csv,37048,36.2KB,2026-06-21T20:44:25,.csv,upload_candidate,
outputs/坐标接线试跑_字段保留后闭环/20260621_204420_坐标_宝玉林黛玉两个人在秋天跟花比较接近的一个状态/05_复核阅读单.md,24309,23.7KB,2026-06-21T20:44:25,.md,upload_candidate,
outputs/坐标接线试跑_字段保留后闭环/20260621_204420_坐标_宝玉林黛玉两个人在秋天跟花比较接近的一个状态/06_复核回读材料.md,1774,1.7KB,2026-06-21T20:44:25,.md,upload_candidate,
outputs/坐标接线试跑_字段保留后闭环/20260621_204420_坐标_宝玉林黛玉两个人在秋天跟花比较接近的一个状态/07_反馈排序配置.json,708,708B,2026-06-21T20:44:25,.json,upload_candidate,
outputs/坐标接线试跑_字段保留后闭环/20260621_204420_坐标_宝玉林黛玉两个人在秋天跟花比较接近的一个状态/08_运行清单.json,250652,244.8KB,2026-06-21T20:44:25,.json,upload_candidate,
outputs/坐标接线试跑_字段保留后闭环/20260621_204420_坐标_宝玉林黛玉两个人在秋天跟花比较接近的一个状态/_内部过程/反馈包/00_反馈优化说明.md,2188,2.1KB,2026-06-21T20:44:25,.md,upload_candidate,
outputs/坐标接线试跑_字段保留后闭环/20260621_204420_坐标_宝玉林黛玉两个人在秋天跟花比较接近的一个状态/_内部过程/反馈包/01_反馈优化总览.md,1789,1.7KB,2026-06-21T20:44:25,.md,upload_candidate,
outputs/坐标接线试跑_字段保留后闭环/20260621_204420_坐标_宝玉林黛玉两个人在秋天跟花比较接近的一个状态/_内部过程/反馈包/02_人工反馈明细.csv,37281,36.4KB,2026-06-21T20:44:25,.csv,upload_candidate,
outputs/坐标接线试跑_字段保留后闭环/20260621_204420_坐标_宝玉林黛玉两个人在秋天跟花比较接近的一个状态/_内部过程/反馈包/03_角色章节权重.csv,0,0B,2026-06-21T20:44:25,.csv,upload_candidate,
outputs/坐标接线试跑_字段保留后闭环/20260621_204420_坐标_宝玉林黛玉两个人在秋天跟花比较接近的一个状态/_内部过程/反馈包/04_关键词权重.csv,0,0B,2026-06-21T20:44:25,.csv,upload_candidate,
outputs/坐标接线试跑_字段保留后闭环/20260621_204420_坐标_宝玉林黛玉两个人在秋天跟花比较接近的一个状态/_内部过程/反馈包/05_出库排序配置.json,708,708B,2026-06-21T20:44:25,.json,upload_candidate,
outputs/坐标接线试跑_字段保留后闭环/20260621_204420_坐标_宝玉林黛玉两个人在秋天跟花比较接近的一个状态/_内部过程/反馈包/06_反馈优化摘要.json,2227,2.2KB,2026-06-21T20:44:25,.json,upload_candidate,
outputs/坐标接线试跑_字段保留后闭环/20260621_204420_坐标_宝玉林黛玉两个人在秋天跟花比较接近的一个状态/_内部过程/回读包/00_复核回读说明.md,2266,2.2KB,2026-06-21T20:44:25,.md,upload_candidate,
outputs/坐标接线试跑_字段保留后闭环/20260621_204420_坐标_宝玉林黛玉两个人在秋天跟花比较接近的一个状态/_内部过程/回读包/01_复核回读总览.md,813,813B,2026-06-21T20:44:25,.md,upload_candidate,
outputs/坐标接线试跑_字段保留后闭环/20260621_204420_坐标_宝玉林黛玉两个人在秋天跟花比较接近的一个状态/_内部过程/回读包/02_可用证据.csv,0,0B,2026-06-21T20:44:25,.csv,upload_candidate,
outputs/坐标接线试跑_字段保留后闭环/20260621_204420_坐标_宝玉林黛玉两个人在秋天跟花比较接近的一个状态/_内部过程/回读包/03_剔除证据.csv,0,0B,2026-06-21T20:44:25,.csv,upload_candidate,
outputs/坐标接线试跑_字段保留后闭环/20260621_204420_坐标_宝玉林黛玉两个人在秋天跟花比较接近的一个状态/_内部过程/回读包/04_待复核证据.csv,37621,36.7KB,2026-06-21T20:44:25,.csv,upload_candidate,
outputs/坐标接线试跑_字段保留后闭环/20260621_204420_坐标_宝玉林黛玉两个人在秋天跟花比较接近的一个状态/_内部过程/回读包/05_复核后写作材料.md,1774,1.7KB,2026-06-21T20:44:25,.md,upload_candidate,
outputs/坐标接线试跑_字段保留后闭环/20260621_204420_坐标_宝玉林黛玉两个人在秋天跟花比较接近的一个状态/_内部过程/回读包/06_复核回读摘要.json,2463,2.4KB,2026-06-21T20:44:25,.json,upload_candidate,
outputs/坐标接线试跑_字段保留后闭环/20260621_204420_坐标_宝玉林黛玉两个人在秋天跟花比较接近的一个状态/_内部过程/复核包/00_复核写作包说明.md,2387,2.3KB,2026-06-21T20:44:25,.md,upload_candidate,
outputs/坐标接线试跑_字段保留后闭环/20260621_204420_坐标_宝玉林黛玉两个人在秋天跟花比较接近的一个状态/_内部过程/复核包/01_人工复核表.csv,37048,36.2KB,2026-06-21T20:44:25,.csv,upload_candidate,
outputs/坐标接线试跑_字段保留后闭环/20260621_204420_坐标_宝玉林黛玉两个人在秋天跟花比较接近的一个状态/_内部过程/复核包/02_复核阅读单.md,24309,23.7KB,2026-06-21T20:44:25,.md,upload_candidate,
outputs/坐标接线试跑_字段保留后闭环/20260621_204420_坐标_宝玉林黛玉两个人在秋天跟花比较接近的一个状态/_内部过程/复核包/03_带证据写作草稿.md,1978,1.9KB,2026-06-21T20:44:25,.md,upload_candidate,
outputs/坐标接线试跑_字段保留后闭环/20260621_204420_坐标_宝玉林黛玉两个人在秋天跟花比较接近的一个状态/_内部过程/复核包/04_二次追问清单.md,577,577B,2026-06-21T20:44:25,.md,upload_candidate,
outputs/坐标接线试跑_字段保留后闭环/20260621_204420_坐标_宝玉林黛玉两个人在秋天跟花比较接近的一个状态/_内部过程/复核包/05_复核写作包摘要.json,4977,4.9KB,2026-06-21T20:44:25,.json,upload_candidate,
outputs/坐标接线试跑_字段保留后闭环/20260621_204420_坐标_宝玉林黛玉两个人在秋天跟花比较接近的一个状态/_内部过程/总证据池/01_总证据池报告.md,13292,13.0KB,2026-06-21T20:44:24,.md,upload_candidate,
outputs/坐标接线试跑_字段保留后闭环/20260621_204420_坐标_宝玉林黛玉两个人在秋天跟花比较接近的一个状态/_内部过程/总证据池/02_总证据池摘要.json,319918,312.4KB,2026-06-21T20:44:24,.json,upload_candidate,
outputs/坐标接线试跑_字段保留后闭环/20260621_204420_坐标_宝玉林黛玉两个人在秋天跟花比较接近的一个状态/_内部过程/总证据池/03_子问题证据明细.csv,53163,51.9KB,2026-06-21T20:44:24,.csv,upload_candidate,
outputs/坐标接线试跑_字段保留后闭环/20260621_204420_坐标_宝玉林黛玉两个人在秋天跟花比较接近的一个状态/_内部过程/总证据池/04_合并候选段落.csv,253427,247.5KB,2026-06-21T20:44:24,.csv,upload_candidate,
outputs/坐标接线试跑_字段保留后闭环/20260621_204420_坐标_宝玉林黛玉两个人在秋天跟花比较接近的一个状态/_内部过程/研究包/00_研究工作流说明.md,2453,2.4KB,2026-06-21T20:44:25,.md,upload_candidate,
outputs/坐标接线试跑_字段保留后闭环/20260621_204420_坐标_宝玉林黛玉两个人在秋天跟花比较接近的一个状态/_内部过程/研究包/01_一键研究包总览.md,2110,2.1KB,2026-06-21T20:44:25,.md,upload_candidate,
outputs/坐标接线试跑_字段保留后闭环/20260621_204420_坐标_宝玉林黛玉两个人在秋天跟花比较接近的一个状态/_内部过程/研究包/02_问题树.md,6416,6.3KB,2026-06-21T20:44:25,.md,upload_candidate,
outputs/坐标接线试跑_字段保留后闭环/20260621_204420_坐标_宝玉林黛玉两个人在秋天跟花比较接近的一个状态/_内部过程/研究包/03_证据阅读顺序.csv,298200,291.2KB,2026-06-21T20:44:25,.csv,upload_candidate,
outputs/坐标接线试跑_字段保留后闭环/20260621_204420_坐标_宝玉林黛玉两个人在秋天跟花比较接近的一个状态/_内部过程/研究包/04_写作提纲草案.md,12257,12.0KB,2026-06-21T20:44:25,.md,upload_candidate,
outputs/坐标接线试跑_字段保留后闭环/20260621_204420_坐标_宝玉林黛玉两个人在秋天跟花比较接近的一个状态/_内部过程/研究包/05_研究包摘要.json,70514,68.9KB,2026-06-21T20:44:25,.json,upload_candidate,
outputs/坐标接线试跑_字段保留后闭环/20260621_204420_坐标_宝玉林黛玉两个人在秋天跟花比较接近的一个状态/_内部过程/研究包/06_重点证据卡片.md,23577,23.0KB,2026-06-21T20:44:25,.md,upload_candidate,
outputs/坐标接线试跑_字段保留后闭环/20260621_204420_坐标_宝玉林黛玉两个人在秋天跟花比较接近的一个状态/_内部过程/研究包/07_材料池入池凭证门.md,995,995B,2026-06-21T20:44:25,.md,upload_candidate,
outputs/坐标接线试跑_字段保留后闭环/20260621_204420_坐标_宝玉林黛玉两个人在秋天跟花比较接近的一个状态/_内部过程/研究包/08_材料池入池凭证门.json,1272,1.2KB,2026-06-21T20:44:25,.json,upload_candidate,
outputs/坐标接线试跑_字段保留后闭环/20260621_204420_坐标_宝玉林黛玉两个人在秋天跟花比较接近的一个状态/_内部过程/研究包/09_入池阻断候选.csv,0,0B,2026-06-21T20:44:25,.csv,upload_candidate,
outputs/坐标接线试跑_接线后闭环/20260621_204305_坐标_宝玉林黛玉两个人在秋天跟花比较接近的一个状态/00AA_入口硬规则门.md,3342,3.3KB,2026-06-21T20:43:05,.md,upload_candidate,
outputs/坐标接线试跑_接线后闭环/20260621_204305_坐标_宝玉林黛玉两个人在秋天跟花比较接近的一个状态/00AB_入口硬规则门.json,4522,4.4KB,2026-06-21T20:43:05,.json,upload_candidate,
outputs/坐标接线试跑_接线后闭环/20260621_204305_坐标_宝玉林黛玉两个人在秋天跟花比较接近的一个状态/00AC_聚拢库总入口流程锁.md,22379,21.9KB,2026-06-21T20:43:07,.md,upload_candidate,
outputs/坐标接线试跑_接线后闭环/20260621_204305_坐标_宝玉林黛玉两个人在秋天跟花比较接近的一个状态/00AD_聚拢库总入口流程锁.json,28606,27.9KB,2026-06-21T20:43:07,.json,upload_candidate,
outputs/坐标接线试跑_接线后闭环/20260621_204305_坐标_宝玉林黛玉两个人在秋天跟花比较接近的一个状态/00AE_机器短卡与证据分层策略.md,1846,1.8KB,2026-06-21T20:43:07,.md,upload_candidate,
outputs/坐标接线试跑_接线后闭环/20260621_204305_坐标_宝玉林黛玉两个人在秋天跟花比较接近的一个状态/00AF_机器短卡与证据分层策略.json,3123,3.0KB,2026-06-21T20:43:07,.json,upload_candidate,
outputs/坐标接线试跑_接线后闭环/20260621_204305_坐标_宝玉林黛玉两个人在秋天跟花比较接近的一个状态/00AG_聚拢库取材单.md,2719,2.7KB,2026-06-21T20:43:09,.md,upload_candidate,
outputs/坐标接线试跑_接线后闭环/20260621_204305_坐标_宝玉林黛玉两个人在秋天跟花比较接近的一个状态/00AH_聚拢库取材单.json,6365,6.2KB,2026-06-21T20:43:09,.json,upload_candidate,
outputs/坐标接线试跑_接线后闭环/20260621_204305_坐标_宝玉林黛玉两个人在秋天跟花比较接近的一个状态/00AI_聚拢入材料池清单.csv,45226,44.2KB,2026-06-21T20:43:09,.csv,upload_candidate,
outputs/坐标接线试跑_接线后闭环/20260621_204305_坐标_宝玉林黛玉两个人在秋天跟花比较接近的一个状态/00AJ_聚拢入材料池凭证门.md,1094,1.1KB,2026-06-21T20:43:09,.md,upload_candidate,
outputs/坐标接线试跑_接线后闭环/20260621_204305_坐标_宝玉林黛玉两个人在秋天跟花比较接近的一个状态/00AK_聚拢入材料池凭证门.json,1390,1.4KB,2026-06-21T20:43:09,.json,upload_candidate,
outputs/坐标接线试跑_接线后闭环/20260621_204305_坐标_宝玉林黛玉两个人在秋天跟花比较接近的一个状态/00AL_聚拢入材料池阻断清单.csv,0,0B,2026-06-21T20:43:09,.csv,upload_candidate,
outputs/坐标接线试跑_接线后闭环/20260621_204305_坐标_宝玉林黛玉两个人在秋天跟花比较接近的一个状态/00AM_聚拢裁判首读材料池.md,2381,2.3KB,2026-06-21T20:43:09,.md,upload_candidate,
outputs/坐标接线试跑_接线后闭环/20260621_204305_坐标_宝玉林黛玉两个人在秋天跟花比较接近的一个状态/00A_问题判断程序.md,25864,25.3KB,2026-06-21T20:43:05,.md,upload_candidate,
outputs/坐标接线试跑_接线后闭环/20260621_204305_坐标_宝玉林黛玉两个人在秋天跟花比较接近的一个状态/00B_关键词网络预检.json,31608,30.9KB,2026-06-21T20:43:05,.json,upload_candidate,
outputs/坐标接线试跑_接线后闭环/20260621_204305_坐标_宝玉林黛玉两个人在秋天跟花比较接近的一个状态/00C_库线原文流转骨架.md,15671,15.3KB,2026-06-21T20:43:07,.md,upload_candidate,
outputs/坐标接线试跑_接线后闭环/20260621_204305_坐标_宝玉林黛玉两个人在秋天跟花比较接近的一个状态/00D_库线原文流转骨架.json,26478,25.9KB,2026-06-21T20:43:07,.json,upload_candidate,
outputs/坐标接线试跑_接线后闭环/20260621_204305_坐标_宝玉林黛玉两个人在秋天跟花比较接近的一个状态/00E_经验复盘入账.md,2041,2.0KB,2026-06-21T20:43:07,.md,upload_candidate,
outputs/坐标接线试跑_接线后闭环/20260621_204305_坐标_宝玉林黛玉两个人在秋天跟花比较接近的一个状态/00F_经验复盘入账.json,3015,2.9KB,2026-06-21T20:43:07,.json,upload_candidate,
outputs/坐标接线试跑_接线后闭环/20260621_204305_坐标_宝玉林黛玉两个人在秋天跟花比较接近的一个状态/00G_最终回答前材料池精读门.md,4791,4.7KB,2026-06-21T20:43:07,.md,upload_candidate,
outputs/坐标接线试跑_接线后闭环/20260621_204305_坐标_宝玉林黛玉两个人在秋天跟花比较接近的一个状态/00H_最终回答前材料池精读门.json,6542,6.4KB,2026-06-21T20:43:07,.json,upload_candidate,
outputs/坐标接线试跑_接线后闭环/20260621_204305_坐标_宝玉林黛玉两个人在秋天跟花比较接近的一个状态/00I_全流程产物与Codex判别门.md,11559,11.3KB,2026-06-21T20:43:07,.md,upload_candidate,
outputs/坐标接线试跑_接线后闭环/20260621_204305_坐标_宝玉林黛玉两个人在秋天跟花比较接近的一个状态/00J_全流程产物与Codex判别门.json,12455,12.2KB,2026-06-21T20:43:07,.json,upload_candidate,
outputs/坐标接线试跑_接线后闭环/20260621_204305_坐标_宝玉林黛玉两个人在秋天跟花比较接近的一个状态/00K_本题库态预检表.md,4329,4.2KB,2026-06-21T20:43:07,.md,upload_candidate,
outputs/坐标接线试跑_接线后闭环/20260621_204305_坐标_宝玉林黛玉两个人在秋天跟花比较接近的一个状态/00L_本题库态预检表.json,8968,8.8KB,2026-06-21T20:43:07,.json,upload_candidate,
outputs/坐标接线试跑_接线后闭环/20260621_204305_坐标_宝玉林黛玉两个人在秋天跟花比较接近的一个状态/00M_Codex指挥链达标检查.md,9140,8.9KB,2026-06-21T20:43:09,.md,upload_candidate,
outputs/坐标接线试跑_接线后闭环/20260621_204305_坐标_宝玉林黛玉两个人在秋天跟花比较接近的一个状态/00N_Codex指挥链达标检查.json,15260,14.9KB,2026-06-21T20:43:09,.json,upload_candidate,
outputs/坐标接线试跑_接线后闭环/20260621_204305_坐标_宝玉林黛玉两个人在秋天跟花比较接近的一个状态/00P_二轮补证决策卡.md,2931,2.9KB,2026-06-21T20:43:09,.md,upload_candidate,
outputs/坐标接线试跑_接线后闭环/20260621_204305_坐标_宝玉林黛玉两个人在秋天跟花比较接近的一个状态/00Q_二轮补证决策卡.json,4645,4.5KB,2026-06-21T20:43:09,.json,upload_candidate,
outputs/坐标接线试跑_接线后闭环/20260621_204305_坐标_宝玉林黛玉两个人在秋天跟花比较接近的一个状态/00R_来源字段标准化词典.md,4132,4.0KB,2026-06-21T20:43:09,.md,upload_candidate,
outputs/坐标接线试跑_接线后闭环/20260621_204305_坐标_宝玉林黛玉两个人在秋天跟花比较接近的一个状态/00S_来源字段标准化词典.json,7451,7.3KB,2026-06-21T20:43:09,.json,upload_candidate,
outputs/坐标接线试跑_接线后闭环/20260621_204305_坐标_宝玉林黛玉两个人在秋天跟花比较接近的一个状态/00T_经验法典三层结构.md,1853,1.8KB,2026-06-21T20:43:09,.md,upload_candidate,
outputs/坐标接线试跑_接线后闭环/20260621_204305_坐标_宝玉林黛玉两个人在秋天跟花比较接近的一个状态/00U_经验法典三层结构.json,3124,3.1KB,2026-06-21T20:43:09,.json,upload_candidate,
outputs/坐标接线试跑_接线后闭环/20260621_204305_坐标_宝玉林黛玉两个人在秋天跟花比较接近的一个状态/00V_正式沙盒模式边界.md,1459,1.4KB,2026-06-21T20:43:09,.md,upload_candidate,
outputs/坐标接线试跑_接线后闭环/20260621_204305_坐标_宝玉林黛玉两个人在秋天跟花比较接近的一个状态/00W_正式沙盒模式边界.json,2371,2.3KB,2026-06-21T20:43:09,.json,upload_candidate,
outputs/坐标接线试跑_接线后闭环/20260621_204305_坐标_宝玉林黛玉两个人在秋天跟花比较接近的一个状态/00X_用户认可入库门.md,1094,1.1KB,2026-06-21T20:43:09,.md,upload_candidate,
outputs/坐标接线试跑_接线后闭环/20260621_204305_坐标_宝玉林黛玉两个人在秋天跟花比较接近的一个状态/00Y_用户认可入库门.json,1503,1.5KB,2026-06-21T20:43:09,.json,upload_candidate,
outputs/坐标接线试跑_接线后闭环/20260621_204305_坐标_宝玉林黛玉两个人在秋天跟花比较接近的一个状态/00ZA_库群覆盖矩阵.json,4057,4.0KB,2026-06-21T20:43:09,.json,upload_candidate,
outputs/坐标接线试跑_接线后闭环/20260621_204305_坐标_宝玉林黛玉两个人在秋天跟花比较接近的一个状态/00ZB_桌面人读排序配置.md,8744,8.5KB,2026-06-21T20:43:09,.md,upload_candidate,
outputs/坐标接线试跑_接线后闭环/20260621_204305_坐标_宝玉林黛玉两个人在秋天跟花比较接近的一个状态/00ZC_桌面人读排序配置.json,12670,12.4KB,2026-06-21T20:43:09,.json,upload_candidate,
outputs/坐标接线试跑_接线后闭环/20260621_204305_坐标_宝玉林黛玉两个人在秋天跟花比较接近的一个状态/00ZD_Codex红楼解语生成门.md,7985,7.8KB,2026-06-21T20:43:09,.md,upload_candidate,
outputs/坐标接线试跑_接线后闭环/20260621_204305_坐标_宝玉林黛玉两个人在秋天跟花比较接近的一个状态/00ZE_Codex红楼解语生成门.json,11611,11.3KB,2026-06-21T20:43:09,.json,upload_candidate,
outputs/坐标接线试跑_接线后闭环/20260621_204305_坐标_宝玉林黛玉两个人在秋天跟花比较接近的一个状态/00ZF_Codex红楼解语_待生成.md,1117,1.1KB,2026-06-21T20:43:09,.md,upload_candidate,
outputs/坐标接线试跑_接线后闭环/20260621_204305_坐标_宝玉林黛玉两个人在秋天跟花比较接近的一个状态/00ZG_Codex精读材料词生成门.md,1849,1.8KB,2026-06-21T20:43:09,.md,upload_candidate,
outputs/坐标接线试跑_接线后闭环/20260621_204305_坐标_宝玉林黛玉两个人在秋天跟花比较接近的一个状态/00ZH_Codex精读材料词生成门.json,3485,3.4KB,2026-06-21T20:43:09,.json,upload_candidate,
outputs/坐标接线试跑_接线后闭环/20260621_204305_坐标_宝玉林黛玉两个人在秋天跟花比较接近的一个状态/00ZI_Codex精读材料词_待生成.md,810,810B,2026-06-21T20:43:09,.md,upload_candidate,
outputs/坐标接线试跑_接线后闭环/20260621_204305_坐标_宝玉林黛玉两个人在秋天跟花比较接近的一个状态/00ZJ_Codex最终答案写回规范.md,1547,1.5KB,2026-06-21T20:43:09,.md,upload_candidate,
outputs/坐标接线试跑_接线后闭环/20260621_204305_坐标_宝玉林黛玉两个人在秋天跟花比较接近的一个状态/00ZK_Codex最终答案写回规范.json,1766,1.7KB,2026-06-21T20:43:09,.json,upload_candidate,
outputs/坐标接线试跑_接线后闭环/20260621_204305_坐标_宝玉林黛玉两个人在秋天跟花比较接近的一个状态/00ZL_十题回归测试骨架.md,2003,2.0KB,2026-06-21T20:43:09,.md,upload_candidate,
outputs/坐标接线试跑_接线后闭环/20260621_204305_坐标_宝玉林黛玉两个人在秋天跟花比较接近的一个状态/00ZM_十题回归测试骨架.json,2904,2.8KB,2026-06-21T20:43:09,.json,upload_candidate,
outputs/坐标接线试跑_接线后闭环/20260621_204305_坐标_宝玉林黛玉两个人在秋天跟花比较接近的一个状态/00ZN_Codex写作前原文通读摘抄生成门.md,1589,1.6KB,2026-06-21T20:43:09,.md,upload_candidate,
outputs/坐标接线试跑_接线后闭环/20260621_204305_坐标_宝玉林黛玉两个人在秋天跟花比较接近的一个状态/00ZO_Codex写作前原文通读摘抄生成门.json,3282,3.2KB,2026-06-21T20:43:09,.json,upload_candidate,
outputs/坐标接线试跑_接线后闭环/20260621_204305_坐标_宝玉林黛玉两个人在秋天跟花比较接近的一个状态/00ZP_Codex写作前原文通读摘抄_待生成.md,689,689B,2026-06-21T20:43:09,.md,upload_candidate,
outputs/坐标接线试跑_接线后闭环/20260621_204305_坐标_宝玉林黛玉两个人在秋天跟花比较接近的一个状态/00Z_库群覆盖矩阵.md,1942,1.9KB,2026-06-21T20:43:09,.md,upload_candidate,
outputs/坐标接线试跑_接线后闭环/20260621_204305_坐标_宝玉林黛玉两个人在秋天跟花比较接近的一个状态/00_闭环总览.md,10671,10.4KB,2026-06-21T20:43:09,.md,upload_candidate,
outputs/坐标接线试跑_接线后闭环/20260621_204305_坐标_宝玉林黛玉两个人在秋天跟花比较接近的一个状态/01_问题树.md,6416,6.3KB,2026-06-21T20:43:09,.md,upload_candidate,
outputs/坐标接线试跑_接线后闭环/20260621_204305_坐标_宝玉林黛玉两个人在秋天跟花比较接近的一个状态/02_证据阅读顺序.csv,259112,253.0KB,2026-06-21T20:43:09,.csv,upload_candidate,
outputs/坐标接线试跑_接线后闭环/20260621_204305_坐标_宝玉林黛玉两个人在秋天跟花比较接近的一个状态/03_重点证据卡片.md,23577,23.0KB,2026-06-21T20:43:09,.md,upload_candidate,
outputs/坐标接线试跑_接线后闭环/20260621_204305_坐标_宝玉林黛玉两个人在秋天跟花比较接近的一个状态/04_复核表.csv,37048,36.2KB,2026-06-21T20:43:09,.csv,upload_candidate,
outputs/坐标接线试跑_接线后闭环/20260621_204305_坐标_宝玉林黛玉两个人在秋天跟花比较接近的一个状态/05_复核阅读单.md,24309,23.7KB,2026-06-21T20:43:09,.md,upload_candidate,
outputs/坐标接线试跑_接线后闭环/20260621_204305_坐标_宝玉林黛玉两个人在秋天跟花比较接近的一个状态/06_复核回读材料.md,1774,1.7KB,2026-06-21T20:43:09,.md,upload_candidate,
outputs/坐标接线试跑_接线后闭环/20260621_204305_坐标_宝玉林黛玉两个人在秋天跟花比较接近的一个状态/07_反馈排序配置.json,702,702B,2026-06-21T20:43:09,.json,upload_candidate,
outputs/坐标接线试跑_接线后闭环/20260621_204305_坐标_宝玉林黛玉两个人在秋天跟花比较接近的一个状态/08_运行清单.json,249080,243.2KB,2026-06-21T20:43:09,.json,upload_candidate,
outputs/坐标接线试跑_接线后闭环/20260621_204305_坐标_宝玉林黛玉两个人在秋天跟花比较接近的一个状态/_内部过程/反馈包/00_反馈优化说明.md,2152,2.1KB,2026-06-21T20:43:09,.md,upload_candidate,
outputs/坐标接线试跑_接线后闭环/20260621_204305_坐标_宝玉林黛玉两个人在秋天跟花比较接近的一个状态/_内部过程/反馈包/01_反馈优化总览.md,1759,1.7KB,2026-06-21T20:43:09,.md,upload_candidate,
outputs/坐标接线试跑_接线后闭环/20260621_204305_坐标_宝玉林黛玉两个人在秋天跟花比较接近的一个状态/_内部过程/反馈包/02_人工反馈明细.csv,37281,36.4KB,2026-06-21T20:43:09,.csv,upload_candidate,
outputs/坐标接线试跑_接线后闭环/20260621_204305_坐标_宝玉林黛玉两个人在秋天跟花比较接近的一个状态/_内部过程/反馈包/03_角色章节权重.csv,0,0B,2026-06-21T20:43:09,.csv,upload_candidate,
outputs/坐标接线试跑_接线后闭环/20260621_204305_坐标_宝玉林黛玉两个人在秋天跟花比较接近的一个状态/_内部过程/反馈包/04_关键词权重.csv,0,0B,2026-06-21T20:43:09,.csv,upload_candidate,
outputs/坐标接线试跑_接线后闭环/20260621_204305_坐标_宝玉林黛玉两个人在秋天跟花比较接近的一个状态/_内部过程/反馈包/05_出库排序配置.json,702,702B,2026-06-21T20:43:09,.json,upload_candidate,
outputs/坐标接线试跑_接线后闭环/20260621_204305_坐标_宝玉林黛玉两个人在秋天跟花比较接近的一个状态/_内部过程/反馈包/06_反馈优化摘要.json,2179,2.1KB,2026-06-21T20:43:09,.json,upload_candidate,
outputs/坐标接线试跑_接线后闭环/20260621_204305_坐标_宝玉林黛玉两个人在秋天跟花比较接近的一个状态/_内部过程/回读包/00_复核回读说明.md,2230,2.2KB,2026-06-21T20:43:09,.md,upload_candidate,
outputs/坐标接线试跑_接线后闭环/20260621_204305_坐标_宝玉林黛玉两个人在秋天跟花比较接近的一个状态/_内部过程/回读包/01_复核回读总览.md,807,807B,2026-06-21T20:43:09,.md,upload_candidate,
outputs/坐标接线试跑_接线后闭环/20260621_204305_坐标_宝玉林黛玉两个人在秋天跟花比较接近的一个状态/_内部过程/回读包/02_可用证据.csv,0,0B,2026-06-21T20:43:09,.csv,upload_candidate,
outputs/坐标接线试跑_接线后闭环/20260621_204305_坐标_宝玉林黛玉两个人在秋天跟花比较接近的一个状态/_内部过程/回读包/03_剔除证据.csv,0,0B,2026-06-21T20:43:09,.csv,upload_candidate,
outputs/坐标接线试跑_接线后闭环/20260621_204305_坐标_宝玉林黛玉两个人在秋天跟花比较接近的一个状态/_内部过程/回读包/04_待复核证据.csv,37621,36.7KB,2026-06-21T20:43:09,.csv,upload_candidate,
outputs/坐标接线试跑_接线后闭环/20260621_204305_坐标_宝玉林黛玉两个人在秋天跟花比较接近的一个状态/_内部过程/回读包/05_复核后写作材料.md,1774,1.7KB,2026-06-21T20:43:09,.md,upload_candidate,
outputs/坐标接线试跑_接线后闭环/20260621_204305_坐标_宝玉林黛玉两个人在秋天跟花比较接近的一个状态/_内部过程/回读包/06_复核回读摘要.json,2415,2.4KB,2026-06-21T20:43:09,.json,upload_candidate,
outputs/坐标接线试跑_接线后闭环/20260621_204305_坐标_宝玉林黛玉两个人在秋天跟花比较接近的一个状态/_内部过程/复核包/00_复核写作包说明.md,2357,2.3KB,2026-06-21T20:43:09,.md,upload_candidate,
outputs/坐标接线试跑_接线后闭环/20260621_204305_坐标_宝玉林黛玉两个人在秋天跟花比较接近的一个状态/_内部过程/复核包/01_人工复核表.csv,37048,36.2KB,2026-06-21T20:43:09,.csv,upload_candidate,
outputs/坐标接线试跑_接线后闭环/20260621_204305_坐标_宝玉林黛玉两个人在秋天跟花比较接近的一个状态/_内部过程/复核包/02_复核阅读单.md,24309,23.7KB,2026-06-21T20:43:09,.md,upload_candidate,
outputs/坐标接线试跑_接线后闭环/20260621_204305_坐标_宝玉林黛玉两个人在秋天跟花比较接近的一个状态/_内部过程/复核包/03_带证据写作草稿.md,1978,1.9KB,2026-06-21T20:43:09,.md,upload_candidate,
outputs/坐标接线试跑_接线后闭环/20260621_204305_坐标_宝玉林黛玉两个人在秋天跟花比较接近的一个状态/_内部过程/复核包/04_二次追问清单.md,577,577B,2026-06-21T20:43:09,.md,upload_candidate,
outputs/坐标接线试跑_接线后闭环/20260621_204305_坐标_宝玉林黛玉两个人在秋天跟花比较接近的一个状态/_内部过程/复核包/05_复核写作包摘要.json,4899,4.8KB,2026-06-21T20:43:09,.json,upload_candidate,
outputs/坐标接线试跑_接线后闭环/20260621_204305_坐标_宝玉林黛玉两个人在秋天跟花比较接近的一个状态/_内部过程/总证据池/01_总证据池报告.md,13274,13.0KB,2026-06-21T20:43:09,.md,upload_candidate,
outputs/坐标接线试跑_接线后闭环/20260621_204305_坐标_宝玉林黛玉两个人在秋天跟花比较接近的一个状态/_内部过程/总证据池/02_总证据池摘要.json,253070,247.1KB,2026-06-21T20:43:09,.json,upload_candidate,
outputs/坐标接线试跑_接线后闭环/20260621_204305_坐标_宝玉林黛玉两个人在秋天跟花比较接近的一个状态/_内部过程/总证据池/03_子问题证据明细.csv,53163,51.9KB,2026-06-21T20:43:09,.csv,upload_candidate,
outputs/坐标接线试跑_接线后闭环/20260621_204305_坐标_宝玉林黛玉两个人在秋天跟花比较接近的一个状态/_内部过程/总证据池/04_合并候选段落.csv,210674,205.7KB,2026-06-21T20:43:09,.csv,upload_candidate,
outputs/坐标接线试跑_接线后闭环/20260621_204305_坐标_宝玉林黛玉两个人在秋天跟花比较接近的一个状态/_内部过程/研究包/00_研究工作流说明.md,2411,2.4KB,2026-06-21T20:43:09,.md,upload_candidate,
outputs/坐标接线试跑_接线后闭环/20260621_204305_坐标_宝玉林黛玉两个人在秋天跟花比较接近的一个状态/_内部过程/研究包/01_一键研究包总览.md,2080,2.0KB,2026-06-21T20:43:09,.md,upload_candidate,
outputs/坐标接线试跑_接线后闭环/20260621_204305_坐标_宝玉林黛玉两个人在秋天跟花比较接近的一个状态/_内部过程/研究包/02_问题树.md,6416,6.3KB,2026-06-21T20:43:09,.md,upload_candidate,
outputs/坐标接线试跑_接线后闭环/20260621_204305_坐标_宝玉林黛玉两个人在秋天跟花比较接近的一个状态/_内部过程/研究包/03_证据阅读顺序.csv,259112,253.0KB,2026-06-21T20:43:09,.csv,upload_candidate,
outputs/坐标接线试跑_接线后闭环/20260621_204305_坐标_宝玉林黛玉两个人在秋天跟花比较接近的一个状态/_内部过程/研究包/04_写作提纲草案.md,12257,12.0KB,2026-06-21T20:43:09,.md,upload_candidate,
outputs/坐标接线试跑_接线后闭环/20260621_204305_坐标_宝玉林黛玉两个人在秋天跟花比较接近的一个状态/_内部过程/研究包/05_研究包摘要.json,62588,61.1KB,2026-06-21T20:43:09,.json,upload_candidate,
outputs/坐标接线试跑_接线后闭环/20260621_204305_坐标_宝玉林黛玉两个人在秋天跟花比较接近的一个状态/_内部过程/研究包/06_重点证据卡片.md,23577,23.0KB,2026-06-21T20:43:09,.md,upload_candidate,
outputs/坐标接线试跑_接线后闭环/20260621_204305_坐标_宝玉林黛玉两个人在秋天跟花比较接近的一个状态/_内部过程/研究包/07_材料池入池凭证门.md,973,973B,2026-06-21T20:43:09,.md,upload_candidate,
outputs/坐标接线试跑_接线后闭环/20260621_204305_坐标_宝玉林黛玉两个人在秋天跟花比较接近的一个状态/_内部过程/研究包/08_材料池入池凭证门.json,1246,1.2KB,2026-06-21T20:43:09,.json,upload_candidate,
outputs/坐标接线试跑_接线后闭环/20260621_204305_坐标_宝玉林黛玉两个人在秋天跟花比较接近的一个状态/_内部过程/研究包/09_入池阻断候选.csv,0,0B,2026-06-21T20:43:09,.csv,upload_candidate,
outputs/坐标接线试跑_旧锁验证/20260621_203920_坐标_宝玉林黛玉两个人在秋天跟花比较接近的一个状态/00AA_入口硬规则门.md,3339,3.3KB,2026-06-21T20:39:20,.md,upload_candidate,
outputs/坐标接线试跑_旧锁验证/20260621_203920_坐标_宝玉林黛玉两个人在秋天跟花比较接近的一个状态/00AB_入口硬规则门.json,4516,4.4KB,2026-06-21T20:39:20,.json,upload_candidate,
outputs/坐标接线试跑_旧锁验证/20260621_203920_坐标_宝玉林黛玉两个人在秋天跟花比较接近的一个状态/00AC_聚拢库总入口流程锁.md,22370,21.8KB,2026-06-21T20:39:22,.md,upload_candidate,
outputs/坐标接线试跑_旧锁验证/20260621_203920_坐标_宝玉林黛玉两个人在秋天跟花比较接近的一个状态/00AD_聚拢库总入口流程锁.json,28594,27.9KB,2026-06-21T20:39:22,.json,upload_candidate,
outputs/坐标接线试跑_旧锁验证/20260621_203920_坐标_宝玉林黛玉两个人在秋天跟花比较接近的一个状态/00AE_机器短卡与证据分层策略.md,1843,1.8KB,2026-06-21T20:39:22,.md,upload_candidate,
outputs/坐标接线试跑_旧锁验证/20260621_203920_坐标_宝玉林黛玉两个人在秋天跟花比较接近的一个状态/00AF_机器短卡与证据分层策略.json,3117,3.0KB,2026-06-21T20:39:22,.json,upload_candidate,
outputs/坐标接线试跑_旧锁验证/20260621_203920_坐标_宝玉林黛玉两个人在秋天跟花比较接近的一个状态/00AG_聚拢库取材单.md,3050,3.0KB,2026-06-21T20:39:27,.md,upload_candidate,
outputs/坐标接线试跑_旧锁验证/20260621_203920_坐标_宝玉林黛玉两个人在秋天跟花比较接近的一个状态/00AH_聚拢库取材单.json,6678,6.5KB,2026-06-21T20:39:27,.json,upload_candidate,
outputs/坐标接线试跑_旧锁验证/20260621_203920_坐标_宝玉林黛玉两个人在秋天跟花比较接近的一个状态/00AI_聚拢入材料池清单.csv,46176,45.1KB,2026-06-21T20:39:27,.csv,upload_candidate,
outputs/坐标接线试跑_旧锁验证/20260621_203920_坐标_宝玉林黛玉两个人在秋天跟花比较接近的一个状态/00AJ_聚拢入材料池凭证门.md,1091,1.1KB,2026-06-21T20:39:27,.md,upload_candidate,
outputs/坐标接线试跑_旧锁验证/20260621_203920_坐标_宝玉林黛玉两个人在秋天跟花比较接近的一个状态/00AK_聚拢入材料池凭证门.json,1387,1.4KB,2026-06-21T20:39:27,.json,upload_candidate,
outputs/坐标接线试跑_旧锁验证/20260621_203920_坐标_宝玉林黛玉两个人在秋天跟花比较接近的一个状态/00AL_聚拢入材料池阻断清单.csv,0,0B,2026-06-21T20:39:27,.csv,upload_candidate,
outputs/坐标接线试跑_旧锁验证/20260621_203920_坐标_宝玉林黛玉两个人在秋天跟花比较接近的一个状态/00AM_聚拢裁判首读材料池.md,2808,2.7KB,2026-06-21T20:39:27,.md,upload_candidate,
outputs/坐标接线试跑_旧锁验证/20260621_203920_坐标_宝玉林黛玉两个人在秋天跟花比较接近的一个状态/00A_问题判断程序.md,25861,25.3KB,2026-06-21T20:39:20,.md,upload_candidate,
outputs/坐标接线试跑_旧锁验证/20260621_203920_坐标_宝玉林黛玉两个人在秋天跟花比较接近的一个状态/00B_关键词网络预检.json,31602,30.9KB,2026-06-21T20:39:20,.json,upload_candidate,
outputs/坐标接线试跑_旧锁验证/20260621_203920_坐标_宝玉林黛玉两个人在秋天跟花比较接近的一个状态/00C_库线原文流转骨架.md,15665,15.3KB,2026-06-21T20:39:22,.md,upload_candidate,
outputs/坐标接线试跑_旧锁验证/20260621_203920_坐标_宝玉林黛玉两个人在秋天跟花比较接近的一个状态/00D_库线原文流转骨架.json,26460,25.8KB,2026-06-21T20:39:22,.json,upload_candidate,
outputs/坐标接线试跑_旧锁验证/20260621_203920_坐标_宝玉林黛玉两个人在秋天跟花比较接近的一个状态/00E_经验复盘入账.md,2038,2.0KB,2026-06-21T20:39:22,.md,upload_candidate,
outputs/坐标接线试跑_旧锁验证/20260621_203920_坐标_宝玉林黛玉两个人在秋天跟花比较接近的一个状态/00F_经验复盘入账.json,3006,2.9KB,2026-06-21T20:39:22,.json,upload_candidate,
outputs/坐标接线试跑_旧锁验证/20260621_203920_坐标_宝玉林黛玉两个人在秋天跟花比较接近的一个状态/00G_最终回答前材料池精读门.md,4788,4.7KB,2026-06-21T20:39:22,.md,upload_candidate,
outputs/坐标接线试跑_旧锁验证/20260621_203920_坐标_宝玉林黛玉两个人在秋天跟花比较接近的一个状态/00H_最终回答前材料池精读门.json,6533,6.4KB,2026-06-21T20:39:22,.json,upload_candidate,
outputs/坐标接线试跑_旧锁验证/20260621_203920_坐标_宝玉林黛玉两个人在秋天跟花比较接近的一个状态/00I_全流程产物与Codex判别门.md,11559,11.3KB,2026-06-21T20:39:22,.md,upload_candidate,
outputs/坐标接线试跑_旧锁验证/20260621_203920_坐标_宝玉林黛玉两个人在秋天跟花比较接近的一个状态/00J_全流程产物与Codex判别门.json,12455,12.2KB,2026-06-21T20:39:22,.json,upload_candidate,
outputs/坐标接线试跑_旧锁验证/20260621_203920_坐标_宝玉林黛玉两个人在秋天跟花比较接近的一个状态/00K_本题库态预检表.md,4326,4.2KB,2026-06-21T20:39:22,.md,upload_candidate,
outputs/坐标接线试跑_旧锁验证/20260621_203920_坐标_宝玉林黛玉两个人在秋天跟花比较接近的一个状态/00L_本题库态预检表.json,8962,8.8KB,2026-06-21T20:39:22,.json,upload_candidate,
outputs/坐标接线试跑_旧锁验证/20260621_203920_坐标_宝玉林黛玉两个人在秋天跟花比较接近的一个状态/00M_Codex指挥链达标检查.md,9114,8.9KB,2026-06-21T20:39:27,.md,upload_candidate,
outputs/坐标接线试跑_旧锁验证/20260621_203920_坐标_宝玉林黛玉两个人在秋天跟花比较接近的一个状态/00N_Codex指挥链达标检查.json,15216,14.9KB,2026-06-21T20:39:27,.json,upload_candidate,
outputs/坐标接线试跑_旧锁验证/20260621_203920_坐标_宝玉林黛玉两个人在秋天跟花比较接近的一个状态/00P_二轮补证决策卡.md,2928,2.9KB,2026-06-21T20:39:27,.md,upload_candidate,
outputs/坐标接线试跑_旧锁验证/20260621_203920_坐标_宝玉林黛玉两个人在秋天跟花比较接近的一个状态/00Q_二轮补证决策卡.json,4633,4.5KB,2026-06-21T20:39:27,.json,upload_candidate,
outputs/坐标接线试跑_旧锁验证/20260621_203920_坐标_宝玉林黛玉两个人在秋天跟花比较接近的一个状态/00R_来源字段标准化词典.md,4129,4.0KB,2026-06-21T20:39:27,.md,upload_candidate,
outputs/坐标接线试跑_旧锁验证/20260621_203920_坐标_宝玉林黛玉两个人在秋天跟花比较接近的一个状态/00S_来源字段标准化词典.json,7442,7.3KB,2026-06-21T20:39:27,.json,upload_candidate,
outputs/坐标接线试跑_旧锁验证/20260621_203920_坐标_宝玉林黛玉两个人在秋天跟花比较接近的一个状态/00T_经验法典三层结构.md,1850,1.8KB,2026-06-21T20:39:27,.md,upload_candidate,
outputs/坐标接线试跑_旧锁验证/20260621_203920_坐标_宝玉林黛玉两个人在秋天跟花比较接近的一个状态/00U_经验法典三层结构.json,3115,3.0KB,2026-06-21T20:39:27,.json,upload_candidate,
outputs/坐标接线试跑_旧锁验证/20260621_203920_坐标_宝玉林黛玉两个人在秋天跟花比较接近的一个状态/00V_正式沙盒模式边界.md,1456,1.4KB,2026-06-21T20:39:27,.md,upload_candidate,
outputs/坐标接线试跑_旧锁验证/20260621_203920_坐标_宝玉林黛玉两个人在秋天跟花比较接近的一个状态/00W_正式沙盒模式边界.json,2365,2.3KB,2026-06-21T20:39:27,.json,upload_candidate,
outputs/坐标接线试跑_旧锁验证/20260621_203920_坐标_宝玉林黛玉两个人在秋天跟花比较接近的一个状态/00X_用户认可入库门.md,1091,1.1KB,2026-06-21T20:39:27,.md,upload_candidate,
outputs/坐标接线试跑_旧锁验证/20260621_203920_坐标_宝玉林黛玉两个人在秋天跟花比较接近的一个状态/00Y_用户认可入库门.json,1494,1.5KB,2026-06-21T20:39:27,.json,upload_candidate,
outputs/坐标接线试跑_旧锁验证/20260621_203920_坐标_宝玉林黛玉两个人在秋天跟花比较接近的一个状态/00ZA_库群覆盖矩阵.json,4051,4.0KB,2026-06-21T20:39:27,.json,upload_candidate,
outputs/坐标接线试跑_旧锁验证/20260621_203920_坐标_宝玉林黛玉两个人在秋天跟花比较接近的一个状态/00ZB_桌面人读排序配置.md,8666,8.5KB,2026-06-21T20:39:27,.md,upload_candidate,
outputs/坐标接线试跑_旧锁验证/20260621_203920_坐标_宝玉林黛玉两个人在秋天跟花比较接近的一个状态/00ZC_桌面人读排序配置.json,12589,12.3KB,2026-06-21T20:39:27,.json,upload_candidate,
outputs/坐标接线试跑_旧锁验证/20260621_203920_坐标_宝玉林黛玉两个人在秋天跟花比较接近的一个状态/00ZD_Codex红楼解语生成门.md,7925,7.7KB,2026-06-21T20:39:27,.md,upload_candidate,
outputs/坐标接线试跑_旧锁验证/20260621_203920_坐标_宝玉林黛玉两个人在秋天跟花比较接近的一个状态/00ZE_Codex红楼解语生成门.json,11542,11.3KB,2026-06-21T20:39:27,.json,upload_candidate,
outputs/坐标接线试跑_旧锁验证/20260621_203920_坐标_宝玉林黛玉两个人在秋天跟花比较接近的一个状态/00ZF_Codex红楼解语_待生成.md,1117,1.1KB,2026-06-21T20:39:27,.md,upload_candidate,
outputs/坐标接线试跑_旧锁验证/20260621_203920_坐标_宝玉林黛玉两个人在秋天跟花比较接近的一个状态/00ZG_Codex精读材料词生成门.md,1843,1.8KB,2026-06-21T20:39:27,.md,upload_candidate,
outputs/坐标接线试跑_旧锁验证/20260621_203920_坐标_宝玉林黛玉两个人在秋天跟花比较接近的一个状态/00ZH_Codex精读材料词生成门.json,3476,3.4KB,2026-06-21T20:39:27,.json,upload_candidate,
outputs/坐标接线试跑_旧锁验证/20260621_203920_坐标_宝玉林黛玉两个人在秋天跟花比较接近的一个状态/00ZI_Codex精读材料词_待生成.md,810,810B,2026-06-21T20:39:27,.md,upload_candidate,
outputs/坐标接线试跑_旧锁验证/20260621_203920_坐标_宝玉林黛玉两个人在秋天跟花比较接近的一个状态/00ZJ_Codex最终答案写回规范.md,1544,1.5KB,2026-06-21T20:39:27,.md,upload_candidate,
outputs/坐标接线试跑_旧锁验证/20260621_203920_坐标_宝玉林黛玉两个人在秋天跟花比较接近的一个状态/00ZK_Codex最终答案写回规范.json,1760,1.7KB,2026-06-21T20:39:27,.json,upload_candidate,
outputs/坐标接线试跑_旧锁验证/20260621_203920_坐标_宝玉林黛玉两个人在秋天跟花比较接近的一个状态/00ZL_十题回归测试骨架.md,2000,2.0KB,2026-06-21T20:39:27,.md,upload_candidate,
outputs/坐标接线试跑_旧锁验证/20260621_203920_坐标_宝玉林黛玉两个人在秋天跟花比较接近的一个状态/00ZM_十题回归测试骨架.json,2898,2.8KB,2026-06-21T20:39:27,.json,upload_candidate,
outputs/坐标接线试跑_旧锁验证/20260621_203920_坐标_宝玉林黛玉两个人在秋天跟花比较接近的一个状态/00ZN_Codex写作前原文通读摘抄生成门.md,1583,1.5KB,2026-06-21T20:39:27,.md,upload_candidate,
outputs/坐标接线试跑_旧锁验证/20260621_203920_坐标_宝玉林黛玉两个人在秋天跟花比较接近的一个状态/00ZO_Codex写作前原文通读摘抄生成门.json,3273,3.2KB,2026-06-21T20:39:27,.json,upload_candidate,
outputs/坐标接线试跑_旧锁验证/20260621_203920_坐标_宝玉林黛玉两个人在秋天跟花比较接近的一个状态/00ZP_Codex写作前原文通读摘抄_待生成.md,689,689B,2026-06-21T20:39:27,.md,upload_candidate,
outputs/坐标接线试跑_旧锁验证/20260621_203920_坐标_宝玉林黛玉两个人在秋天跟花比较接近的一个状态/00Z_库群覆盖矩阵.md,1939,1.9KB,2026-06-21T20:39:27,.md,upload_candidate,
outputs/坐标接线试跑_旧锁验证/20260621_203920_坐标_宝玉林黛玉两个人在秋天跟花比较接近的一个状态/00_闭环总览.md,10565,10.3KB,2026-06-21T20:39:27,.md,upload_candidate,
outputs/坐标接线试跑_旧锁验证/20260621_203920_坐标_宝玉林黛玉两个人在秋天跟花比较接近的一个状态/01_问题树.md,6416,6.3KB,2026-06-21T20:39:27,.md,upload_candidate,
outputs/坐标接线试跑_旧锁验证/20260621_203920_坐标_宝玉林黛玉两个人在秋天跟花比较接近的一个状态/02_证据阅读顺序.csv,2428752,2.3MB,2026-06-21T20:39:27,.csv,upload_candidate,
outputs/坐标接线试跑_旧锁验证/20260621_203920_坐标_宝玉林黛玉两个人在秋天跟花比较接近的一个状态/03_重点证据卡片.md,25284,24.7KB,2026-06-21T20:39:27,.md,upload_candidate,
outputs/坐标接线试跑_旧锁验证/20260621_203920_坐标_宝玉林黛玉两个人在秋天跟花比较接近的一个状态/04_复核表.csv,35454,34.6KB,2026-06-21T20:39:27,.csv,upload_candidate,
outputs/坐标接线试跑_旧锁验证/20260621_203920_坐标_宝玉林黛玉两个人在秋天跟花比较接近的一个状态/05_复核阅读单.md,25689,25.1KB,2026-06-21T20:39:27,.md,upload_candidate,
outputs/坐标接线试跑_旧锁验证/20260621_203920_坐标_宝玉林黛玉两个人在秋天跟花比较接近的一个状态/06_复核回读材料.md,2006,2.0KB,2026-06-21T20:39:27,.md,upload_candidate,
outputs/坐标接线试跑_旧锁验证/20260621_203920_坐标_宝玉林黛玉两个人在秋天跟花比较接近的一个状态/07_反馈排序配置.json,699,699B,2026-06-21T20:39:27,.json,upload_candidate,
outputs/坐标接线试跑_旧锁验证/20260621_203920_坐标_宝玉林黛玉两个人在秋天跟花比较接近的一个状态/08_运行清单.json,248651,242.8KB,2026-06-21T20:39:27,.json,upload_candidate,
outputs/坐标接线试跑_旧锁验证/20260621_203920_坐标_宝玉林黛玉两个人在秋天跟花比较接近的一个状态/_内部过程/反馈包/00_反馈优化说明.md,2134,2.1KB,2026-06-21T20:39:27,.md,upload_candidate,
outputs/坐标接线试跑_旧锁验证/20260621_203920_坐标_宝玉林黛玉两个人在秋天跟花比较接近的一个状态/_内部过程/反馈包/01_反馈优化总览.md,1744,1.7KB,2026-06-21T20:39:27,.md,upload_candidate,
outputs/坐标接线试跑_旧锁验证/20260621_203920_坐标_宝玉林黛玉两个人在秋天跟花比较接近的一个状态/_内部过程/反馈包/02_人工反馈明细.csv,35696,34.9KB,2026-06-21T20:39:27,.csv,upload_candidate,
outputs/坐标接线试跑_旧锁验证/20260621_203920_坐标_宝玉林黛玉两个人在秋天跟花比较接近的一个状态/_内部过程/反馈包/03_角色章节权重.csv,0,0B,2026-06-21T20:39:27,.csv,upload_candidate,
outputs/坐标接线试跑_旧锁验证/20260621_203920_坐标_宝玉林黛玉两个人在秋天跟花比较接近的一个状态/_内部过程/反馈包/04_关键词权重.csv,0,0B,2026-06-21T20:39:27,.csv,upload_candidate,
outputs/坐标接线试跑_旧锁验证/20260621_203920_坐标_宝玉林黛玉两个人在秋天跟花比较接近的一个状态/_内部过程/反馈包/05_出库排序配置.json,699,699B,2026-06-21T20:39:27,.json,upload_candidate,
outputs/坐标接线试跑_旧锁验证/20260621_203920_坐标_宝玉林黛玉两个人在秋天跟花比较接近的一个状态/_内部过程/反馈包/06_反馈优化摘要.json,2155,2.1KB,2026-06-21T20:39:27,.json,upload_candidate,
outputs/坐标接线试跑_旧锁验证/20260621_203920_坐标_宝玉林黛玉两个人在秋天跟花比较接近的一个状态/_内部过程/回读包/00_复核回读说明.md,2212,2.2KB,2026-06-21T20:39:27,.md,upload_candidate,
outputs/坐标接线试跑_旧锁验证/20260621_203920_坐标_宝玉林黛玉两个人在秋天跟花比较接近的一个状态/_内部过程/回读包/01_复核回读总览.md,804,804B,2026-06-21T20:39:27,.md,upload_candidate,
outputs/坐标接线试跑_旧锁验证/20260621_203920_坐标_宝玉林黛玉两个人在秋天跟花比较接近的一个状态/_内部过程/回读包/02_可用证据.csv,0,0B,2026-06-21T20:39:27,.csv,upload_candidate,
outputs/坐标接线试跑_旧锁验证/20260621_203920_坐标_宝玉林黛玉两个人在秋天跟花比较接近的一个状态/_内部过程/回读包/03_剔除证据.csv,0,0B,2026-06-21T20:39:27,.csv,upload_candidate,
outputs/坐标接线试跑_旧锁验证/20260621_203920_坐标_宝玉林黛玉两个人在秋天跟花比较接近的一个状态/_内部过程/回读包/04_待复核证据.csv,36027,35.2KB,2026-06-21T20:39:27,.csv,upload_candidate,
outputs/坐标接线试跑_旧锁验证/20260621_203920_坐标_宝玉林黛玉两个人在秋天跟花比较接近的一个状态/_内部过程/回读包/05_复核后写作材料.md,2006,2.0KB,2026-06-21T20:39:27,.md,upload_candidate,
outputs/坐标接线试跑_旧锁验证/20260621_203920_坐标_宝玉林黛玉两个人在秋天跟花比较接近的一个状态/_内部过程/回读包/06_复核回读摘要.json,2391,2.3KB,2026-06-21T20:39:27,.json,upload_candidate,
outputs/坐标接线试跑_旧锁验证/20260621_203920_坐标_宝玉林黛玉两个人在秋天跟花比较接近的一个状态/_内部过程/复核包/00_复核写作包说明.md,2342,2.3KB,2026-06-21T20:39:27,.md,upload_candidate,
outputs/坐标接线试跑_旧锁验证/20260621_203920_坐标_宝玉林黛玉两个人在秋天跟花比较接近的一个状态/_内部过程/复核包/01_人工复核表.csv,35454,34.6KB,2026-06-21T20:39:27,.csv,upload_candidate,
outputs/坐标接线试跑_旧锁验证/20260621_203920_坐标_宝玉林黛玉两个人在秋天跟花比较接近的一个状态/_内部过程/复核包/02_复核阅读单.md,25689,25.1KB,2026-06-21T20:39:27,.md,upload_candidate,
outputs/坐标接线试跑_旧锁验证/20260621_203920_坐标_宝玉林黛玉两个人在秋天跟花比较接近的一个状态/_内部过程/复核包/03_带证据写作草稿.md,2359,2.3KB,2026-06-21T20:39:27,.md,upload_candidate,
outputs/坐标接线试跑_旧锁验证/20260621_203920_坐标_宝玉林黛玉两个人在秋天跟花比较接近的一个状态/_内部过程/复核包/04_二次追问清单.md,577,577B,2026-06-21T20:39:27,.md,upload_candidate,
outputs/坐标接线试跑_旧锁验证/20260621_203920_坐标_宝玉林黛玉两个人在秋天跟花比较接近的一个状态/_内部过程/复核包/05_复核写作包摘要.json,4905,4.8KB,2026-06-21T20:39:27,.json,upload_candidate,
outputs/坐标接线试跑_旧锁验证/20260621_203920_坐标_宝玉林黛玉两个人在秋天跟花比较接近的一个状态/_内部过程/总证据池/01_总证据池报告.md,32789,32.0KB,2026-06-21T20:39:24,.md,upload_candidate,
outputs/坐标接线试跑_旧锁验证/20260621_203920_坐标_宝玉林黛玉两个人在秋天跟花比较接近的一个状态/_内部过程/总证据池/02_总证据池摘要.json,2357951,2.2MB,2026-06-21T20:39:24,.json,upload_candidate,
outputs/坐标接线试跑_旧锁验证/20260621_203920_坐标_宝玉林黛玉两个人在秋天跟花比较接近的一个状态/_内部过程/总证据池/03_子问题证据明细.csv,387579,378.5KB,2026-06-21T20:39:24,.csv,upload_candidate,
outputs/坐标接线试跑_旧锁验证/20260621_203920_坐标_宝玉林黛玉两个人在秋天跟花比较接近的一个状态/_内部过程/总证据池/04_合并候选段落.csv,1948269,1.9MB,2026-06-21T20:39:24,.csv,upload_candidate,
outputs/坐标接线试跑_旧锁验证/20260621_203920_坐标_宝玉林黛玉两个人在秋天跟花比较接近的一个状态/_内部过程/研究包/00_研究工作流说明.md,2390,2.3KB,2026-06-21T20:39:27,.md,upload_candidate,
outputs/坐标接线试跑_旧锁验证/20260621_203920_坐标_宝玉林黛玉两个人在秋天跟花比较接近的一个状态/_内部过程/研究包/01_一键研究包总览.md,2101,2.1KB,2026-06-21T20:39:27,.md,upload_candidate,
outputs/坐标接线试跑_旧锁验证/20260621_203920_坐标_宝玉林黛玉两个人在秋天跟花比较接近的一个状态/_内部过程/研究包/02_问题树.md,6416,6.3KB,2026-06-21T20:39:27,.md,upload_candidate,
outputs/坐标接线试跑_旧锁验证/20260621_203920_坐标_宝玉林黛玉两个人在秋天跟花比较接近的一个状态/_内部过程/研究包/03_证据阅读顺序.csv,2428752,2.3MB,2026-06-21T20:39:27,.csv,upload_candidate,
outputs/坐标接线试跑_旧锁验证/20260621_203920_坐标_宝玉林黛玉两个人在秋天跟花比较接近的一个状态/_内部过程/研究包/04_写作提纲草案.md,111228,108.6KB,2026-06-21T20:39:27,.md,upload_candidate,
outputs/坐标接线试跑_旧锁验证/20260621_203920_坐标_宝玉林黛玉两个人在秋天跟花比较接近的一个状态/_内部过程/研究包/05_研究包摘要.json,60904,59.5KB,2026-06-21T20:39:27,.json,upload_candidate,
outputs/坐标接线试跑_旧锁验证/20260621_203920_坐标_宝玉林黛玉两个人在秋天跟花比较接近的一个状态/_内部过程/研究包/06_重点证据卡片.md,25284,24.7KB,2026-06-21T20:39:27,.md,upload_candidate,
outputs/坐标接线试跑_旧锁验证/20260621_203920_坐标_宝玉林黛玉两个人在秋天跟花比较接近的一个状态/_内部过程/研究包/07_材料池入池凭证门.md,977,977B,2026-06-21T20:39:27,.md,upload_candidate,
outputs/坐标接线试跑_旧锁验证/20260621_203920_坐标_宝玉林黛玉两个人在秋天跟花比较接近的一个状态/_内部过程/研究包/08_材料池入池凭证门.json,1251,1.2KB,2026-06-21T20:39:27,.json,upload_candidate,
outputs/坐标接线试跑_旧锁验证/20260621_203920_坐标_宝玉林黛玉两个人在秋天跟花比较接近的一个状态/_内部过程/研究包/09_入池阻断候选.csv,0,0B,2026-06-21T20:39:27,.csv,upload_candidate,
outputs/坐标新线程盯盘报告/019eec29坐标入口盯盘报告.md,4230,4.1KB,2026-06-21T22:55:56,.md,upload_candidate,
outputs/坐标自述梦裁判测试/20260621_235512_林黛玉自己亲口说我做了一个梦吗/00_入口令牌.json,232,232B,2026-06-21T23:55:12,.json,upload_candidate,
outputs/坐标自述梦裁判测试/20260621_235512_林黛玉自己亲口说我做了一个梦吗/01_查询词路.md,399,399B,2026-06-21T23:55:12,.md,upload_candidate,
outputs/坐标自述梦裁判测试/20260621_235512_林黛玉自己亲口说我做了一个梦吗/02_坐标材料池入口候选.json,559216,546.1KB,2026-06-21T23:55:12,.json,upload_candidate,
outputs/坐标自述梦裁判测试/20260621_235512_林黛玉自己亲口说我做了一个梦吗/03_材料池入口_候选不作答.md,5573,5.4KB,2026-06-21T23:55:12,.md,upload_candidate,
outputs/坐标自述梦裁判测试/20260621_235512_林黛玉自己亲口说我做了一个梦吗/04_坐标入材料池凭证门.json,47877,46.8KB,2026-06-21T23:55:12,.json,upload_candidate,
outputs/坐标自述梦裁判测试/20260621_235512_林黛玉自己亲口说我做了一个梦吗/04_坐标入材料池凭证门.md,43258,42.2KB,2026-06-21T23:55:12,.md,upload_candidate,
outputs/坐标自述梦裁判测试2/20260621_235602_林黛玉自己亲口说我做了一个梦吗/00_入口令牌.json,232,232B,2026-06-21T23:56:02,.json,upload_candidate,
outputs/坐标自述梦裁判测试2/20260621_235602_林黛玉自己亲口说我做了一个梦吗/01_查询词路.md,399,399B,2026-06-21T23:56:02,.md,upload_candidate,
outputs/坐标自述梦裁判测试2/20260621_235602_林黛玉自己亲口说我做了一个梦吗/02_坐标材料池入口候选.json,557340,544.3KB,2026-06-21T23:56:02,.json,upload_candidate,
outputs/坐标自述梦裁判测试2/20260621_235602_林黛玉自己亲口说我做了一个梦吗/03_材料池入口_候选不作答.md,5404,5.3KB,2026-06-21T23:56:02,.md,upload_candidate,
outputs/坐标自述梦裁判测试2/20260621_235602_林黛玉自己亲口说我做了一个梦吗/04_坐标入材料池凭证门.json,47564,46.4KB,2026-06-21T23:56:02,.json,upload_candidate,
outputs/坐标自述梦裁判测试2/20260621_235602_林黛玉自己亲口说我做了一个梦吗/04_坐标入材料池凭证门.md,42969,42.0KB,2026-06-21T23:56:02,.md,upload_candidate,
outputs/坐标自述梦裁判测试3/20260621_235649_林黛玉自己亲口说我做了一个梦吗/00_入口令牌.json,232,232B,2026-06-21T23:56:49,.json,upload_candidate,
outputs/坐标自述梦裁判测试3/20260621_235649_林黛玉自己亲口说我做了一个梦吗/01_查询词路.md,399,399B,2026-06-21T23:56:49,.md,upload_candidate,
outputs/坐标自述梦裁判测试3/20260621_235649_林黛玉自己亲口说我做了一个梦吗/02_坐标材料池入口候选.json,557340,544.3KB,2026-06-21T23:56:49,.json,upload_candidate,
outputs/坐标自述梦裁判测试3/20260621_235649_林黛玉自己亲口说我做了一个梦吗/03_材料池入口_候选不作答.md,5404,5.3KB,2026-06-21T23:56:49,.md,upload_candidate,
outputs/坐标自述梦裁判测试3/20260621_235649_林黛玉自己亲口说我做了一个梦吗/04_坐标入材料池凭证门.json,47564,46.4KB,2026-06-21T23:56:49,.json,upload_candidate,
outputs/坐标自述梦裁判测试3/20260621_235649_林黛玉自己亲口说我做了一个梦吗/04_坐标入材料池凭证门.md,42969,42.0KB,2026-06-21T23:56:49,.md,upload_candidate,
outputs/坐标语义分流试跑/coordinate_pool/01_总证据池报告.md,12941,12.6KB,2026-06-21T20:46:07,.md,upload_candidate,
outputs/坐标语义分流试跑/coordinate_pool/02_总证据池摘要.json,319816,312.3KB,2026-06-21T20:46:07,.json,upload_candidate,
outputs/坐标语义分流试跑/coordinate_pool/03_子问题证据明细.csv,53163,51.9KB,2026-06-21T20:46:07,.csv,upload_candidate,
outputs/坐标语义分流试跑/coordinate_pool/04_合并候选段落.csv,253427,247.5KB,2026-06-21T20:46:07,.csv,upload_candidate,
outputs/坐标语义分流试跑/semantic_pool/01_总证据池报告.md,32459,31.7KB,2026-06-21T20:46:06,.md,upload_candidate,
outputs/坐标语义分流试跑/semantic_pool/02_总证据池摘要.json,2647593,2.5MB,2026-06-21T20:46:06,.json,upload_candidate,
outputs/坐标语义分流试跑/semantic_pool/03_子问题证据明细.csv,387261,378.2KB,2026-06-21T20:46:06,.csv,upload_candidate,
outputs/坐标语义分流试跑/semantic_pool/04_合并候选段落.csv,2143325,2.0MB,2026-06-21T20:46:06,.csv,upload_candidate,
outputs/坐标门人物归一接线验收/坐标门人物归一接线验收.md,2464,2.4KB,2026-06-21T22:10:27,.md,upload_candidate,
outputs/正式取材专库硬锁试跑_坐标/20260622_001557_林黛玉和手帕眼泪是否同场/00_入口令牌.json,232,232B,2026-06-22T00:15:57,.json,upload_candidate,
outputs/正式取材专库硬锁试跑_坐标/20260622_001557_林黛玉和手帕眼泪是否同场/01_查询词路.md,390,390B,2026-06-22T00:15:57,.md,upload_candidate,
outputs/正式取材专库硬锁试跑_坐标/20260622_001557_林黛玉和手帕眼泪是否同场/02_坐标材料池入口候选.json,1090749,1.0MB,2026-06-22T00:15:57,.json,upload_candidate,
outputs/正式取材专库硬锁试跑_坐标/20260622_001557_林黛玉和手帕眼泪是否同场/03_材料池入口_候选不作答.md,9087,8.9KB,2026-06-22T00:15:57,.md,upload_candidate,
outputs/正式取材专库硬锁试跑_坐标/20260622_001557_林黛玉和手帕眼泪是否同场/04_坐标入材料池凭证门.json,47974,46.8KB,2026-06-22T00:15:57,.json,upload_candidate,
outputs/正式取材专库硬锁试跑_坐标/20260622_001557_林黛玉和手帕眼泪是否同场/04_坐标入材料池凭证门.md,43325,42.3KB,2026-06-22T00:15:57,.md,upload_candidate,
outputs/正式取材专库硬锁试跑_证据池坐标/01_总证据池报告.md,33255,32.5KB,2026-06-22T00:16:47,.md,upload_candidate,
outputs/正式取材专库硬锁试跑_证据池坐标/02_总证据池摘要.json,9191973,8.8MB,2026-06-22T00:16:47,.json,upload_candidate,
outputs/正式取材专库硬锁试跑_证据池坐标/03_子问题证据明细.csv,7946537,7.6MB,2026-06-22T00:16:47,.csv,upload_candidate,
outputs/正式取材专库硬锁试跑_证据池坐标/04_合并候选段落.csv,8685862,8.3MB,2026-06-22T00:16:47,.csv,upload_candidate,
outputs/正式取材专库硬锁试跑_语义/01_总证据池报告.md,7807,7.6KB,2026-06-22T00:16:17,.md,upload_candidate,
outputs/正式取材专库硬锁试跑_语义/02_总证据池摘要.json,132180,129.1KB,2026-06-22T00:16:17,.json,upload_candidate,
outputs/正式取材专库硬锁试跑_语义/03_子问题证据明细.csv,78162,76.3KB,2026-06-22T00:16:17,.csv,upload_candidate,
outputs/正式取材专库硬锁试跑_语义/04_合并候选段落.csv,105550,103.1KB,2026-06-22T00:16:17,.csv,upload_candidate,
outputs/红楼梦全量变量投影库_CH001_120/红楼梦全量变量投影库_CH001_120.sqlite,129273856,123.3MB,2026-06-21T18:13:15,.sqlite,local_or_manifest_only,large database or runtime store; keep local and back up separately
outputs/红楼梦全量变量投影库_CH001_120/红楼梦全量变量投影库_CH001_120_说明与验收.md,3432,3.4KB,2026-06-21T18:13:15,.md,upload_candidate,
outputs/红楼梦原子段编码推进设计稿_短门牌_坐标向量_扁平投影.md,5547,5.4KB,2026-06-21T18:06:14,.md,upload_candidate,
outputs/红楼梦叙事坐标总库_功能备忘.md,878,878B,2026-06-21T18:19:28,.md,upload_candidate,
outputs/红楼梦坐标工程双头入口/000C_进入坐标查询_新窗口强制入口_候选正式头.md,9830,9.6KB,2026-06-21T22:59:13,.md,upload_candidate,
outputs/红楼梦坐标工程双头入口/001C_旧头到坐标头搬迁矩阵.md,20007,19.5KB,2026-06-21T23:50:01,.md,upload_candidate,
outputs/红楼梦坐标工程双头入口/002C_旧语义聚拢头逐页搬迁打勾清单.md,11543,11.3KB,2026-06-21T23:48:22,.md,upload_candidate,
outputs/红楼梦坐标搜索工作台/00_二选一决策_独立坐标程序.md,1175,1.1KB,2026-06-21T22:38:19,.md,upload_candidate,
outputs/红楼梦坐标搜索工作台/runs/20260621_192443_宝玉林黛玉两个人在秋天跟花比较接近的一个状态/coordinate_search_report.md,21671,21.2KB,2026-06-21T19:24:43,.md,upload_candidate,
outputs/红楼梦坐标搜索工作台/runs/20260621_192443_宝玉林黛玉两个人在秋天跟花比较接近的一个状态/coordinate_search_result.json,238458,232.9KB,2026-06-21T19:24:43,.json,upload_candidate,
outputs/红楼梦坐标搜索工作台/runs/20260621_192503_宝玉林黛玉两个人在秋天跟花比较接近的一个状态/coordinate_search_report.md,21670,21.2KB,2026-06-21T19:25:03,.md,upload_candidate,
outputs/红楼梦坐标搜索工作台/runs/20260621_192503_宝玉林黛玉两个人在秋天跟花比较接近的一个状态/coordinate_search_result.json,238457,232.9KB,2026-06-21T19:25:03,.json,upload_candidate,
outputs/红楼梦坐标搜索工作台/runs/20260621_192551_宝玉林黛玉两个人在秋天跟花比较接近的一个状态/coordinate_search_report.md,16298,15.9KB,2026-06-21T19:25:51,.md,upload_candidate,
outputs/红楼梦坐标搜索工作台/runs/20260621_192551_宝玉林黛玉两个人在秋天跟花比较接近的一个状态/coordinate_search_result.json,167242,163.3KB,2026-06-21T19:25:51,.json,upload_candidate,
outputs/红楼梦坐标搜索工作台/runs/20260621_223823_宝玉林黛玉两个人在秋天跟花比较接近的一个状态/coordinate_search_report.md,8849,8.6KB,2026-06-21T22:38:23,.md,upload_candidate,
outputs/红楼梦坐标搜索工作台/runs/20260621_223823_宝玉林黛玉两个人在秋天跟花比较接近的一个状态/coordinate_search_result.json,71852,70.2KB,2026-06-21T22:38:23,.json,upload_candidate,
outputs/红楼梦坐标查询台/00_坐标版工程总账.md,1855,1.8KB,2026-06-21T19:35:16,.md,upload_candidate,
outputs/红楼梦坐标查询台/坐标版运行记录.jsonl,694,694B,2026-06-21T19:34:22,.jsonl,upload_candidate,
outputs/红楼梦坐标查询台/查询包/20260621_193422_宝玉林黛玉两个人在秋天跟花比较接近的一个状态/coordinate_search_report.md,7216,7.0KB,2026-06-21T19:34:22,.md,upload_candidate,
outputs/红楼梦坐标查询台/查询包/20260621_193422_宝玉林黛玉两个人在秋天跟花比较接近的一个状态/coordinate_search_result.json,75220,73.5KB,2026-06-21T19:34:22,.json,upload_candidate,
outputs/红楼梦坐标法与语义查法双门原则草案.md,4577,4.5KB,2026-06-21T19:05:11,.md,upload_candidate,
outputs/红楼梦干净聚拢坐标库_CH001_005_模板/atom_distance_basis_CH001_005_模板.csv,10615,10.4KB,2026-06-21T15:50:23,.csv,upload_candidate,
outputs/红楼梦干净聚拢坐标库_CH001_005_模板/atom_flat_index_CH001_005_模板.csv,80487,78.6KB,2026-06-21T15:50:23,.csv,upload_candidate,
outputs/红楼梦干净聚拢坐标库_CH001_005_模板/atom_links_CH001_005_模板.csv,1817165,1.7MB,2026-06-21T15:50:23,.csv,upload_candidate,
outputs/红楼梦干净聚拢坐标库_CH001_005_模板/atom_memberships_CH001_005_模板.csv,190114,185.7KB,2026-06-21T15:50:23,.csv,upload_candidate,
outputs/红楼梦干净聚拢坐标库_CH001_005_模板/clean_atoms_CH001_005_模板.csv,65680,64.1KB,2026-06-21T15:50:23,.csv,upload_candidate,
outputs/红楼梦干净聚拢坐标库_CH001_005_模板/container_hierarchy_CH001_005_模板.csv,92212,90.1KB,2026-06-21T15:50:23,.csv,upload_candidate,
outputs/红楼梦干净聚拢坐标库_CH001_005_模板/container_index_CH001_005_模板.csv,28625,28.0KB,2026-06-21T15:50:23,.csv,upload_candidate,
outputs/红楼梦干净聚拢坐标库_CH001_005_模板/distance_metric_rules_CH001_005_模板.csv,667,667B,2026-06-21T15:50:23,.csv,upload_candidate,
outputs/红楼梦干净聚拢坐标库_CH001_005_模板/quality_findings_CH001_005_模板.csv,515,515B,2026-06-21T15:50:23,.csv,upload_candidate,
outputs/红楼梦干净聚拢坐标库_CH001_005_模板/红楼梦干净聚拢坐标库_CH001_005_模板.sqlite,3297280,3.1MB,2026-06-21T18:05:24,.sqlite,local_or_manifest_only,large database or runtime store; keep local and back up separately
outputs/红楼梦干净聚拢坐标库_CH001_005_模板/红楼梦干净聚拢坐标库_CH001_005_模板_审计报告.md,3149,3.1KB,2026-06-21T15:50:23,.md,upload_candidate,
outputs/红楼梦干净聚拢坐标库_CH001_120_全量/atom_distance_basis_CH001_120_全量.csv,258815,252.7KB,2026-06-21T15:52:04,.csv,upload_candidate,
outputs/红楼梦干净聚拢坐标库_CH001_120_全量/atom_flat_index_CH001_120_全量.csv,1777551,1.7MB,2026-06-21T15:52:04,.csv,upload_candidate,
outputs/红楼梦干净聚拢坐标库_CH001_120_全量/atom_links_CH001_120_全量.csv,36617910,34.9MB,2026-06-21T15:52:04,.csv,upload_candidate,
outputs/红楼梦干净聚拢坐标库_CH001_120_全量/atom_memberships_CH001_120_全量.csv,4658638,4.4MB,2026-06-21T15:52:03,.csv,upload_candidate,
outputs/红楼梦干净聚拢坐标库_CH001_120_全量/clean_atoms_CH001_120_全量.csv,1509572,1.4MB,2026-06-21T15:52:03,.csv,upload_candidate,
outputs/红楼梦干净聚拢坐标库_CH001_120_全量/container_hierarchy_CH001_120_全量.csv,2426099,2.3MB,2026-06-21T15:52:04,.csv,upload_candidate,
outputs/红楼梦干净聚拢坐标库_CH001_120_全量/container_index_CH001_120_全量.csv,757897,740.1KB,2026-06-21T15:52:04,.csv,upload_candidate,
outputs/红楼梦干净聚拢坐标库_CH001_120_全量/distance_metric_rules_CH001_120_全量.csv,667,667B,2026-06-21T15:52:04,.csv,upload_candidate,
outputs/红楼梦干净聚拢坐标库_CH001_120_全量/quality_findings_CH001_120_全量.csv,5333,5.2KB,2026-06-21T15:52:04,.csv,upload_candidate,
outputs/红楼梦干净聚拢坐标库_CH001_120_全量/红楼梦干净聚拢坐标库_CH001_120_全量.sqlite,66154496,63.1MB,2026-06-21T18:05:24,.sqlite,local_or_manifest_only,large database or runtime store; keep local and back up separately
outputs/红楼梦干净聚拢坐标库_CH001_120_全量/红楼梦干净聚拢坐标库_CH001_120_全量_审计报告.md,6394,6.2KB,2026-06-21T15:52:04,.md,upload_candidate,
outputs/红楼梦正式取材专库/00_双中心取材总库/01_语义聚拢查询中心库/红楼梦语义聚拢中心库_CH001_120.sqlite,57090048,54.4MB,2026-06-22T00:13:04,.sqlite,local_or_manifest_only,large database or runtime store; keep local and back up separately
outputs/红楼梦正式取材专库/00_双中心取材总库/01_语义聚拢查询中心库/红楼梦语义聚拢中心库_CH001_120.sqlite-shm,32768,32.0KB,2026-06-22T18:21:51,.sqlite-shm,local_or_manifest_only,unsupported or binary extension; manifest only
outputs/红楼梦正式取材专库/00_双中心取材总库/01_语义聚拢查询中心库/红楼梦语义聚拢中心库_CH001_120.sqlite-wal,0,0B,2026-06-22T08:24:21,.sqlite-wal,local_or_manifest_only,unsupported or binary extension; manifest only
outputs/红楼梦正式取材专库/00_双中心取材总库/02_坐标查询中心库/红楼梦坐标查询中心库_CH001_120.sqlite,129273856,123.3MB,2026-06-22T00:12:28,.sqlite,local_or_manifest_only,large database or runtime store; keep local and back up separately
outputs/红楼梦正式取材专库/00_底库登记处/25_库登记处机器总表.csv,6011,5.9KB,2026-06-20T18:49:52,.csv,upload_candidate,
outputs/红楼梦正式取材专库/00_底库登记处/25_库登记处机器总表.json,31289,30.6KB,2026-06-20T13:45:08,.json,upload_candidate,
outputs/红楼梦正式取材专库/00_底库登记处/25_库登记处机器总表.md,20257,19.8KB,2026-06-20T18:49:52,.md,upload_candidate,
outputs/红楼梦正式取材专库/01_正文原文与词位库/红楼梦全文字位原子段桥表_CH001_120.sqlite,178421760,170.2MB,2026-06-22T00:12:28,.sqlite,local_or_manifest_only,large database or runtime store; keep local and back up separately
outputs/红楼梦正式取材专库/01_正文原文与词位库/红楼梦全文词位材料索引库_CH001_120.sqlite,508477440,484.9MB,2026-06-22T00:12:28,.sqlite,local_or_manifest_only,large database or runtime store; keep local and back up separately
outputs/红楼梦正式取材专库/02_坐标变量库/红楼梦全量变量投影库_CH001_120.sqlite,129273856,123.3MB,2026-06-22T00:12:28,.sqlite,local_or_manifest_only,large database or runtime store; keep local and back up separately
outputs/红楼梦正式取材专库/03_人物归一库/70_全人物别名归一总表.csv,98118,95.8KB,2026-06-22T00:12:28,.csv,upload_candidate,
outputs/红楼梦正式取材专库/03_人物归一库/72_人物查询归一包_全量生成表.csv,265783,259.6KB,2026-06-22T00:12:28,.csv,upload_candidate,
outputs/红楼梦正式取材专库/04_语义聚拢轴库/formal_honglou_axis.sqlite,57090048,54.4MB,2026-06-22T00:13:04,.sqlite,local_or_manifest_only,large database or runtime store; keep local and back up separately
outputs/红楼梦正式取材专库/04_语义聚拢轴库/formal_honglou_axis.sqlite-shm,32768,32.0KB,2026-06-22T11:23:14,.sqlite-shm,local_or_manifest_only,unsupported or binary extension; manifest only
outputs/红楼梦正式取材专库/04_语义聚拢轴库/formal_honglou_axis.sqlite-wal,0,0B,2026-06-22T00:16:16,.sqlite-wal,local_or_manifest_only,unsupported or binary extension; manifest only
outputs/红楼梦正式取材专库/05_全文检索旧库/formal_honglou_search.sqlite,166285312,158.6MB,2026-06-22T00:13:05,.sqlite,local_or_manifest_only,large database or runtime store; keep local and back up separately
outputs/红楼梦正式取材专库/05_全文检索旧库/formal_honglou_search.sqlite-shm,32768,32.0KB,2026-06-22T11:23:14,.sqlite-shm,local_or_manifest_only,unsupported or binary extension; manifest only
outputs/红楼梦正式取材专库/05_全文检索旧库/formal_honglou_search.sqlite-wal,0,0B,2026-06-22T07:30:07,.sqlite-wal,local_or_manifest_only,unsupported or binary extension; manifest only
outputs/红楼梦正式取材专库/06_场面时间库/101_120回场面库_scene_groups.csv,371615,362.9KB,2026-06-20T18:27:39,.csv,upload_candidate,
outputs/红楼梦正式取材专库/06_场面时间库/101_120回场面库_scene_points.csv,1126001,1.1MB,2026-06-20T18:27:39,.csv,upload_candidate,
outputs/红楼梦正式取材专库/06_场面时间库/101_120回场面库_time_blocks.csv,212320,207.3KB,2026-06-20T18:27:39,.csv,upload_candidate,
outputs/红楼梦正式取材专库/99_专库规则/正式取材专库_双中心白名单.csv,14062,13.7KB,2026-06-22T08:26:05,.csv,upload_candidate,
outputs/红楼梦正式取材专库/99_专库规则/正式取材专库_双中心白名单.json,30895,30.2KB,2026-06-22T08:26:05,.json,upload_candidate,
outputs/红楼梦正式取材专库/99_专库规则/正式取材专库_底库登记处白名单.csv,258,258B,2026-06-22T08:23:22,.csv,upload_candidate,
outputs/红楼梦正式取材专库/99_专库规则/正式取材专库_底库登记处白名单.json,413,413B,2026-06-22T08:23:22,.json,upload_candidate,
outputs/红楼梦正式取材专库/99_专库规则/正式取材专库硬锁规则.json,3636,3.6KB,2026-06-22T08:31:55,.json,upload_candidate,
outputs/红楼梦正式取材专库/99_专库规则/正式取材专库硬锁规则.md,1274,1.2KB,2026-06-22T08:31:55,.md,upload_candidate,
outputs/红楼梦编码增强样板_CH001_005_样板/红楼梦编码增强样板_CH001_005_样板.sqlite,2293760,2.2MB,2026-06-21T18:25:00,.sqlite,local_or_manifest_only,large database or runtime store; keep local and back up separately
outputs/红楼梦编码增强样板_CH001_005_样板/红楼梦编码增强样板_CH001_005_样板_说明与验收.md,1725,1.7KB,2026-06-21T18:25:00,.md,upload_candidate,
outputs/红楼梦编码增强追加层_CH001_005_样板/红楼梦编码增强追加层_CH001_005_样板.sqlite,2293760,2.2MB,2026-06-21T18:27:14,.sqlite,local_or_manifest_only,large database or runtime store; keep local and back up separately
outputs/红楼梦编码增强追加层_CH001_005_样板/红楼梦编码增强追加层_CH001_005_样板_说明与验收.md,1702,1.7KB,2026-06-21T18:27:14,.md,upload_candidate,
outputs/红楼梦编码增强追加层_CH001_120_全量/红楼梦编码增强追加层_CH001_120_全量.sqlite,45903872,43.8MB,2026-06-21T18:51:54,.sqlite,local_or_manifest_only,large database or runtime store; keep local and back up separately
outputs/红楼梦编码增强追加层_CH001_120_全量/红楼梦编码增强追加层_CH001_120_全量_说明与验收.md,1873,1.8KB,2026-06-21T18:51:54,.md,upload_candidate,
outputs/红楼梦聚拢坐标映射总库_CH001_120/20260621_223738_refined_atom_segments_install_summary.json,1159,1.1KB,2026-06-21T22:37:39,.json,upload_candidate,
outputs/红楼梦聚拢坐标映射总库_CH001_120/backups/20260621_223738_pre_refined_atom_segments/红楼梦聚拢坐标映射总库_CH001_120.sqlite,112041984,106.9MB,2026-06-21T18:52:21,.sqlite,local_or_manifest_only,large database or runtime store; keep local and back up separately
outputs/红楼梦聚拢坐标映射总库_CH001_120/backups/20260621_223738_pre_refined_atom_segments/红楼梦聚拢坐标映射总库_CH001_120_说明与验收.md,1399,1.4KB,2026-06-21T18:52:21,.md,upload_candidate,
outputs/红楼梦聚拢坐标映射总库_CH001_120/红楼梦聚拢坐标映射总库_CH001_120.sqlite,813715456,776.0MB,2026-06-21T22:36:06,.sqlite,local_or_manifest_only,large database or runtime store; keep local and back up separately
outputs/红楼梦聚拢坐标映射总库_CH001_120/红楼梦聚拢坐标映射总库_CH001_120_说明与验收.md,3127,3.1KB,2026-06-21T22:42:51,.md,upload_candidate,
outputs/聚拢查询公式测试_宝玉黛玉春天大观园.md,2435,2.4KB,2026-06-21T17:38:26,.md,upload_candidate,
work/build_clean_honglou_coordinate_db.py,79678,77.8KB,2026-06-22T08:25:15,.py,upload_candidate,
work/build_enhanced_encoding_db.py,22756,22.2KB,2026-06-21T18:27:02,.py,upload_candidate,
work/build_merged_coordinate_mapping_db.py,13574,13.3KB,2026-06-21T22:42:24,.py,upload_candidate,
work/build_projection_query_db.py,18099,17.7KB,2026-06-21T18:13:05,.py,upload_candidate,
work/honglou_coordinate_local_app.py,21245,20.7KB,2026-06-21T19:34:13,.py,upload_candidate,
work/honglou_coordinate_search_workbench.py,23595,23.0KB,2026-06-21T19:25:42,.py,upload_candidate,
