time_block_id,chapter_no,chapter_title,time_order_in_chapter,time_label,time_evidence,start_segment_no,end_segment_no,confidence,notes
TB-001-001,1,第一回　甄士隱夢幻識通靈　賈雨村風塵懷閨秀,1,第1回开端时段,起：作者自叙·题纲正义；承/结：开篇诗·浮生着甚苦奔忙；女娲补天·顽石弃置青埂峰；石头恳求僧道携入红尘；石化玉·通灵宝玉诞生；起：空空道人发现《石头记》；石上偈·无材可与补苍天；空空道人与石头辩论·书名由来；书名演变·曹雪芹题诗；承/结：雨村见甄家丫鬟娇杏·两相情动；中秋月下·雨村吟诗抒怀；士隐赠银·雨村进京赶考,01-001,01-017,high,由W33事件按回内顺序聚合；本时段含2个场组候选。
TB-001-002,1,第一回　甄士隱夢幻識通靈　賈雨村風塵懷閨秀,2,第1回第2叙事时段,起：元宵英莲丢失·甄家大悲；承/结：葫芦庙火灾·甄家破落；士隐投靠封肃·穷困潦倒；起：跸足道人吟《好了歌》；士隐解注《好了歌》；承/结：士隐出走出家·封氏依父度日；娇杏识贾雨村赴任·因缘再续,01-018,01-024,high,由W33事件按回内顺序聚合；本时段含2个场组候选。
TB-001-003,1,第一回　甄士隱夢幻識通靈　賈雨村風塵懷閨秀,3,第1回第3叙事时段,起：作者自述无才补天、悔负闺阁女子·以真事隐去、假语村言开篇立意。；承/结：女娲炼石补天独遗一石·顽石自怨无材，遂启凡心。；起：僧道劝顽石红尘美中不足·顽石凡心已炽，苦求携入富贵温柔乡。；承/结：僧人大展幻术将石化为通灵宝玉·镌字后夹带入红尘。,01-025,01-028,high,由W33事件按回内顺序聚合；本时段含2个场组候选。
TB-001-004,1,第一回　甄士隱夢幻識通靈　賈雨村風塵懷閨秀,4,第1回收束时段,起：空空道人抄录石上故事·《石头记》至《情僧录》《风月宝鉴》《红楼梦》层层命名。；承/结：雨村中秋受士隐赠银冬衣进京·英莲元宵失踪、葫芦庙火后甄家败落，士隐闻《好了歌》随道人而去。；起：空空道人抄录石上故事·《石头记》至《情僧录》《风月宝鉴》《红楼梦》层层命名。；承/结：雨村中秋受士隐赠银冬衣进京·英莲元宵失踪、葫芦庙火后甄家败落，士隐闻《好了歌》随道人而去。,01-029,01-030,high,由W33事件按回内顺序聚合；本时段含1个场组候选。
TB-002-001,2,第二回·贾夫人仙逝扬州城 冷子兴演说荣国府,1,第2回开端时段,起：回前诗：一局输赢料不真；承/结：雨村止子兴，判断宝玉非淫魔色鬼而是正邪两赋之人；雨村大论正邪两赋之气（理论部分）；雨村大论举历史人物（许由陶潜等），「易地则同」；引出甄宝玉、雨村而身于甄府做馆的多年经历；起：甄宝玉言行描写：女儿伴读、女儿两字最尊贵；贾府四春介绍：元春选入宫、迎春、探春、惜春；贾敏命名、黛玉避讳罠写习惯，贾敏之死有感；承/结：贾琏+王熙凤介绍，「男人万不及一」；雨村总结正邪两赋论，二人算帐欲归城,02-001,02-024,high,由W33事件按回内顺序聚合；本时段含2个场组候选。
TB-002-002,2,第二回·贾夫人仙逝扬州城 冷子兴演说荣国府,2,第2回第2叙事时段,起：尾声：有人报喜信、且听下回分解；承/结：雨村见智通寺破联·身后有馀忘缩手眼前无路想回头·问老僧无果而出。；起：雨村村肆沽饮偶遇冷子兴·二人旧识相逢并入席叙旧。；承/结：冷子兴总评宁荣两府外盛内虚·子孙一代不如一代，演说荣国府由此展开。,02-025,02-028,high,由W33事件按回内顺序聚合；本时段含2个场组候选。
TB-002-003,2,第二回·贾夫人仙逝扬州城 冷子兴演说荣国府,3,第2回收束时段,起：宝玉衔玉而生并抓周只取脂粉钗环·女儿是水作骨肉之语显出异禀。；承/结：四春、贾敏、黛玉与王熙凤关系线展开·雨村子兴谈毕欲归城，喜信引入下回。；起：宝玉衔玉而生并抓周只取脂粉钗环·女儿是水作骨肉之语显出异禀。；承/结：四春、贾敏、黛玉与王熙凤关系线展开·雨村子兴谈毕欲归城，喜信引入下回。,02-029,02-031,high,由W33事件按回内顺序聚合；本时段含1个场组候选。
TB-003-001,3,第三回　金陵城起复贾雨村　荣国府收养林黛玉,1,第3回开端时段,起：贾雨村与张如圭相遇，得知起复消息；冷子兴献计，雨村请教林如海转央贾政；林如海与雨村商议，为黛玉入京做准备；林黛玉因母逝被送入荣国府，随行细节描写；承/结：贾宝玉初次登场·盛装穿戴全描写；起：贾雨村与张如圭相遇，得知起复消息；冷子兴献计，雨村请教林如海转央贾政；林如海与雨村商议，为黛玉入京做准备；林黛玉因母逝被送入荣国府，随行细节描写；承/结：贾宝玉初次登场·盛装穿戴全描写,03-001,03-016,high,由W33事件按回内顺序聚合；本时段含1个场组候选。
TB-004-001,4,第四回　薄命女偏逢薄命郎　葫蘆僧亂判葫蘆案,1,第4回开端时段,"起：题曰诗：捐躯报国恩，未报躯犹在；承/结：黛玉至李纨处，介绍李纨身世与槁木死灰之性格；起：雨村补授应天府，冯家原告状告薛家打死主人；雨村欲发签，门子使眼色，密室相认为葫芦庙旧识；门子解说护官符，四大家族口碑谚语引出；承/结：门子献乩坛假判之计，雨村言""不妥""敷衍，计议定；雨村徇情枉法结案，充发门子，致书贾政王子腾",04-001,04-011,high,由W33事件按回内顺序聚合；本时段含2个场组候选。
TB-004-002,4,第四回　薄命女偏逢薄命郎　葫蘆僧亂判葫蘆案,2,第4回收束时段,起：薛蟠出场：书香继世家，幼年丧父，呆霸王性情与家业简介；薛母、宝钗登场介绍，薛家进京三因：送妹待选、望亲、销算；承/结：薛蟠遇英莲凶打冯渊，自起身进京，视人命官司为儿戏；途中闻王子腾升官，薛蟠暗喜，与母亲商议进京住处（对话）；薛家到荣国府，王夫人接待，拜见贾母，安置梨香院；梨香院环境描写，薛蟠在荣府纵性更坏；第四回结尾套语：日后如何，下回分解,04-012,04-018,high,由W33事件按回内顺序聚合；本时段含2个场组候选。
TB-005-001,5,第五回　開生面夢演紅樓夢　立新場情傳幻境情,1,第5回开端时段,"起：题曰诗：春困葳蕤拥绣衾，恍随仙子到红尘；黛玉宝钗比较：宝钗得人心，黛玉悒郁不忿；宝玉与黛玉言语不合，俯就和解；宁府梅花盛开，尤氏治酒赏花，宝玉倦怠欲睡，贾母命秦氏安置；承/结：宝玉入梦随秦氏至清净仙境，闻女子歌，警幻仙姑现身（长赋描写仙姑容貌）；警幻介绍自身，邀宝玉游太虚幻境，宝玉随至石牌对联""假作真时""；孽海情天宫门对联，各配殿司名，宝玉请入薄命司观看；起：题曰诗：春困葳蕤拥绣衾，恍随仙子到红尘；黛玉宝钗比较：宝钗得人心，黛玉悒郁不忿；宝玉与黛玉言语不合，俯就和解；宁府梅花盛开，尤氏治酒赏花，宝玉倦怠欲睡，贾母命秦氏安置；承/结：宝玉入梦随秦氏至清净仙境，闻女子歌，警幻仙姑现身（长赋描写仙姑容貌）；警幻介绍自身，邀宝玉游太虚幻境，宝玉随至石牌对联""假作真时""；孽海情天宫门对联，各配殿司名，宝玉请入薄命司观看",05-001,05-008,high,由W33事件按回内顺序聚合；本时段含1个场组候选。
TB-005-002,5,第五回　開生面夢演紅樓夢　立新場情傳幻境情,2,第5回第2叙事时段,起：又副册：晴雯判词（霁月难逢）、袭人判词（枉自温柔和顺）；副册：香菱判词（根并荷花一茎香）；承/结：警幻引宝玉至后室，众仙子出迎反怨警幻引浊物入境，警幻解释宁荣二公嘱托原委；幻境内室描写：群芳髓香、千红一窟茶、万艳同杯酒，仙姑姓名，设宴；起：又副册：晴雯判词（霁月难逢）、袭人判词（枉自温柔和顺）；副册：香菱判词（根并荷花一茎香）；承/结：警幻引宝玉至后室，众仙子出迎反怨警幻引浊物入境，警幻解释宁荣二公嘱托原委；幻境内室描写：群芳髓香、千红一窟茶、万艳同杯酒，仙姑姓名，设宴,05-009,05-016,high,由W33事件按回内顺序聚合；本时段含1个场组候选。
TB-005-003,5,第五回　開生面夢演紅樓夢　立新場情傳幻境情,3,第5回收束时段,"起：红楼梦十二支曲：开辟鸿蒙至飞鸟各投林（引子+终身误+枉凝眉+恨无常+分骨肉+乐中悲+世难容+喜冤家+虚花悟+聪明累+留馀庆+晚韶华+好事终+收尾）；承/结：警幻授云雨之事、宝玉与可卿缱绻，迷津惊梦呼""可卿""，秦氏纳闷小名为何在梦中被唤出，结尾诗句；起：红楼梦十二支曲：开辟鸿蒙至飞鸟各投林（引子+终身误+枉凝眉+恨无常+分骨肉+乐中悲+世难容+喜冤家+虚花悟+聪明累+留馀庆+晚韶华+好事终+收尾）；承/结：警幻授云雨之事、宝玉与可卿缱绻，迷津惊梦呼""可卿""，秦氏纳闷小名为何在梦中被唤出，结尾诗句",05-017,05-018,high,由W33事件按回内顺序聚合；本时段含1个场组候选。
TB-006-001,6,第六回　贾宝玉初试云雨情　刘姥姥一进荣国府,1,第6回开端时段,起：题曰诗：朝叩富儿门，富儿犹未足；承/结：刘姥姥带板儿至荣府大门，不敢近前，绕至角门，门上人冷淡，老年人指路至后门；找到周瑞家的，叙旧，周瑞家的猜出来意，介绍凤姐主管家务，答应引见；起：题曰诗：朝叩富儿门，富儿犹未足；承/结：刘姥姥带板儿至荣府大门，不敢近前，绕至角门，门上人冷淡，老年人指路至后门；找到周瑞家的，叙旧，周瑞家的猜出来意，介绍凤姐主管家务，答应引见,06-001,06-006,high,由W33事件按回内顺序聚合；本时段含1个场组候选。
TB-007-001,7,第七回　送宮花周瑞嘆英蓮　談肄業秦鐘結寶玉,1,第7回开端时段,起：第七回题曰诗：十二花容色最新；周瑞家的转赴梨香院，见薛宝钗闲坐患病；薛宝钗述冷香丸配方，奇方异药；承/结：送宫花给迎春、探春，二人正在对弈；送花给惜春，惜春与智能儿笑谈剃头作姑子；周瑞家的途中遇女儿，谈女婿冷子兴打官司；送花给黛玉，黛玉冷语：别人不挑剩的也不给我；起：第七回题曰诗：十二花容色最新；周瑞家的转赴梨香院，见薛宝钗闲坐患病；薛宝钗述冷香丸配方，奇方异药；承/结：送宫花给迎春、探春，二人正在对弈；送花给惜春，惜春与智能儿笑谈剃头作姑子；周瑞家的途中遇女儿，谈女婿冷子兴打官司；送花给黛玉，黛玉冷语：别人不挑剩的也不给我,07-001,07-009,high,由W33事件按回内顺序聚合；本时段含1个场组候选。
TB-007-002,7,第七回　送宮花周瑞嘆英蓮　談肄業秦鐘結寶玉,2,第7回收束时段,起：凤姐处理家务：听王夫人转述甲家消息及明日赴宁府活动；承/结：送秦钟回家途中，焦大酉骂，暗骂宁府丑闻；凤姐宝玉回荣府，宝玉问「爬灰」被袭人训讫；第七回结尾诗句：天下无能尽惨事，上来都是奇栌栌；起：凤姐处理家务：听王夫人转述甲家消息及明日赴宁府活动；承/结：送秦钟回家途中，焦大酉骂，暗骂宁府丑闻；凤姐宝玉回荣府，宝玉问「爬灰」被袭人训讫；第七回结尾诗句：天下无能尽惨事，上来都是奇栌栌,07-010,07-018,high,由W33事件按回内顺序聚合；本时段含1个场组候选。
TB-008-001,8,第八回　薛寶釵小恙梨香院　賈寶玉大醉絳芸軒,1,第8回开端时段,起：凤姐宝玉回贾母，推介秦钟，贾母喜悦，次日赴宁府看戏；承/结：次日秦钟拜见贾母，贾母喜悦并封赏，嘴嘱定同入家塾；秦业家世揭示：秦可卿为养生堂抱来，秦业资资置办贽见礼；第八回结尾诗句：早知日後闲争气，岂肯今朝错读书；起：凤姐宝玉回贾母，推介秦钟，贾母喜悦，次日赴宁府看戏；承/结：次日秦钟拜见贾母，贾母喜悦并封赏，嘴嘱定同入家塾；秦业家世揭示：秦可卿为养生堂抱来，秦业资资置办贽见礼；第八回结尾诗句：早知日後闲争气，岂肯今朝错读书,08-001,08-015,high,由W33事件按回内顺序聚合；本时段含1个场组候选。
TB-009-001,9,第九回　戀風流情友入家塾　起嫌疑頑童鬧學堂,1,第9回开端时段,起：秦业父子专候贾家人来送上学择日之信，宝玉急于与秦钟相会，择定后日上学；袭人送行叮嘱宝玉念书添衣保重身体；宝玉辞见贾母王夫人，书房见贾政遭冷笑斥责，李贵呦呦鹿鸣令满座大笑；承/结：秦钟与香怜后院私会，被金荣撞见挑衅揭破；贾瑞偏袒金荣，秦钟香怜讨没趣，玉爱与金荣角口；茗烟为宝玉打抱不平，率先动手，学堂大乱，贾蔷居中调度；李贵压场平息，宝玉扬言回禀太爷，贾瑞央告求情；金荣次日当众向秦钟磕头赔礼，此事方才了结；起：秦业父子专候贾家人来送上学择日之信，宝玉急于与秦钟相会，择定后日上学；袭人送行叮嘱宝玉念书添衣保重身体；宝玉辞见贾母王夫人，书房见贾政遭冷笑斥责，李贵呦呦鹿鸣令满座大笑；承/结：秦钟与香怜后院私会，被金荣撞见挑衅揭破；贾瑞偏袒金荣，秦钟香怜讨没趣，玉爱与金荣角口；茗烟为宝玉打抱不平，率先动手，学堂大乱，贾蔷居中调度；李贵压场平息，宝玉扬言回禀太爷，贾瑞央告求情；金荣次日当众向秦钟磕头赔礼，此事方才了结,09-001,09-011,high,由W33事件按回内顺序聚合；本时段含1个场组候选。
TB-010-001,10,第十回　金寡妇貢利權受辱　張太醫論病細窮源,1,第10回开端时段,起：金荣回家越想越气，咕咕嘟嘟抱怨秦钟仗势欺人；胡氏勝说金荣仐势利害，金荣忍气吞声次日上学；承/结：贾珍回内，尤氏转述瑩大奶奶来意，贾珍提马冯紫英荐张友士，已打发人请去；尤氏问太爷寿日安排，贾珍转述太爷意愿，贾蓉奉命备席并请西府众人；起：金荣回家越想越气，咕咕嘟嘟抱怨秦钟仗势欺人；胡氏勝说金荣仐势利害，金荣忍气吞声次日上学；承/结：贾珍回内，尤氏转述瑩大奶奶来意，贾珍提马冯紫英荐张友士，已打发人请去；尤氏问太爷寿日安排，贾珍转述太爷意愿，贾蓉奉命备席并请西府众人,10-001,10-010,high,由W33事件按回内顺序聚合；本时段含1个场组候选。
TB-010-002,10,第十回　金寡妇貢利權受辱　張太醫論病細窮源,2,第10回收束时段,贾蓉回报张先生今日精神不支不能来，明日务必到府；次日张太医到府，贾珍延入大厅客居、入内室诊脉，详述左寸沉数等四部脉案；张先生析病因：心性高强聰明忤过思虑伤脾，开益气养荣补脾和肝汤方；张先生谈预后：今冬不础、弹分可望全愈，贾蓉送客，尤氏贾珍讨论药方，命人燎药给秦氏吃；贾蓉回报张先生今日精神不支不能来，明日务必到府；次日张太医到府，贾珍延入大厅客居、入内室诊脉，详述左寸沉数等四部脉案；张先生析病因：心性高强聰明忤过思虑伤脾，开益气养荣补脾和肝汤方；张先生谈预后：今冬不础、弹分可望全愈，贾蓉送客，尤氏贾珍讨论药方，命人燎药给秦氏吃,10-011,10-014,high,由W33事件按回内顺序聚合；本时段含1个场组候选。
TB-011-001,11,第十一回　庆寿辰宁府排家宴　见熙凤贾瑞起淫心,1,第11回开端时段,起：贾敬寿辰当日，贾珍安排送寿礼、差贾蓉到贾敬处请安并回居；贾琏贾蔷先到宁府查看座位，家人陈述小戏班子已在园子预备；承/结：邢王二夫人、凤姐宝玉到宁府，众人聊贾母未来原因及秦氏病情；贾蓉汇报贾敬处平安、诗文刷印事宜，各王府公府送寿礼名帖；起：丗人在宁府健谈吃饥，凤姐机智应对领寿话题；贾蓉汇报各王府公府送寿礼名帖，众人往会芳园听戏；承/结：凤姐宝玉探视秦氏，秦氏挣扎起身被凤姐拉住；秦氏向凤姐倾诉无福之感，自言未必能熬过年；宝玉触景忆太虚幻境，闻秦氏病语如万箭攒心，不觉落泪；凤姐劝宝玉离去，再独刻秦氏心里话，秦氏慎言如一基之氣不若游丝,11-001,11-010,high,由W33事件按回内顺序聚合；本时段含2个场组候选。
TB-011-002,11,第十一回　庆寿辰宁府排家宴　见熙凤贾瑞起淫心,2,第11回第2叙事时段,起：凤姐离开秦氏房后独行园中，秋景黄花白柳一喨肇然；凤姐游园遇贾瑞，贾瑞假山后调戏凤姐；凤姐心中暗念贾瑞起淫心，决意设局教训他；承/结：贾蓉回报送寿礼与阴骘文刷印，凤姐追问秦氏今日病况；起：饭毕入园前，凤姐宝玉转往秦氏房中探病；承/结：秦氏向凤姐诉无福，感念公婆与众人厚待而自知难熬过年,11-011,11-024,high,由W33事件按回内顺序聚合；本时段含2个场组候选。
TB-011-003,11,第十一回　庆寿辰宁府排家宴　见熙凤贾瑞起淫心,3,第11回第3叙事时段,起：宝玉见海棠春睡图忆太虚幻境，闻秦氏病语如万箭攒心；承/结：凤姐低语宽慰秦氏，秦氏言治病治不得命并托凤姐常来看望；起：凤姐入会芳园，园中黄花白柳铺出秋景与幽情；承/结：贾瑞从假山后出，借请安搭讪凤姐并露出觊觎之意,11-025,11-028,high,由W33事件按回内顺序聚合；本时段含2个场组候选。
TB-011-004,11,第十一回　庆寿辰宁府排家宴　见熙凤贾瑞起淫心,4,第11回收束时段,起：凤姐假意含笑周旋贾瑞，识破其心并暗定惩治；承/结：天香楼点戏散席后，贾瑞仍觑凤；其后屡到荣府寻凤姐未遇；起：凤姐假意含笑周旋贾瑞，识破其心并暗定惩治；承/结：天香楼点戏散席后，贾瑞仍觑凤；其后屡到荣府寻凤姐未遇,11-029,11-030,high,由W33事件按回内顺序聚合；本时段含1个场组候选。
TB-012-001,12,第十二回　王熙凤毒设相思局　贾天祥正照风月鉴,1,第12回开端时段,起：凤姐假意殐勤接待贾瑞，调情并约体局穿堂候命；贾瑞夜入穿堂被锁冻一夜，天亮浃逿回家却挤了祖父厕打；承/结：贾瑞相思成病，不上一年七傅诈症并齐唱碑倘；代儒荣府求独参汤，凤姐敷衍了事，将渣末泡须凑了几錢准折二两送去；起：凤姐假意殐勤接待贾瑞，调情并约体局穿堂候命；贾瑞夜入穿堂被锁冻一夜，天亮浃逿回家却挤了祖父厕打；承/结：贾瑞相思成病，不上一年七傅诈症并齐唱碑倘；代儒荣府求独参汤，凤姐敷衍了事，将渣末泡须凑了几錢准折二两送去,12-001,12-007,high,由W33事件按回内顺序聚合；本时段含1个场组候选。
TB-012-002,12,第十二回　王熙凤毒设相思局　贾天祥正照风月鉴,2,第12回收束时段,起：跳足道人赐风月宝鉴，告讫只照背面；贾瑞照正面入镜与凤姐云雨，三四次后被铁索锁走毛醟身亡；代儒夠星要烧风月宝鉴，道人突然现身夹鉴而去，贾瑞丢爷溃女熏紗箕手；承/结：林如海来信病重，贾母打发黑林随贾琴回扬州；起：跳足道人赐风月宝鉴，告讫只照背面；贾瑞照正面入镜与凤姐云雨，三四次后被铁索锁走毛醟身亡；代儒夠星要烧风月宝鉴，道人突然现身夹鉴而去，贾瑞丢爷溃女熏紗箕手；承/结：林如海来信病重，贾母打发黑林随贾琴回扬州,12-008,12-011,high,由W33事件按回内顺序聚合；本时段含1个场组候选。
TB-013-001,13,第十三回　秦可卿死封龙禁尉　王熙凤协理宁国府,1,第13回开端时段,起：凤姐灯下夜梦秦氏托付心愿并赠谶语；秦可卿死讯传出，贾府合家悲悼纳罕；宝玉闻噩耗吐血，急赴宁国府痛哭见众；承/结：贾珍忧内务无人，宝玉荐凤姐协理宁国府；贾珍入内恳请，王夫人终允凤姐代管宁府内务；贾珍交出宁府对牌，凤姐正式接手协理一月；起：凤姐灯下夜梦秦氏托付心愿并赠谶语；秦可卿死讯传出，贾府合家悲悼纳罕；宝玉闻噩耗吐血，急赴宁国府痛哭见众；承/结：贾珍忧内务无人，宝玉荐凤姐协理宁国府；贾珍入内恳请，王夫人终允凤姐代管宁府内务；贾珍交出宁府对牌，凤姐正式接手协理一月,13-001,13-011,high,由W33事件按回内顺序聚合；本时段含1个场组候选。
TB-013-002,13,第十三回　秦可卿死封龙禁尉　王熙凤协理宁国府,2,第13回收束时段,女眷散后，凤姐留下先理宁府内务头绪；凤姐静坐梳理宁府五弊，回末以齐家之句收束；女眷散后，凤姐留下先理宁府内务头绪；凤姐静坐梳理宁府五弊，回末以齐家之句收束,13-012,13-013,high,由W33事件按回内顺序聚合；本时段含1个场组候选。
TB-014-001,14,第十四回　林如海捐馆扬州城　贾宝玉路谒北静王,1,第14回开端时段,起：来升预警众人谨慎应对凤姐，来旺媳妇先来领纸札；凤姐查册召众，并先放狠话立规矩；凤姐细分差事并制定宁府治丧作息时辰；承/结：凤姐发放物资逐一登记，宁府诸弊次日尽除；凤姐威令既行，又日日顾看贾珍尤氏饮食起居；起：来升预警众人谨慎应对凤姐，来旺媳妇先来领纸札；凤姐查册召众，并先放狠话立规矩；凤姐细分差事并制定宁府治丧作息时辰；承/结：凤姐发放物资逐一登记，宁府诸弊次日尽除；凤姐威令既行，又日日顾看贾珍尤氏饮食起居,14-001,14-005,high,由W33事件按回内顺序聚合；本时段含1个场组候选。
TB-014-002,14,第十四回　林如海捐馆扬州城　贾宝玉路谒北静王,2,第14回第2叙事时段,起：五七日凤姐黎明赴宁府，在灵前放声大哭带动众人；凤姐点名时抓到一名迎送亲客的人迟到受审；承/结：秦钟议牌，宝玉闹牌，昭儿来报林如海已逝；凤姐夜里细问昭儿并打点衣物，嘱其路上小心侍候；起：五七日凤姐黎明赴宁府，在灵前放声大哭带动众人；凤姐点名时抓到一名迎送亲客的人迟到受审；承/结：秦钟议牌，宝玉闹牌，昭儿来报林如海已逝；凤姐夜里细问昭儿并打点衣物，嘱其路上小心侍候,14-006,14-015,high,由W33事件按回内顺序聚合；本时段含1个场组候选。
TB-014-003,14,第十四回　林如海捐馆扬州城　贾宝玉路谒北静王,3,第14回收束时段,起：贾珍赴铁槛寺踏看寄灵之所并预备接灵陈设；凤姐多线兼顾送殡贺礼家事医药，日夜筹划仍获合族称叹；伴宿夜凤姐独自周旋承应，请灵时宝珠摔丧哀苦；承/结：各路王孙公子与官客送殡，车轿执事绵延数里；四王路祭铺陈，北静王水溶素服亲临并设路奠；贾珍贾赦贾政迎谒北静王，水溶命长府官代奠；水溶指名欲见宝玉，宝玉闻贤王召见欣然而往；起：贾珍赴铁槛寺踏看寄灵之所并预备接灵陈设；凤姐多线兼顾送殡贺礼家事医药，日夜筹划仍获合族称叹；伴宿夜凤姐独自周旋承应，请灵时宝珠摔丧哀苦；承/结：各路王孙公子与官客送殡，车轿执事绵延数里；四王路祭铺陈，北静王水溶素服亲临并设路奠；贾珍贾赦贾政迎谒北静王，水溶命长府官代奠；水溶指名欲见宝玉，宝玉闻贤王召见欣然而往,14-016,14-022,high,由W33事件按回内顺序聚合；本时段含1个场组候选。
TB-015-001,15,第十五回　王凤姐弄权铁槛寺　秦鲸卿得趣馒头庵,1,第15回开端时段,起：北静王路祭见宝玉，赏念珠并当面劝学；凤姐忧宝玉失闪，带他与秦钟脱队入庄暂歇；宝玉秦钟游庄识农具与纺车，二丫头出场纺线；宝玉惦记二丫头，众人回归铁槛寺并安灵设坛；承/结：秦钟夜会智能被宝玉撞破，次日宝玉又央凤姐再住；凤姐暗命来旺儿办妥净虚所托，秦钟智能含恨而别；起：北静王路祭见宝玉，赏念珠并当面劝学；凤姐忧宝玉失闪，带他与秦钟脱队入庄暂歇；宝玉秦钟游庄识农具与纺车，二丫头出场纺线；宝玉惦记二丫头，众人回归铁槛寺并安灵设坛；承/结：秦钟夜会智能被宝玉撞破，次日宝玉又央凤姐再住；凤姐暗命来旺儿办妥净虚所托，秦钟智能含恨而别,15-001,15-009,high,由W33事件按回内顺序聚合；本时段含1个场组候选。
TB-016-001,16,第十六回　贾元春才选凤藻宫　秦鲸卿夭逝黄泉路,1,第16回开端时段,起：秦钟病中失约，宝玉盼其痊愈后再同读夜书；承/结：智能私逃探病致秦业气死，宝玉闷惘中苦盼黛玉归来；宝黛重逢悲喜交集，宝玉赠北静王香串却被黛玉嫌弃；起：秦钟病中失约，宝玉盼其痊愈后再同读夜书；承/结：智能私逃探病致秦业气死，宝玉闷惘中苦盼黛玉归来；宝黛重逢悲喜交集，宝玉赠北静王香串却被黛玉嫌弃,16-001,16-006,high,由W33事件按回内顺序聚合；本时段含1个场组候选。
TB-016-002,16,第十六回　贾元春才选凤藻宫　秦鲸卿夭逝黄泉路,2,第16回收束时段,起：贾琏归房，凤姐自述操持家务与协理宁府的辛劳；平儿密告利钱银子，凤姐顺势遮掩，赵嬷嬷来讨差使；赵嬷嬷追忆接驾旧事，蓉薔报省亲工程与苏州采办；承/结：省亲工程大兴土木，宝玉探秦钟临终，秦魂劝归功名；起：贾琏归房，凤姐自述操持家务与协理宁府的辛劳；平儿密告利钱银子，凤姐顺势遮掩，赵嬷嬷来讨差使；赵嬷嬷追忆接驾旧事，蓉薔报省亲工程与苏州采办；承/结：省亲工程大兴土木，宝玉探秦钟临终，秦魂劝归功名,16-007,16-010,high,由W33事件按回内顺序聚合；本时段含1个场组候选。
TB-017-001,17,第十七回　会芳园试才题对额　贾宝玉机敏动诸宾,1,第17回开端时段,起：秦钟既葬后宝玉哀痛不已，园成待题，贾政率客入园；宝玉在园中被贾政撞见，只得跟随众客一同游园；众人先观园门与翠嶂障景，从羊肠小径入山口；承/结：至正殿牌坊前，宝玉似有所感却一时题穷；众人略览余景至海棠芭蕉院，宝玉提出红香绿玉；众人误入玲珑隔屋后由贾珍导出，宝玉终被贾政遣回；起：秦钟既葬后宝玉哀痛不已，园成待题，贾政率客入园；宝玉在园中被贾政撞见，只得跟随众客一同游园；众人先观园门与翠嶂障景，从羊肠小径入山口；承/结：至正殿牌坊前，宝玉似有所感却一时题穷；众人略览余景至海棠芭蕉院，宝玉提出红香绿玉；众人误入玲珑隔屋后由贾珍导出，宝玉终被贾政遣回,17-001,17-013,high,由W33事件按回内顺序聚合；本时段含1个场组候选。
TB-018-001,18,第十八回　林黛玉误剪香囊袋　贾元春归省庆元宵,1,第18回开端时段,起：宝玉出园后被小厮讨赏，身上佩物尽被解去送回贾母处；黛玉误会荷包送人，赌气剪香囊，宝玉出示珍藏荷包赔不是；贾母知宝黛在一处任其开怀，二人终复和好同往王夫人处；承/结：贾蔷率女戏承应，龄官独得青眼并额外受赏；太监按例发放大批赏赐，自贾母以下及执役人等各有分例；起：宝玉出园后被小厮讨赏，身上佩物尽被解去送回贾母处；黛玉误会荷包送人，赌气剪香囊，宝玉出示珍藏荷包赔不是；贾母知宝黛在一处任其开怀，二人终复和好同往王夫人处；承/结：贾蔷率女戏承应，龄官独得青眼并额外受赏；太监按例发放大批赏赐，自贾母以下及执役人等各有分例,18-001,18-014,high,由W33事件按回内顺序聚合；本时段含1个场组候选。
TB-018-002,18,第十八回　林黛玉误剪香囊袋　贾元春归省庆元宵,2,第18回收束时段,丑时回銮在即，元妃含泪辞别，再三劝家中勿再奢华靡费；丑时回銮在即，元妃含泪辞别，再三劝家中勿再奢华靡费,18-015,18-015,high,由W33事件按回内顺序聚合；本时段含1个场组候选。
TB-019-001,19,第十九回　情切切良宵花解语　意绵绵静日玉生香,1,第19回开端时段,起：省亲后众人疲惫收尾，袭人回家吃年茶，宝玉赴宁府看戏前留酥酪给袭人；宁府戏文喧闹不堪，宝玉走开闲逛，撞破茗烟与丫头私会；承/结：黛玉见宝玉脸上血渍与袖间香气，二人围绕暖香冷香反复打趣；宝玉编出香玉故事戏谑黛玉，宝钗入场接话，末尾忽转向宝玉房中喧闹；起：省亲后众人疲惫收尾，袭人回家吃年茶，宝玉赴宁府看戏前留酥酪给袭人；宁府戏文喧闹不堪，宝玉走开闲逛，撞破茗烟与丫头私会；承/结：黛玉见宝玉脸上血渍与袖间香气，二人围绕暖香冷香反复打趣；宝玉编出香玉故事戏谑黛玉，宝钗入场接话，末尾忽转向宝玉房中喧闹,19-001,19-012,high,由W33事件按回内顺序聚合；本时段含1个场组候选。
TB-020-001,20,第二十回　王熙凤正言弹妒意　林黛玉俏语谑娇音,1,第20回开端时段,起：李嬷嬷辱骂袭人，凤姐赶来排解，袭人又劝宝玉忍气；袭人服药静养，宝玉回房后见麝月独自守屋；承/结：史湘云来访，黛玉听宝玉自宝钗处来便赌气回房；宝玉追到黛玉房中解释，二人争到死活之语，宝钗来唤人；宝玉再回黛玉房中，以亲疏先后之理剖白真心；湘云赶来插话，黛玉取笑咬舌，话锋终落到宝钗身上；起：李嬷嬷辱骂袭人，凤姐赶来排解，袭人又劝宝玉忍气；袭人服药静养，宝玉回房后见麝月独自守屋；承/结：史湘云来访，黛玉听宝玉自宝钗处来便赌气回房；宝玉追到黛玉房中解释，二人争到死活之语，宝钗来唤人；宝玉再回黛玉房中，以亲疏先后之理剖白真心；湘云赶来插话，黛玉取笑咬舌，话锋终落到宝钗身上,20-001,20-010,high,由W33事件按回内顺序聚合；本时段含1个场组候选。
TB-021-001,21,第二十一回　賢襲人嬌嗔箴寶玉　俏平兒軟語救賈璉,1,第21回开端时段,起：湘云躲黛玉，宝玉调停，众人赴饭；夜归寝，宝玉晨入黛玉房，见二人睡态；承/结：宝玉闷读书令四儿侍，夜冷清对灯；宝玉横心当众人死，自剪烛烹茶读南华经；起：引庄子文：绝圣弃智等一段；宝玉酒兴续写庄子，讥钗玉花麝迷人；承/结：宝玉折玉簪誓听劝，袭人拾簪劝起洗脸；宝玉去上房后，黛玉翻庄子见续文又气又笑题绝,21-001,21-020,high,由W33事件按回内顺序聚合；本时段含2个场组候选。
TB-021-002,21,第二十一回　賢襲人嬌嗔箴寶玉　俏平兒軟語救賈璉,2,第21回第2叙事时段,起：大姐儿病，大夫诊为出痘，凤姐王夫人忙问；凤姐打扫供痘疹娘娘，命平儿打点隔房与裁衣；承/结：贾琏搬外书房，凤姐平儿随王夫人供娘娘；贾琏离凤姐难熬，选小厮出火；起：多官多浑虫与多姑娘儿：轻薄妖调，府中皆得入手；贾琏垂涎多姑娘儿久，内惧娇妻外惧娈童未下手；承/结：多姑娘儿言忌娘娘，贾琏称你就是娘娘，遂成相契；大姐毒尽癍回送娘娘，贾琏搬回与凤姐恩爱,21-021,21-030,high,由W33事件按回内顺序聚合；本时段含2个场组候选。
TB-021-003,21,第二十一回　賢襲人嬌嗔箴寶玉　俏平兒軟語救賈璉,3,第21回收束时段,起：平儿收拾抖出青丝，问贾琏是何物；贾琏抢夺，平儿以告凤姐相胁，贾琏陪笑央求；承/结：凤姐进院见平儿窗外说话，问隔窗何意；贾琏接嘴屋里有虎，平儿答无人不在前，凤姐笑没人才好；起：平儿疑凤姐指己，凤姐笑说不说你说谁，平儿欲说好话走开；凤姐进来骂平儿疯魔要降伏，贾琏笑服平儿；承/结：凤姐说都是贾琏兴他只算账，贾琏啐躲开，凤姐要他别走，下回分解,21-031,21-045,high,由W33事件按回内顺序聚合；本时段含2个场组候选。
TB-022-001,22,第二十二回　聽曲文寶玉悟禪机　製燈迷賈政悲讖語,1,第22回开端时段,起：凤姐与贾琏商量宝钗生日规格；承/结：史湘云被留看戏并备生日针线；起：贾母出资为宝钗设生日戏酒；承/结：宝玉寻黛玉同去赴宝钗生日戏席,22-001,22-004,high,由W33事件按回内顺序聚合；本时段含2个场组候选。
TB-022-002,22,第二十二回　聽曲文寶玉悟禪机　製燈迷賈政悲讖語,2,第22回第2叙事时段,起：众人依次点戏取笑；承/结：黛玉追责眼色偏护宝玉转生无趣；起：宝玉回房称赤条条来去无牵挂；承/结：黛玉宝钗机锋解劝宝玉罢谈禅,22-005,22-014,high,由W33事件按回内顺序聚合；本时段含2个场组候选。
TB-022-003,22,第二十二回　聽曲文寶玉悟禪机　製燈迷賈政悲讖語,3,第22回收束时段,起：元春送灯谜命众人暗猜并各作一谜；承/结：贾母撵贾政并猜荔枝硯台二谜；起：贾政观姊妹谜作心生不祥悲意；承/结：贾政退席后宝玉复活跃众人散灯,22-015,22-020,high,由W33事件按回内顺序聚合；本时段含2个场组候选。
TB-023-001,23,第二十三回　西廂記妙詞通戲語　牡丹亭艷曲警芳心,1,第23回开端时段,起：元春命录题咏并勒石监工；周氏求凤姐安置小沙弥小道士；凤姐教贾琏回话并许芸儿工程；贾芹领差押送僧道赴铁槛寺；承/结：宝玉递会真记黛玉一口气读完全本；宝玉引西厢戏语比黛玉倾国倾城；宝玉赔罪发誓黛玉反以西厢句回击；起：元春命录题咏并勒石监工；周氏求凤姐安置小沙弥小道士；凤姐教贾琏回话并许芸儿工程；贾芹领差押送僧道赴铁槛寺；承/结：宝玉递会真记黛玉一口气读完全本；宝玉引西厢戏语比黛玉倾国倾城；宝玉赔罪发誓黛玉反以西厢句回击,23-001,23-017,high,由W33事件按回内顺序聚合；本时段含1个场组候选。
TB-023-002,23,第二十三回　西廂記妙詞通戲語　牡丹亭艷曲警芳心,2,第23回收束时段,二人葬花方毕袭人来催宝玉回去；黛玉独听牡丹亭曲词触景伤春落泪；二人葬花方毕袭人来催宝玉回去；黛玉独听牡丹亭曲词触景伤春落泪,23-018,23-019,high,由W33事件按回内顺序聚合；本时段含1个场组候选。
TB-024-001,24,第二十四回　醉金剛輕財尚義俠　痴女兒遺帕惹相思,1,第24回开端时段,起：香菱拍黛玉回潇湘馆并同坐吃茶；承/结：邢夫人留饭宝玉回府贾芸再向贾琏打听差事；起：贾芸向卜世仁赊香料反遭讥讽；承/结：贾芸领银买树还倪二银子事务落定,24-001,24-011,high,由W33事件按回内顺序聚合；本时段含2个场组候选。
TB-024-002,24,第二十四回　醉金剛輕財尚義俠　痴女兒遺帕惹相思,2,第24回收束时段,起：宝玉回园欲洗澡房中丫头尽散只剩空屋；承/结：宝玉问小红来历小红回芸儿来访秋纹碧痕撞见；起：秋纹碧痕辱骂小红老嬷嬷传花匠消息小红心动；承/结：小红暗自盘算贾芸来还手帕门边初逗相逢,24-012,24-016,high,由W33事件按回内顺序聚合；本时段含2个场组候选。
TB-025-001,25,第二十五回　魘魔法姊弟逢五鬼　紅樓夢通靈遇雙真,1,第25回开端时段,起：红玉梦后恍惚打扫宝玉隔窗寻看留心；承/结：袭人使红玉借喷壶红玉过桥望见贾芸监工；起：贾环抄经使唤丫鬟彩霞劝他安分反遭顶撞；承/结：马道婆看宝玉谈邪祟海灯贾母许愿供奉,25-001,25-007,high,由W33事件按回内顺序聚合；本时段含2个场组候选。
TB-025-002,25,第二十五回　魘魔法姊弟逢五鬼　紅樓夢通靈遇雙真,2,第25回第2叙事时段,起：马道婆入赵姨娘房索鞋面赵姨娘借机诉怨；承/结：薛蟠乱中护母妹香菱却偷看黛玉；起：众人百般祈禳无效宝凤移上房贾芸守夜；承/结：贾政劝赦听天命不成宝凤垂危备后事,25-008,25-014,high,由W33事件按回内顺序聚合；本时段含2个场组候选。
TB-025-003,25,第二十五回　魘魔法姊弟逢五鬼　紅樓夢通靈遇雙真,3,第25回收束时段,起：宝玉忽言离家赵姨娘劝断气贾母痛骂；承/结：黛玉念佛宝钗借姻缘打趣黛玉红脸离去；起：宝玉忽言离家赵姨娘劝断气贾母痛骂；承/结：黛玉念佛宝钗借姻缘打趣黛玉红脸离去,25-015,25-020,high,由W33事件按回内顺序聚合；本时段含1个场组候选。
TB-026-001,26,第二十六回　蜂腰橋設言傳心事　瀟湘館春困發幽情,1,第26回开端时段,起：宝玉病愈后红玉因手帕心事未解佳蕙来访送赏钱；承/结：贾芸入怡红院探宝玉宝玉闲谈留客不住；起：贾芸套问坠儿索帕确认小红心迹；承/结：薛蟠夸寿礼难得邀宝玉赴书房小宴,26-001,26-012,high,由W33事件按回内顺序聚合；本时段含2个场组候选。
TB-026-002,26,第二十六回　蜂腰橋設言傳心事　瀟湘館春困發幽情,2,第26回第2叙事时段,起：薛蟠误认唐寅为庚黄众人取笑；承/结：冯紫英来访说铁网山打围有大不幸中大幸；起：冯紫英不肯久留约八九日后设宴细谈；承/结：黛玉独立花阴悲泣惊起宿鸟栖鸦,26-013,26-019,high,由W33事件按回内顺序聚合；本时段含2个场组候选。
TB-026-003,26,第二十六回　蜂腰橋設言傳心事　瀟湘館春困發幽情,3,第26回收束时段,诗赞颦儿幽芳独抱院门忽开留悬念；诗赞颦儿幽芳独抱院门忽开留悬念,26-020,26-020,high,由W33事件按回内顺序聚合；本时段含1个场组候选。
TB-027-001,27,第二十七回　滴翠亭楊妃戲彩蝶　埋香冢飛燕泣殘紅,1,第27回开端时段,起：黛玉见宝钗出院宝玉送客后独自洒泪回房；黛玉彻夜枯坐芒种将至园中众人饯花神；承/结：宝玉见落花知黛玉赌气独自捧花往旧日葬花处去；黛玉于花冢前悲吟葬花词以花自况尽诉身世之哀；宝玉听罢葬花吟一时痴倒；起：黛玉见宝钗出院宝玉送客后独自洒泪回房；黛玉彻夜枯坐芒种将至园中众人饯花神；承/结：宝玉见落花知黛玉赌气独自捧花往旧日葬花处去；黛玉于花冢前悲吟葬花词以花自况尽诉身世之哀；宝玉听罢葬花吟一时痴倒,27-001,27-013,high,由W33事件按回内顺序聚合；本时段含1个场组候选。
TB-028-001,28,第二十八回　蔣玉菡情贈茜香羅　薛寶釵羞籠紅麝串,1,第28回开端时段,起：黛玉葬花伤春宝玉闻诗推及众人无常而慟倒；承/结：宝玉夸药方珍贵凤姐证其不虚黛玉背后羞他；起：宝玉向黛玉分说撒谎事黛玉先行去吃饭；承/结：云儿行令唱豆蔻曲薛蟠席间插科打诨,28-001,28-012,high,由W33事件按回内顺序聚合；本时段含2个场组候选。
TB-028-002,28,第二十八回　蔣玉菡情贈茜香羅　薛寶釵羞籠紅麝串,2,第28回收束时段,起：薛蟠行令粗鄙胡诌唱哼哼韵惹众人哄笑；承/结：宝玉见节礼分配起疑金玉亲疏并命紫绡送物与黛玉；起：宝黛再谈金玉亲疏疑心宝钗旁见而避；承/结：宝玉看宝钗褪红麝串发怔黛玉讥作呆雁以帕掷面,28-013,28-020,high,由W33事件按回内顺序聚合；本时段含2个场组候选。
TB-029-001,29,第二十九回　享福人福深還禱福　痴情女情重愈斟情,1,第29回开端时段,起：黛玉失手以帕甩中宝玉眼睛并借呆雁打趣；承/结：清虚观出行车马纷纭凤姐失手打翻小道士；起：贾母怜惜小道士命贾珍带下并赏钱；承/结：张道士请安夸宝玉似国公爷并试探提亲,29-001,29-008,high,由W33事件按回内顺序聚合；本时段含2个场组候选。
TB-029-002,29,第二十九回　享福人福深還禱福　痴情女情重愈斟情,2,第29回第2叙事时段,起：凤姐拿寄名符打趣张道士众人哄笑；承/结：张道士送回通灵玉与法器贺礼宝玉欲施舍穷人；起：众人登楼归坐贾珍回报神前所拈戏目；承/结：宝玉探病黛玉一句看戏引出好姻缘争执,29-009,29-015,high,由W33事件按回内顺序聚合；本时段含2个场组候选。
TB-029-003,29,第二十九回　享福人福深還禱福　痴情女情重愈斟情,3,第29回第3叙事时段,起：宝黛各藏真心却以假意试探愈生误会；承/结：婆子报信惊动贾母王夫人入园查问责人；起：薛蟠生日看戏宝黛都不赴宴各自后悔；承/结：贾母叹不是冤家不聚头宝黛隔院同悲,29-016,29-022,high,由W33事件按回内顺序聚合；本时段含2个场组候选。
TB-029-004,29,第二十九回　享福人福深還禱福　痴情女情重愈斟情,4,第29回收束时段,袭人劝宝玉赔不是为下回和解预收；袭人劝宝玉赔不是为下回和解预收,29-023,29-023,high,由W33事件按回内顺序聚合；本时段含1个场组候选。
TB-030-001,30,第三十回　寶釵借扇机帶雙敲　齡官划薔痴及局外,1,第30回开端时段,起：黛玉闷闷自悔紫鹃劝其承认自己也有不是；承/结：宝玉冒热上门赔不是紫鹃开门让入；起：宝黛对哭互诉和尚誓言又起波澜；承/结：宝玉午后游至王夫人上房见金钏儿捶腿,30-001,30-008,high,由W33事件按回内顺序聚合；本时段含2个场组候选。
TB-030-002,30,第三十回　寶釵借扇机帶雙敲　齡官划薔痴及局外,2,第30回收束时段,起：宝玉调笑金钏儿被王夫人撞见怒打驱责；承/结：端阳将近宝官玉官雨阻怡红院内嬉戏；起：宝玉雨中扣门半日袭人隔缝认出开门；承/结：夜里袭人咯血宝玉秉灯照见大惊,30-009,30-017,high,由W33事件按回内顺序聚合；本时段含2个场组候选。
TB-031-001,31,第三十一回　撕扇子作千金一笑　因麒麟伏白首雙星,1,第31回开端时段,起：袭人见血自惊宝玉连夜问医调治；承/结：端阳午宴众人淡淡无兴散席；起：黛玉论喜散宝玉闷归晴雯跌扇挨说；承/结：史湘云来到众人笑谈其往日淘气,31-001,31-008,high,由W33事件按回内顺序聚合；本时段含2个场组候选。
TB-031-002,31,第三十一回　撕扇子作千金一笑　因麒麟伏白首雙星,2,第31回收束时段,起：宝玉湘云说戒指与金麒麟黛玉冷讽；承/结：湘云翠缕游园论阴阳至蔷薇架下；起：湘云蔷薇架下拾得大金麒麟藏起同宝玉去怡红院；承/结：宝玉怡红院中寻失麒麟湘云撒手归还,31-009,31-012,high,由W33事件按回内顺序聚合；本时段含2个场组候选。
TB-032-001,32,第三十二回　訴肺腑心迷活寶玉　含恥辱情烈死金釧,1,第32回开端时段,起：湘云送戒指与袭人话旧并触及宝钗黛玉；承/结：袭人惊惧宝玉误言宝钗来问外头情形；起：湘云送戒指与袭人话旧并触及宝钗黛玉；承/结：袭人惊惧宝玉误言宝钗来问外头情形,32-001,32-006,high,由W33事件按回内顺序聚合；本时段含1个场组候选。
TB-032-002,32,第三十二回　訴肺腑心迷活寶玉　含恥辱情烈死金釧,2,第32回收束时段,起：宝钗劝袭人体谅湘云家计并允代做针线；承/结：宝钗取衣回见宝玉在王夫人旁垂泪；起：宝钗劝袭人体谅湘云家计并允代做针线；承/结：宝钗取衣回见宝玉在王夫人旁垂泪,32-007,32-010,high,由W33事件按回内顺序聚合；本时段含1个场组候选。
TB-033-001,33,第三十三回　手足耽耽小動唇舌　不肖種種大承笞撻,1,第33回开端时段,起：宝玉伤金钏之死失魂撞见贾政受诘；承/结：宝玉被贾政痛打王夫人哭护求死相抵；起：宝玉伤金钏之死失魂撞见贾政受诘；承/结：宝玉被贾政痛打王夫人哭护求死相抵,33-001,33-006,high,由W33事件按回内顺序聚合；本时段含1个场组候选。
TB-033-002,33,第三十三回　手足耽耽小動唇舌　不肖種種大承笞撻,2,第33回第2叙事时段,起：王夫人哭珠儿贾母赶来怒斥贾政；承/结：众人抬宝玉入贾母房贾政灰心自悔；起：王夫人哭珠儿贾母赶来怒斥贾政；承/结：众人抬宝玉入贾母房贾政灰心自悔,33-007,33-008,high,由W33事件按回内顺序聚合；本时段含1个场组候选。
TB-033-003,33,第三十三回　手足耽耽小動唇舌　不肖種種大承笞撻,3,第33回收束时段,袭人问焙茗得知薛蟠挑火贾环告密两重缘由；袭人问焙茗得知薛蟠挑火贾环告密两重缘由,33-009,33-009,high,由W33事件按回内顺序聚合；本时段含1个场组候选。
TB-034-001,34,第三十四回　情中情因情感妹妹　錯里錯以錯勸哥哥,1,第34回开端时段,起：袭人验伤宝钗送药劝慰宝玉；承/结：宝玉梦见琪官金钏黛玉含泪来探；起：袭人验伤宝钗送药劝慰宝玉；承/结：宝玉梦见琪官金钏黛玉含泪来探,34-001,34-003,high,由W33事件按回内顺序聚合；本时段含1个场组候选。
TB-034-002,34,第三十四回　情中情因情感妹妹　錯里錯以錯勸哥哥,2,第34回第2叙事时段,起：王夫人问伤赐香露袭人回明调养情形；承/结：薛蟠被误指告密与母妹大闹说漏金玉；起：王夫人问伤赐香露袭人回明调养情形；承/结：薛蟠被误指告密与母妹大闹说漏金玉,34-004,34-009,high,由W33事件按回内顺序聚合；本时段含1个场组候选。
TB-034-003,34,第三十四回　情中情因情感妹妹　錯里錯以錯勸哥哥,3,第34回收束时段,宝钗哭归黛玉花下讥其泪医不得棒疮；宝钗哭归黛玉花下讥其泪医不得棒疮,34-010,34-010,high,由W33事件按回内顺序聚合；本时段含1个场组候选。
TB-035-001,35,第三十五回　白玉釧親嘗蓮葉羹　黃金鶯巧結梅花絡,1,第35回开端时段,起：黛玉花阴遥望众人探望宝玉；承/结：宝钗回家哭诉薛蟠赔罪；起：黛玉花阴遥望众人探望宝玉；承/结：宝钗回家哭诉薛蟠赔罪,35-001,35-004,high,由W33事件按回内顺序聚合；本时段含1个场组候选。
TB-035-002,35,第三十五回　白玉釧親嘗蓮葉羹　黃金鶯巧結梅花絡,2,第35回第2叙事时段,起：薛蟠自责求和母妹稍解；承/结：宝玉请莺儿打绦众人转往上房设席；起：薛蟠自责求和母妹稍解；承/结：宝玉请莺儿打绦众人转往上房设席,35-005,35-010,high,由W33事件按回内顺序聚合；本时段含1个场组候选。
TB-035-003,35,第三十五回　白玉釧親嘗蓮葉羹　黃金鶯巧結梅花絡,3,第35回收束时段,起：上房设席荷叶汤命玉钏莺儿送去；承/结：宝玉听莺儿称宝钗好处并请络玉；起：上房设席荷叶汤命玉钏莺儿送去；承/结：宝玉听莺儿称宝钗好处并请络玉,35-011,35-016,high,由W33事件按回内顺序聚合；本时段含1个场组候选。
TB-036-001,36,第三十六回　繡鴛鴦夢兆絳芸軒　識分定情悟梨香院,1,第36回开端时段,起：贾母命宝玉暂避外客；承/结：宝玉得意杜绝士流并独敬黛玉；起：凤姐疑礼平儿点破为争分例；承/结：凤姐回王夫人议玉钏加例,36-001,36-004,high,由W33事件按回内顺序聚合；本时段含2个场组候选。
TB-036-002,36,第三十六回　繡鴛鴦夢兆絳芸軒　識分定情悟梨香院,2,第36回第2叙事时段,起：王夫人细问袭人分例仍归老太太；承/结：凤姐出房怒骂妄想分例者；起：宝钗午后入怡红院见宝玉睡袭人守；承/结：袭人与宝玉论去留并说到死,36-005,36-013,high,由W33事件按回内顺序聚合；本时段含2个场组候选。
TB-036-003,36,第三十六回　繡鴛鴦夢兆絳芸軒　識分定情悟梨香院,3,第36回收束时段,起：宝玉大论正死与泪葬之想；承/结：黛玉戏赶蚊劝宝玉赴薛姨妈寿；起：宝玉大论正死与泪葬之想；承/结：黛玉戏赶蚊劝宝玉赴薛姨妈寿,36-014,36-018,high,由W33事件按回内顺序聚合；本时段含1个场组候选。
TB-037-001,37,第三十七回　秋爽斋偶结海棠社　蘅芜苑夜拟菊花题,1,第37回开端时段,起：贾政奉旨出任学差离家；承/结：众人拈阄限韵当场咏海棠；众人焚香限时各自构思成诗；探春作咏白海棠诗；宝钗作咏白海棠诗；宝玉作咏白海棠诗；黛玉作咏白海棠诗；起：贾政奉旨出任学差离家；承/结：众人拈阄限韵当场咏海棠；众人焚香限时各自构思成诗；探春作咏白海棠诗；宝钗作咏白海棠诗；宝玉作咏白海棠诗；黛玉作咏白海棠诗,37-001,37-015,high,由W33事件按回内顺序聚合；本时段含1个场组候选。
TB-037-002,37,第三十七回　秋爽斋偶结海棠社　蘅芜苑夜拟菊花题,2,第37回收束时段,起：众人评海棠诗并定海棠诗社；承/结：宝钗夜劝湘云量力设东；宝钗提议设螃蟹宴代作东；宝钗论诗题不宜刁钻求险；湘云起意改作菊花诗；宝钗湘云议定菊梦问菊等题；宝钗湘云编成十二题菊谱；起：众人评海棠诗并定海棠诗社；承/结：宝钗夜劝湘云量力设东；宝钗提议设螃蟹宴代作东；宝钗论诗题不宜刁钻求险；湘云起意改作菊花诗；宝钗湘云议定菊梦问菊等题；宝钗湘云编成十二题菊谱,37-016,37-033,high,由W33事件按回内顺序聚合；本时段含1个场组候选。
TB-038-001,38,第三十八回　林瀟湘魁奪菊花詩　薛蘅蕪諷和螃蟹詠,1,第38回开端时段,起：湘云邀众赴藕香榭赏桂；承/结：散席后改设诗席并遍及下人；起：湘云张题众人各就诗兴；承/结：众人勾题署号分配十二菊题,38-001,38-008,high,由W33事件按回内顺序聚合；本时段含2个场组候选。
TB-038-002,38,第三十八回　林瀟湘魁奪菊花詩　薛蘅蕪諷和螃蟹詠,2,第38回收束时段,起：前六题咏菊诗次第写成；承/结：后六题咏菊诗续成完卷；起：众人公评咏菊黛玉夺魁；承/结：宝钗蟹咏绝唱讽世平儿复入园,38-009,38-014,high,由W33事件按回内顺序聚合；本时段含2个场组候选。
TB-039-001,39,第三十九回　村老嫗謊談承色笑　癡情子實意覓蹤跡,1,第39回开端时段,起：平儿被留席众人评丫鬟贤能；承/结：刘姥姥夜谈雪地抽柴突遇走水；起：平儿被留席众人评丫鬟贤能；承/结：刘姥姥夜谈雪地抽柴突遇走水,39-001,39-006,high,由W33事件按回内顺序聚合；本时段含1个场组候选。
TB-039-002,39,第三十九回　村老嫗謊談承色笑　癡情子實意覓蹤跡,2,第39回收束时段,起：火后续谈观音送孙宝玉偏记抽柴；承/结：宝玉信茗玉故事遣茗烟寻庙；起：火后续谈观音送孙宝玉偏记抽柴；承/结：宝玉信茗玉故事遣茗烟寻庙,39-007,39-009,high,由W33事件按回内顺序聚合；本时段含1个场组候选。
TB-040-001,40,第四十回　史太君兩宴大觀園　金鴛鴦三宣牙牌令,1,第40回开端时段,起：宝玉献策为湘云还席定园中早宴；李纨开楼备宴刘姥姥插花闹趣；刘姥姥赞大观园并请惜春作画；承/结：众人游潇湘馆刘姥姥跌跤评黛玉书房；贾母讲软烟罗并笑议潇湘馆陈设；起：宝玉献策为湘云还席定园中早宴；李纨开楼备宴刘姥姥插花闹趣；刘姥姥赞大观园并请惜春作画；承/结：众人游潇湘馆刘姥姥跌跤评黛玉书房；贾母讲软烟罗并笑议潇湘馆陈设,40-001,40-005,high,由W33事件按回内顺序聚合；本时段含1个场组候选。
TB-040-002,40,第四十回　史太君兩宴大觀園　金鴛鴦三宣牙牌令,2,第40回收束时段,起：秋爽斋设宴凤鸳设计刘姥姥入席；刘姥姥席间说笑引众人大笑；饭后释疑赔不是并分送剩菜；承/结：绣阁下重设酒席排定众人座次；众人举杯定令鸳鸯受命为令官；鸳鸯三宣牙牌令刘姥姥本色逗笑众人；起：秋爽斋设宴凤鸳设计刘姥姥入席；刘姥姥席间说笑引众人大笑；饭后释疑赔不是并分送剩菜；承/结：绣阁下重设酒席排定众人座次；众人举杯定令鸳鸯受命为令官；鸳鸯三宣牙牌令刘姥姥本色逗笑众人,40-006,40-013,high,由W33事件按回内顺序聚合；本时段含1个场组候选。
TB-041-001,41,第四十一回　賈寶玉品茶攏翠庵　劉姥姥醉臥怡紅院,1,第41回开端时段,起：刘姥姥连饮套杯尝茄鲞醉认黄松；承/结：贾母携刘姥姥散步认鸟说话逗笑众人；起：众人用点心板儿大姐儿争佛手柚子；承/结：宝玉求妙玉赠杯与刘姥姥并议洗地,41-001,41-007,high,由W33事件按回内顺序聚合；本时段含2个场组候选。
TB-041-002,41,第四十一回　賈寶玉品茶攏翠庵　劉姥姥醉臥怡紅院,2,第41回第2叙事时段,起：贾母王夫人歇息众人散坐山石水畔；承/结：刘姥姥迷路误入怡红院镜室醉倒宝玉床；起：众人遍寻刘姥姥袭人推断误入怡红院；承/结：袭人发现刘姥姥醉卧宝玉床并悄然遮掩,41-008,41-012,high,由W33事件按回内顺序聚合；本时段含2个场组候选。
TB-041-003,41,第四十一回　賈寶玉品茶攏翠庵　劉姥姥醉臥怡紅院,3,第41回收束时段,贾母醒后稻香村摆晚饭众人散归；贾母醒后稻香村摆晚饭众人散归,41-013,41-013,high,由W33事件按回内顺序聚合；本时段含1个场组候选。
TB-042-001,42,第四十二回　蘅蕪君蘭言解疑語　瀟湘子雅謔補餘香,1,第42回开端时段,起：刘姥姥辞行凤姐说病并照书送祟；承/结：凤姐命平儿打点刘姥姥回程；起：平儿细点厚礼并私赠衣物乾菜之约；承/结：王太医断贾母无大碍又看大姐儿,42-001,42-006,high,由W33事件按回内顺序聚合；本时段含2个场组候选。
TB-042-002,42,第四十二回　蘅蕪君蘭言解疑語　瀟湘子雅謔補餘香,2,第42回第2叙事时段,起：鸳鸯续赠衣药果盒并送刘姥姥出府；承/结：宝钗审黛玉杂书失言并温言规劝；起：稻香村议惜春画园母蝗虫一语生辉；承/结：携蝗大嚼图笑倒湘云众人取笑惜春,42-007,42-010,high,由W33事件按回内顺序聚合；本时段含2个场组候选。
TB-042-003,42,第四十二回　蘅蕪君蘭言解疑語　瀟湘子雅謔補餘香,3,第42回收束时段,起：宝钗公论惜春画园难处并派宝玉襄助；承/结：宝钗开画具清单黛玉戏说嫁妆单；众人戏闹收束贾母晚间转安,42-011,42-013,high,由W33事件按回内顺序聚合；本时段含2个场组候选。
TB-043-001,43,第四十三回　閒取樂偶攢金慶壽　不了情暫撮土為香,1,第43回开端时段,起：王夫人问安贾母并说凤姐野鸡汤孝敬；承/结：贾母提议为凤姐做生日并邀众人凑分子；起：众人齐集上房排坐候议凤姐生日；承/结：尤氏至荣府收银并退还平儿鸳鸯等分子,43-001,43-008,high,由W33事件按回内顺序聚合；本时段含2个场组候选。
TB-043-002,43,第四十三回　閒取樂偶攢金慶壽　不了情暫撮土為香,2,第43回收束时段,起：社日众人发现宝玉失席袭人回明缘由；承/结：宝玉笑斥茗烟并在庵中吃素议定回城；宝玉回府入席托辞北府吊唁众人释然看戏,43-009,43-015,high,由W33事件按回内顺序聚合；本时段含2个场组候选。
TB-044-001,44,第四十四回　變生不測鳳姐潑醋　喜出望外平兒理妝,1,第44回开端时段,起：贾母命众人轮流敬酒凤姐勉强尽欢；承/结：贾母劝解众人并遣琥珀安慰平儿；起：贾母命众人轮流敬酒凤姐勉强尽欢；承/结：贾母劝解众人并遣琥珀安慰平儿,44-001,44-006,high,由W33事件按回内顺序聚合；本时段含1个场组候选。
TB-044-002,44,第四十四回　變生不測鳳姐潑醋　喜出望外平兒理妝,2,第44回第2叙事时段,起：平儿在园中受劝得贾母体恤；承/结：宝玉感念平儿薄命又喜能尽心；起：平儿在园中受劝得贾母体恤；承/结：宝玉感念平儿薄命又喜能尽心,44-007,44-009,high,由W33事件按回内顺序聚合；本时段含1个场组候选。
TB-044-003,44,第四十四回　變生不測鳳姐潑醋　喜出望外平兒理妝,3,第44回收束时段,起：次日贾琏在贾母前向凤姐平儿赔不是；承/结：凤姐私下向平儿赔情探伤本回收束；起：次日贾琏在贾母前向凤姐平儿赔不是；承/结：凤姐私下向平儿赔情探伤本回收束,44-010,44-013,high,由W33事件按回内顺序聚合；本时段含1个场组候选。
TB-045-001,45,第四十五回　金蘭契互剖金蘭語　風雨夕悶製風雨詞,1,第45回开端时段,起：探春等请凤姐监社并筹措画具；承/结：凤姐应承出银开楼并罚宝玉扫地；起：探春等请凤姐监社并筹措画具；承/结：凤姐应承出银开楼并罚宝玉扫地,45-001,45-002,high,由W33事件按回内顺序聚合；本时段含1个场组候选。
TB-045-002,45,第四十五回　金蘭契互剖金蘭語　風雨夕悶製風雨詞,2,第45回第2叙事时段,起：赖嬷嬷来报孙子得官并训诫做官持家；承/结：秋雨黄昏黛玉感怀作秋窗风雨夕；起：赖嬷嬷来报孙子得官并训诫做官持家；承/结：秋雨黄昏黛玉感怀作秋窗风雨夕,45-003,45-008,high,由W33事件按回内顺序聚合；本时段含1个场组候选。
TB-045-003,45,第四十五回　金蘭契互剖金蘭語　風雨夕悶製風雨詞,3,第45回收束时段,起：宝玉雨夜披蓑探病读诗受灯而去；承/结：紫鹃收起燕窝黛玉夜思宝钗宝玉泪尽方眠；起：宝玉雨夜披蓑探病读诗受灯而去；承/结：紫鹃收起燕窝黛玉夜思宝钗宝玉泪尽方眠,45-009,45-011,high,由W33事件按回内顺序聚合；本时段含1个场组候选。
TB-046-001,46,第四十六回　尷尬人難免尷尬事　鴛鴦女誓絕鴛鴦偶,1,第46回开端时段,起：邢夫人受贾赦之托欲讨鸳鸯凤姐极言不可；承/结：凤姐顺势迎合邢夫人定先说鸳鸯之计；起：邢夫人受贾赦之托欲讨鸳鸯凤姐极言不可；承/结：凤姐顺势迎合邢夫人定先说鸳鸯之计,46-001,46-002,high,由W33事件按回内顺序聚合；本时段含1个场组候选。
TB-046-002,46,第四十六回　尷尬人難免尷尬事　鴛鴦女誓絕鴛鴦偶,2,第46回第2叙事时段,起：邢夫人私下利诱鸳鸯作妾鸳鸯低头不应；承/结：鸳鸯怒斥嫂子卖她求荣袭人平儿代为分辩；起：邢夫人私下利诱鸳鸯作妾鸳鸯低头不应；承/结：鸳鸯怒斥嫂子卖她求荣袭人平儿代为分辩,46-003,46-006,high,由W33事件按回内顺序聚合；本时段含1个场组候选。
TB-046-003,46,第四十六回　尷尬人難免尷尬事　鴛鴦女誓絕鴛鴦偶,3,第46回收束时段,起：宝玉撞见前情陪鸳鸯回怡红院；承/结：探春巧辩解围众人笑谑收束鸳鸯风波；起：宝玉撞见前情陪鸳鸯回怡红院；承/结：探春巧辩解围众人笑谑收束鸳鸯风波,46-007,46-011,high,由W33事件按回内顺序聚合；本时段含1个场组候选。
TB-047-001,47,第四十七回　呆霸王調情遭苦打　冷郎君懼禍走他鄉,1,第47回开端时段,起：邢夫人来探消息败露众人退避；承/结：贾琏触怒贾母贾赦含愧买嫣红收场；起：赖大家宴上薛蟠错认柳湘莲为风月子弟；承/结：宝玉与湘莲小叙秦钟并闻其将远行,47-001,47-008,high,由W33事件按回内顺序聚合；本时段含2个场组候选。
TB-047-002,47,第四十七回　呆霸王調情遭苦打　冷郎君懼禍走他鄉,2,第47回收束时段,起：湘莲佯许深交设局引薛蟠出北门；承/结：北门外葦塘设誓柳湘莲痛打薛蟠；贾蓉寻回薛蟠宝钗劝母压事薛蟠犹怒,47-009,47-011,high,由W33事件按回内顺序聚合；本时段含2个场组候选。
TB-048-001,48,第四十八回　濫情人情誤思游藝　慕雅女雅集苦吟詩,1,第48回开端时段,起：薛蟠伤愈未平闭门装病避见亲友；承/结：薛姨妈不许远行薛蟠赌气坚称要成人立事；起：宝钗劝母放手薛家备行装送薛蟠出门；承/结：薛蟠走后薛姨妈整收书房香菱搬入园住,48-001,48-005,high,由W33事件按回内顺序聚合；本时段含2个场组候选。
TB-048-002,48,第四十八回　濫情人情誤思游藝　慕雅女雅集苦吟詩,2,第48回收束时段,起：宝钗允香菱作伴学诗平儿来报并引见园中；承/结：黛玉命题吟月香菱首作有意而辞不雅；起：香菱苦吟忘形众人远观并笑其诗魔渐深；承/结：众人引看惜春画香菱梦得佳句待下回评,48-006,48-012,high,由W33事件按回内顺序聚合；本时段含2个场组候选。
TB-049-001,49,第四十九回　琉璃世界白雪紅梅　脂粉香娃割腥啖膻,1,第49回开端时段,起：香菱呈新诗求评众人赞其新巧有意；承/结：小丫鬟来报众亲眷齐至众人忙去认亲；起：三家亲眷与薛蝌宝琴会齐入府黛玉触景伤怀；承/结：宝琴随贾母安寝岫烟被安置迎春处凤姐怜惜,49-001,49-006,high,由W33事件按回内顺序聚合；本时段含2个场组候选。
TB-049-002,49,第四十九回　琉璃世界白雪紅梅　脂粉香娃割腥啖膻,2,第49回第2叙事时段,起：李婶与李纹李绮被留住在稻香村；承/结：李纨邀黛玉商议雪天作诗众人约明日芦雪庵结社；起：宝玉晨起见大雪往芦雪庵途中赏栊翠庵红梅；承/结：湘云宝玉平儿凤姐宝琴围炉烤鹿肉黛玉笑讥假清高,49-007,49-017,high,由W33事件按回内顺序聚合；本时段含2个场组候选。
TB-049-003,49,第四十九回　琉璃世界白雪紅梅　脂粉香娃割腥啖膻,3,第49回收束时段,平儿失镯众人入屋见联句题目雪社将启；平儿失镯众人入屋见联句题目雪社将启,49-018,49-018,high,由W33事件按回内顺序聚合；本时段含1个场组候选。
TB-050-001,50,第五十回　蘆雪广爭聯即景詩　暖香塢創製春燈謎,1,第50回开端时段,起：宝钗排次凤姐以一夜北风紧起首联句；众人雪中联句湘云宝琴黛玉争抢成篇；承/结：联句评定后宝玉受罚冒雪访妙玉乞红梅；宝玉携梅归来三客咏红梅宝玉作访妙玉诗；起：宝钗排次凤姐以一夜北风紧起首联句；众人雪中联句湘云宝琴黛玉争抢成篇；承/结：联句评定后宝玉受罚冒雪访妙玉乞红梅；宝玉携梅归来三客咏红梅宝玉作访妙玉诗,50-001,50-004,high,由W33事件按回内顺序聚合；本时段含1个场组候选。
TB-050-002,50,第五十回　蘆雪广爭聯即景詩　暖香塢創製春燈謎,2,第50回第2叙事时段,起：贾母冒雪至芦雪庵赏梅听诗并提议作灯谜；众人往暖香坞看画凤姐赶来又见宝琴抱梅如画；承/结：薛姨妈来话雪宴贾母细问宝琴身世知其已许梅家；起：贾母冒雪至芦雪庵赏梅听诗并提议作灯谜；众人往暖香坞看画凤姐赶来又见宝琴抱梅如画；承/结：薛姨妈来话雪宴贾母细问宝琴身世知其已许梅家,50-005,50-007,high,由W33事件按回内顺序聚合；本时段含1个场组候选。
TB-050-003,50,第五十回　蘆雪广爭聯即景詩　暖香塢創製春燈謎,3,第50回收束时段,起：次日雪晴贾母催惜春作画李纨出四书灯谜众人竞猜；湘云作耍猴谜宝钗宝玉黛玉也各出谜语；承/结：宝琴提出十首怀古诗暗隐十物引出下回；起：次日雪晴贾母催惜春作画李纨出四书灯谜众人竞猜；湘云作耍猴谜宝钗宝玉黛玉也各出谜语；承/结：宝琴提出十首怀古诗暗隐十物引出下回,50-008,50-010,high,由W33事件按回内顺序聚合；本时段含1个场组候选。
TB-051-001,51,第五十一回　薛小妹新編怀古詩　胡庸醫亂用虎狼藥,1,第51回开端时段,起：宝琴出十首怀古绝句众人议诗；承/结：平儿取衣送袭人并周全邢岫烟寒衣；起：袭人去后宝玉屋中改派晴雯麝月上夜；承/结：夜半宝玉唤袭人麝月起身侍茶,51-001,51-006,high,由W33事件按回内顺序聚合；本时段含2个场组候选。
TB-051-002,51,第五十一回　薛小妹新編怀古詩　胡庸醫亂用虎狼藥,2,第51回收束时段,起：晴雯追出戏唬麝月反受寒惊锦鸡；承/结：庸医误下虎狼药宝玉急请王太医；贾母王夫人凤姐商议园中冬日设饭,51-007,51-010,high,由W33事件按回内顺序聚合；本时段含2个场组候选。
TB-052-001,52,第五十二回　俏平兒情掩蝦鬚鐲　勇晴雯病補雀金裘,1,第52回开端时段,起：贾母众人当面赞凤姐体贴周到；承/结：宝玉回房见晴雯病重并起疑偷听；起：平儿暗掩蝦鬚鐲失窃嘱麝月防坠儿；承/结：晴雯病中用鼻烟膏药宝玉往潇湘馆去,52-001,52-005,high,由W33事件按回内顺序聚合；本时段含2个场组候选。
TB-052-002,52,第五十二回　俏平兒情掩蝦鬚鐲　勇晴雯病補雀金裘,2,第52回第2叙事时段,起：潇湘馆冬闺群聚共赏水仙并谈花香；承/结：众人论诗社与真真国美人诗湘云香菱来听；起：宝玉黛玉临别低语问袭人燕窝话被打断；承/结：次日宝玉起身出门贾母赐雀金呢并上马,52-006,52-009,high,由W33事件按回内顺序聚合；本时段含2个场组候选。
TB-052-003,52,第五十二回　俏平兒情掩蝦鬚鐲　勇晴雯病補雀金裘,3,第52回收束时段,晴雯病中怒逐坠儿并与婆子争辩规矩；晴雯病中怒逐坠儿并与婆子争辩规矩,52-010,52-010,high,由W33事件按回内顺序聚合；本时段含1个场组候选。
TB-053-001,53,第五十三回　寧國府除夕祭宗祠　榮國府元宵開夜宴,1,第53回开端时段,起：晴雯补裘后病重渐愈诗社暂歇；承/结：乌进孝诉歉年成不佳贾珍叹府中亏空；起：晴雯补裘后病重渐愈诗社暂歇；承/结：乌进孝诉歉年成不佳贾珍叹府中亏空,53-001,53-005,high,由W33事件按回内顺序聚合；本时段含1个场组候选。
TB-053-002,53,第五十三回　寧國府除夕祭宗祠　榮國府元宵開夜宴,2,第53回第2叙事时段,起：贾珍分发年物并痛斥贾芹贪纵；承/结：祭祖后回荣府受礼守岁连日忙年酒；起：贾珍分发年物并痛斥贾芹贪纵；承/结：祭祖后回荣府受礼守岁连日忙年酒,53-006,53-008,high,由W33事件按回内顺序聚合；本时段含1个场组候选。
TB-053-003,53,第五十三回　寧國府除夕祭宗祠　榮國府元宵開夜宴,3,第53回收束时段,起：元宵夜宴花厅陈设极盛并叙慧纹由来；承/结：元宵夜宴排席赏戏贾母撒钱赏文豹；起：元宵夜宴花厅陈设极盛并叙慧纹由来；承/结：元宵夜宴排席赏戏贾母撒钱赏文豹,53-009,53-010,high,由W33事件按回内顺序聚合；本时段含1个场组候选。
TB-054-001,54,第五十四回　史太君破陳腐舊套　王熙鳳效戲彩斑衣,1,第54回开端时段,起：贾珍贾琏奉酒满席跪贺元宵家宴；承/结：宝玉暖酒循席斟酒黛玉以杯就唇；起：贾珍贾琏奉酒满席跪贺元宵家宴；承/结：宝玉暖酒循席斟酒黛玉以杯就唇,54-001,54-005,high,由W33事件按回内顺序聚合；本时段含1个场组候选。
TB-054-002,54,第五十四回　史太君破陳腐舊套　王熙鳳效戲彩斑衣,2,第54回第2叙事时段,起：停戏设说书贾母痛批才子佳人套数；承/结：凤姐接连编派元宵笑话并以聋子放炮催散；起：停戏设说书贾母痛批才子佳人套数；承/结：凤姐接连编派元宵笑话并以聋子放炮催散,54-006,54-011,high,由W33事件按回内顺序聚合；本时段含1个场组候选。
TB-054-003,54,第五十四回　史太君破陳腐舊套　王熙鳳效戲彩斑衣,3,第54回收束时段,起：贾蓉设烟火众人围看夜深清茶散席；承/结：元宵既过贾母连日赴家下年酒作回末收束；起：贾蓉设烟火众人围看夜深清茶散席；承/结：元宵既过贾母连日赴家下年酒作回末收束,54-012,54-013,high,由W33事件按回内顺序聚合；本时段含1个场组候选。
TB-055-001,55,第五十五回　辱親女愚妾爭閒氣　欺幼主刁奴蓄險心,1,第55回开端时段,起：太妃欠安致宫中减膳免宴荣府元宵从简；承/结：凤姐小月失理事王夫人命李纨暂协理家务；起：王夫人再请宝钗上房照看防下人乘隙取便；承/结：黛玉湘云卧病探春李纨议定议事厅每日会齐,55-001,55-004,high,由W33事件按回内顺序聚合；本时段含2个场组候选。
TB-055-002,55,第五十五回　辱親女愚妾爭閒氣　欺幼主刁奴蓄險心,2,第55回第2叙事时段,起：众人初轻探春李纨后见三人理家更严谨而抱怨；承/结：平儿奉凤姐话来欲添赏探春拒开人情例外；起：宝钗入厅众人回话探春洗脸时平儿先替其压场；承/结：秋纹来问月银平儿劝其暂避探春立威锋头,55-005,55-015,high,由W33事件按回内顺序聚合；本时段含2个场组候选。
TB-055-003,55,第五十五回　辱親女愚妾爭閒氣　欺幼主刁奴蓄險心,3,第55回收束时段,起：宝钗探春李纨板床进饭廊下众媳妇尽皆安分候事；承/结：探春饭后约平儿再来与凤姐宝钗李纨商议大事；起：平儿回报探春行事凤姐大赞并细算家计须早省俭；承/结：凤姐嘱平儿逢探春驳事须顺势并饭后再赴其约,55-016,55-019,high,由W33事件按回内顺序聚合；本时段含2个场组候选。
TB-056-001,56,第五十六回　敏探春興利除宿弊　識寶釵小惠全大體,1,第56回开端时段,起：平儿饭后赴探春处花厅外内眷静候议事；承/结：探春议头油脂粉重复开支平儿揭买办积弊；起：宝钗借朱子之论点醒探春莫把学问看作空谈；承/结：探春提议园中承包生发宝钗平儿论其利弊并安抚其伤怀,56-001,56-004,high,由W33事件按回内顺序聚合；本时段含2个场组候选。
TB-056-002,56,第五十六回　敏探春興利除宿弊　識寶釵小惠全大體,2,第56回第2叙事时段,起：众婆子听命争领竹林稻地大夫将入园看病；承/结：众婆子齐声欢喜宝钗趁势申明守园禁赌顾全体统；起：林之孝家的报甄府家眷入京送礼探春等回明贾母；承/结：宝玉梦入院中遇见甄宝玉两人互认忽被老爷唤散,56-005,56-014,high,由W33事件按回内顺序聚合；本时段含2个场组候选。
TB-056-003,56,第五十六回　敏探春興利除宿弊　識寶釵小惠全大體,3,第56回收束时段,袭人唤醒宝玉麝月以镜影释梦并劝移床避镜；袭人唤醒宝玉麝月以镜影释梦并劝移床避镜,56-015,56-015,high,由W33事件按回内顺序聚合；本时段含1个场组候选。
TB-057-001,57,第五十七回　慧紫鵑情辭試莽玉　慈姨媽愛語慰痴顰,1,第57回开端时段,起：宝玉随王夫人拜甄夫人坐实甄家亦有一个宝玉；承/结：晴雯扶宝玉回怡红院后其目直津流袭人急请李嬷嬷；起：李嬷嬷诊后大哭误断宝玉不中用众人随之惊乱；承/结：黛玉暗叹宝玉夜惊反复紫鹃日夜照护其病渐安,57-001,57-012,high,由W33事件按回内顺序聚合；本时段含2个场组候选。
TB-057-002,57,第五十七回　慧紫鵑情辭試莽玉　慈姨媽愛語慰痴顰,2,第57回第2叙事时段,起：湘云笑说病态宝玉向紫鹃剖白愿与黛玉同化灰烟；承/结：紫鹃夜劝黛玉早作终身打算黛玉口驳心伤哭到天明；起：薛姨妈生日设戏受贺宝黛未去薛家又忙了数日；承/结：薛姨妈看中邢岫烟经凤姐贾母撮合最终定与薛蝌,57-013,57-016,high,由W33事件按回内顺序聚合；本时段含2个场组候选。
TB-057-003,57,第五十七回　慧紫鵑情辭試莽玉　慈姨媽愛語慰痴顰,3,第57回收束时段,起：宝钗素日暗济岫烟又石后细问月钱当衣并允悄悄赎回；承/结：薛姨妈温语慰黛玉并笑谈宝黛湘云拾当票又牵出岫烟困窘；起：宝钗素日暗济岫烟又石后细问月钱当衣并允悄悄赎回；承/结：薛姨妈温语慰黛玉并笑谈宝黛湘云拾当票又牵出岫烟困窘,57-017,57-018,high,由W33事件按回内顺序聚合；本时段含1个场组候选。
TB-058-001,58,第五十八回　杏子陰假鳳泣虛凰　茜紗窗真情揆痴理,1,第58回开端时段,起：探春等进来后三人掩住前话暂时散去；承/结：两府执事忙乱下人偷安结党趁机弄权生事；起：梨香院女优获遣发后分散入园各归主房使唤；承/结：园中人手骤增文官等优伶与众婆子积怨暗伏冲突,58-001,58-006,high,由W33事件按回内顺序聚合；本时段含2个场组候选。
TB-058-002,58,第五十八回　杏子陰假鳳泣虛凰　茜紗窗真情揆痴理,2,第58回第2叙事时段,起：清明宝玉扶杖出游湘云借船戏笑接林妹妹；承/结：宝玉探望黛玉后回房因湘云香菱在座暂且忍问；起：芳官洗头时斥干娘偏心拿剩水相待母女大吵；承/结：袭人晴雯麝月出面评理晴雯亲为芳官洗头挽髻,58-007,58-014,high,由W33事件按回内顺序聚合；本时段含2个场组候选。
TB-058-003,58,第五十八回　杏子陰假鳳泣虛凰　茜紗窗真情揆痴理,3,第58回第3叙事时段,起：晚饭送到晴雯嫌菜少芳官学着吹汤服侍宝玉；承/结：芳官干娘闯入内室献殷勤反被晴雯和众丫头轰走；起：饭后宝玉借机单留芳官细问藕官烧纸缘故；承/结：芳官道出藕官祭菂官旧情并解释与蕊官续缘之理,58-015,58-018,high,由W33事件按回内顺序聚合；本时段含2个场组候选。
TB-058-004,58,第五十八回　杏子陰假鳳泣虛凰　茜紗窗真情揆痴理,4,第58回收束时段,起：宝玉闻言称奇并论祭祀贵诚不贵纸钱虚名；承/结：芳官应下转告之托话尾以贾母王夫人回府收束；起：宝玉闻言称奇并论祭祀贵诚不贵纸钱虚名；承/结：芳官应下转告之托话尾以贾母王夫人回府收束,58-019,58-020,high,由W33事件按回内顺序聚合；本时段含1个场组候选。
TB-059-001,59,第五十九回　柳葉渚邊嗔鶯吒燕　絳芸軒里召將飛符,1,第59回开端时段,起：宝玉见贾母等回府后众丫鬟忙着预备再次送灵；承/结：赖大收束荣府门禁并安排夜巡上房看守；起：宝钗湘云晨起谈杏斑癣命莺儿取硝蕊官同往；承/结：紫鹃让藕官带匙箸先同行去等黛玉,59-001,59-007,high,由W33事件按回内顺序聚合；本时段含2个场组候选。
TB-059-002,59,第五十九回　柳葉渚邊嗔鶯吒燕　絳芸軒里召將飛符,2,第59回第2叙事时段,起：春燕来后与藕官谈旧怨并议婆子贪利积怨；承/结：春燕哭逃怡红院其母追赶跌倒莺儿赌气抛花柳；起：春燕向袭人求救宝玉得知花柳纠纷后动怒召平儿；承/结：平儿传话欲逐婆子出园众人劝留后宝玉准其改过,59-008,59-013,high,由W33事件按回内顺序聚合；本时段含2个场组候选。
TB-059-003,59,第五十九回　柳葉渚邊嗔鶯吒燕　絳芸軒里召將飛符,3,第59回收束时段,平儿亲至笑言园中多处作反并预告更大纷争将起；平儿亲至笑言园中多处作反并预告更大纷争将起,59-014,59-014,high,由W33事件按回内顺序聚合；本时段含1个场组候选。
TB-060-001,60,第六十回　茉莉粉替去薔薇硝　玫瑰露引來茯苓霜,1,第60回开端时段,起：平儿匆匆离去众人议论忙乱；承/结：春燕劝母安分并转述宝玉放人之说；起：春燕母女赴蘅芜苑赔罪蕊官托送蔷薇硝；承/结：赵姨娘闯入怡红院撒粉打骂芳官,60-001,60-009,high,由W33事件按回内顺序聚合；本时段含2个场组候选。
TB-060-002,60,第六十回　茉莉粉替去薔薇硝　玫瑰露引來茯苓霜,2,第60回第2叙事时段,起：众婆子旁观称愿显见积怨已深；承/结：翠墨托蟬儿传警夏婆子闻讯又惊又怕；起：芳官进厨房传话与蟬儿因热糕再生口角；承/结：柳家的托芳官为五儿谋入怡红院差事,60-010,60-017,high,由W33事件按回内顺序聚合；本时段含2个场组候选。
TB-060-003,60,第六十回　茉莉粉替去薔薇硝　玫瑰露引來茯苓霜,3,第60回收束时段,起：芳官回怡红院宝玉尽把玫瑰露赠与柳家；承/结：柳家嫂子赠茯苓霜柳家的归途遭角门盘问；起：芳官回怡红院宝玉尽把玫瑰露赠与柳家；承/结：柳家嫂子赠茯苓霜柳家的归途遭角门盘问,60-018,60-021,high,由W33事件按回内顺序聚合；本时段含1个场组候选。
TB-061-001,61,第六十一回　投鼠忌器寶玉瞞贓　判冤決獄平兒行權,1,第61回开端时段,起：柳家的在角门与小厮斗口并透出五儿或有去处；承/结：凤姐初断重罚五儿哭诉平儿暂缓处置；起：五儿被软禁受尽奚落委屈哭了一夜；承/结：平儿访袭人芳官并与宝玉商议如何揽责,61-001,61-008,high,由W33事件按回内顺序聚合；本时段含2个场组候选。
TB-061-002,61,第六十一回　投鼠忌器寶玉瞞贓　判冤決獄平兒行權,2,第61回收束时段,起：彩云承认盗露平儿为顾探春体面设法平事；承/结：平儿安排众人改口并向林之孝家的解释水落石出；起：凤姐仍疑宝玉好揽事主张细查并革出柳家的；承/结：平儿劝凤姐放手施恩终得发放众人,61-009,61-012,high,由W33事件按回内顺序聚合；本时段含2个场组候选。
TB-062-001,62,第六十二回　憨湘雲醉眠芍藥裀　呆香菱情解石榴裙,1,第62回开端时段,起：平儿善后复用柳家并使秦显家的败兴而退；承/结：宝玉清晨依礼拜寿往来诸处；起：众姊妹来贺寿并知平儿邢岫烟同日生日；承/结：柳家的受命在内厨房为平儿寿席备菜,62-001,62-006,high,由W33事件按回内顺序聚合；本时段含2个场组候选。
TB-062-002,62,第六十二回　憨湘雲醉眠芍藥裀　呆香菱情解石榴裙,2,第62回第2叙事时段,起：薛蝌送礼后宝钗锁角门提醒失窃隐患；承/结：宝玉宝钗射覆喧闹尽欢后湘云忽然失踪；起：林之孝家的来探席面平儿探春从容应对；承/结：宝玉回房唤起芳官芳官诉闷思食与饮酒,62-007,62-014,high,由W33事件按回内顺序聚合；本时段含2个场组候选。
TB-062-003,62,第六十二回　憨湘雲醉眠芍藥裀　呆香菱情解石榴裙,3,第62回收束时段,起：柳家的送饭小燕照料芳官并提及五儿可进来；承/结：宝玉出门遇袭人晴雯打趣后回厅应景吃饭；起：香菱等斗草因夫妻蕙玩笑滚闹污了新裙；承/结：宝玉埋并蒂菱夫妻蕙香菱叮嘱勿向薛蟠提裙事,62-015,62-019,high,由W33事件按回内顺序聚合；本时段含2个场组候选。
TB-063-001,63,第六十三回　壽怡紅群芳開夜宴　死金丹獨艷理親喪,1,第63回开端时段,起：宝玉与袭人筹备夜宴并问及五儿病况；承/结：林之孝家的夜查怡红院众人关门设席；起：众人卸妆宽衣占花名并分头去请宝钗黛玉等；承/结：李纨湘云麝月香菱黛玉袭人依次抽签饮酒取笑,63-001,63-005,high,由W33事件按回内顺序聚合；本时段含2个场组候选。
TB-063-002,63,第六十三回　壽怡紅群芳開夜宴　死金丹獨艷理親喪,2,第63回第2叙事时段,起：众人夜宴至四更醉卧醒后平儿来邀还席；承/结：湘云等也扮小子榆荫堂还席众人笑呼玻璃；起：甄家来人间众人打秋千玩笑野驴子送秋千；承/结：天子追赐贾敬贾珍父子星夜驰归铁槛寺,63-006,63-013,high,由W33事件按回内顺序聚合；本时段含2个场组候选。
TB-063-003,63,第六十三回　壽怡紅群芳開夜宴　死金丹獨艷理親喪,3,第63回收束时段,起：贾蓉飞马回府布置停灵并入内探望尤老安人；承/结：贾蓉戏谑尤二姐尤三姐与丫头们胡言乱闹；起：贾蓉飞马回府布置停灵并入内探望尤老安人；承/结：贾蓉戏谑尤二姐尤三姐与丫头们胡言乱闹,63-014,63-015,high,由W33事件按回内顺序聚合；本时段含1个场组候选。
TB-064-001,64,第六十四回　幽淑女悲題五美吟　浪蕩子情遺九龍珮,1,第64回开端时段,起：贾敬灵柩进城宁府停灵贾珍贾蓉居丧仍与小姨子厮混；承/结：雪雁透露黛玉设瓜果香鼎疑为私祭；起：宝玉揣测黛玉私祭缘由决定先去凤姐处；承/结：宝钗同看五美吟并称赞林黛玉翻古命意,64-001,64-011,high,由W33事件按回内顺序聚合；本时段含2个场组候选。
TB-064-002,64,第六十四回　幽淑女悲題五美吟　浪蕩子情遺九龍珮,2,第64回第2叙事时段,起：贾琏回府报信贾母王夫人次日将归；承/结：贾母入宁府哭祭贾敬众人相持大痛；起：贾母伤感发病送殡时宝玉凤姐留家；承/结：俞禄讨银贾珍命贾蓉往家中取款,64-012,64-016,high,由W33事件按回内顺序聚合；本时段含2个场组候选。
TB-064-003,64,第六十四回　幽淑女悲題五美吟　浪蕩子情遺九龍珮,3,第64回收束时段,起：贾蓉诱贾琏密议尤二姐外娶之计；承/结：尤老娘交银贾蓉当面撮合贾琏尤二姐；起：贾蓉回寺向贾珍提说娶尤二姐尤氏劝阻；承/结：张华畏惧贾府威势收银写退婚文约,64-017,64-022,high,由W33事件按回内顺序聚合；本时段含2个场组候选。
TB-065-001,65,第六十五回　賈二舍偷娶尤二姨　尤三姐思嫁柳二郎,1,第65回开端时段,起：尤老娘三姐先入新房贾琏迎娶尤二姐；承/结：贾琏夜归撞见暗局仍与尤二姐对饮；起：隆儿喜儿寿儿厨下留宿遮掩宅内动静；承/结：贾琏入西院谢贾珍并怂恿三姐陪酒,65-001,65-009,high,由W33事件按回内顺序聚合；本时段含2个场组候选。
TB-065-002,65,第六十五回　賈二舍偷娶尤二姨　尤三姐思嫁柳二郎,2,第65回第2叙事时段,起：尤三姐痛斥珍琏拒作玩物震住二人；承/结：尤二姐多情相劝欲为三姐另择婚配；起：尤三姐明言自择如意郎众人误猜宝玉；承/结：兴儿再述凤姐与平儿相处之势,65-010,65-018,high,由W33事件按回内顺序聚合；本时段含2个场组候选。
TB-065-003,65,第六十五回　賈二舍偷娶尤二姨　尤三姐思嫁柳二郎,3,第65回收束时段,兴儿历数荣府女眷并笑赞黛钗；兴儿历数荣府女眷并笑赞黛钗,65-019,65-019,high,由W33事件按回内顺序聚合；本时段含1个场组候选。
TB-066-001,66,第六十六回　情小妹耻情歸地府　冷二郎一冷入空門,1,第66回开端时段,起：鲍二家的打兴儿笑说话像宝玉的人；承/结：二姐建议许三姐于宝玉兴儿言林黛玉已定；起：二姐细讲五年前老娘寿宴初见柳湘蓮；承/结：尤三姐击玉簪断作两段立誓非柳不嫁,66-001,66-009,high,由W33事件按回内顺序聚合；本时段含3个场组候选。
TB-066-002,66,第六十六回　情小妹耻情歸地府　冷二郎一冷入空門,2,第66回第2叙事时段,起：贾琏打听焙茗街房无果起身远行；承/结：贾琏路遇薛蟠柳湘蓮结拜同行；起：贾琏回宅交唤剑三姐喜而挂于绣房床上；承/结：八月湘蓮进京拜见薛姨妈感救命之恩,66-010,66-016,high,由W33事件按回内顺序聚合；本时段含3个场组候选。
TB-066-003,66,第六十六回　情小妹耻情歸地府　冷二郎一冷入空門,3,第66回收束时段,起：湘蓮见宝玉问贾琏偷娶二房之事；承/结：宝玉言尤物湘蓮跌足疯东府不净；起：三姐魂现命奉警幻赴太虚幻境诀别；承/结：湘蓮梦醒破庙挥剑断发随瘸腿道士而去,66-017,66-023,high,由W33事件按回内顺序聚合；本时段含3个场组候选。
TB-067-001,67,第六十七回　見土儀顰卿思故里　聞秘事鳯姐訊家童,1,第67回开端时段,起：开篇：尤三姐自尽葬讫，柳湘莲随疯道人出家去；薛姨妈闻三姐自尽叹息；宝钗冷语劝母由他，转议酬谢伙计；薛蟠带泪入禀湘莲出家；母子议寻莲、议买卖并订酒席；承/结：莺儿送毕回报宝钗，悄告琏二奶奶一脸怒气、咕哝召平儿；起：开篇：尤三姐自尽葬讫，柳湘莲随疯道人出家去；薛姨妈闻三姐自尽叹息；宝钗冷语劝母由他，转议酬谢伙计；薛蟠带泪入禀湘莲出家；母子议寻莲、议买卖并订酒席；承/结：莺儿送毕回报宝钗，悄告琏二奶奶一脸怒气、咕哝召平儿,67-001,67-012,high,由W33事件按回内顺序聚合；本时段含1个场组候选。
TB-067-002,67,第六十七回　見土儀顰卿思故里　聞秘事鳯姐訊家童,2,第67回收束时段,起：宝玉回怡红院寻襲人未遇，告麢月晴雯请襲人过劰黛玉；襲人念凤姐身不好、贾琏出门，决意往望凤姐，嘱晴雯守屋；沁芳桥畔夏末秋初景；遇老祈媽撒蜂，襲人教以冷布套果、读供鲜規矩；承/结：平儿返回请示是否叫旺儿；复述二门小厮“新奶奶”话头被喝叱；旺儿入见凤姐抵赖不知；不得已推兴儿上酸；凤姐命召兴儿来；兴儿自账房被唤入，未问先软；凤姐喝命打嘴巴，兴儿自打十余下；兴儿跟供：俞禄领银日贾琏与蓉哥儿道上谈姨奶奶，蓉哥儿提议说二姨；兴儿供府后头房子、贾…；起：宝玉回怡红院寻襲人未遇，告麢月晴雯请襲人过劰黛玉；襲人念凤姐身不好、贾琏出门，决意往望凤姐，嘱晴雯守屋；沁芳桥畔夏末秋初景；遇老祈媽撒蜂，襲人教以冷布套果、读供鲜規矩；承/结：平儿返回请示是否叫旺儿；复述二门小厮“新奶奶”话头被喝叱；旺儿入见凤姐抵赖不知；不得已推兴儿上酸；凤姐命召兴儿来；兴儿自账房被唤入，未问先软；凤姐喝命打嘴巴，兴儿自打十余下；兴儿跟供：俞禄领银日贾琏与蓉哥儿道上谈姨奶奶，蓉哥儿提议说二姨；兴儿供府后头房子、贾…,67-013,67-024,high,由W33事件按回内顺序聚合；本时段含1个场组候选。
TB-068-001,68,第六十八回　苦尤娘赚入大觀園　酸鳯姐大閹寧國府,1,第68回开端时段,起：賈璉外出辦事久候方回；承/结：鳳姐預備東廂房並假稱進香；起：園中收留尤二姐並嚴禁外傳；承/结：善姐怠慢尤二姐並受鳳姐兩面操控,68-001,68-008,high,由W33事件按回内顺序聚合；本时段含3个场组候选。
TB-068-002,68,第六十八回　苦尤娘赚入大觀園　酸鳯姐大閹寧國府,2,第68回第2叙事时段,起：鳳姐查明張華並唆使告狀；承/结：都察院受狀並被王信打點；起：鳳姐哭鬧逼尤氏承擔過失；承/结：鳳姐轉口訴苦並逼寧府補銀壓案,68-009,68-015,high,由W33事件按回内顺序聚合；本时段含3个场组候选。
TB-068-003,68,第六十八回　苦尤娘赚入大觀園　酸鳯姐大閹寧國府,3,第68回收束时段,起：賈蓉議處張華鳳姐暗盼尤二姐出局；承/结：鳳姐擬定向賈母王夫人遮掩說辭；起：贾蓉改策亲问张华要人要钱；凤姐口言断舍不得姨娘出去，心却巴得本人出去自做贤良；承/结：尤氏命舀水取妆奁伏侍梳洗；留晚饭敬酒；凤姐吃毕起身，贾蓉亲送回府,68-016,68-022,high,由W33事件按回内顺序聚合；本时段含3个场组候选。
TB-069-001,69,第六十九回　弄小巧用借劍殺人　覺大限吞生金自逝,1,第69回开端时段,起：尤二姐跟凤姐过贾母处、尤氏同行；承/结：凤姐暗调唆张华索原妻、察院批断交还银两及有力时娶回；起：凤姐和尤氏访贾母回话责，贾母命凤丫头料理；承/结：贾琏回京，贾赦赏银并赏秋桐为妾,69-001,69-006,high,由W33事件按回内顺序聚合；本时段含2个场组候选。
TB-069-002,69,第六十九回　弄小巧用借劍殺人　覺大限吞生金自逝,2,第69回第2叙事时段,起：凤姐暗撒谣言自装气病，家内奴才指桑说槐；承/结：秋桐横行；凤姐停供饭食；平儿私贴被告发并被骂；起：园中姊妹暗怜；凤姐借刀杀人座山观虎斗；秋桐乱骂；贾母渐不喜二姐；承/结：尤二姐病重；三姐测鸳鸯剑托梦；向贾琏告有身孕求医,69-007,69-010,high,由W33事件按回内顺序聚合；本时段含2个场组候选。
TB-069-003,69,第六十九回　弄小巧用借劍殺人　覺大限吞生金自逝,3,第69回第3叙事时段,起：胡君荣误诊二姐为瘀血凝结，开下瘀通经方；承/结：虎狼药打下成形男胎；胡君荣逃走；贾琏打介绍医生者；起：凤姐烧香祷告作态；算命属兔冲犯；秋桐哭骂反射；承/结：尤二姐吞生金自逝；丫鬟吓慌；平儿大哭,69-011,69-015,high,由W33事件按回内顺序聚合；本时段含2个场组候选。
TB-069-004,69,第六十九回　弄小巧用借劍殺人　覺大限吞生金自逝,4,第69回收束时段,起：贾琏报尸大哭；凤姐假哭；停灵梨香院；拟挪铁槛寺；承/结：贾琏讨丧银被凤姐推病拂打；尤氏箱笼空；贾琏包袱亲烧；起：贾琏报尸大哭；凤姐假哭；停灵梨香院；拟挪铁槛寺；承/结：贾琏讨丧银被凤姐推病拂打；尤氏箱笼空；贾琏包袱亲烧,69-016,69-017,high,由W33事件按回内顺序聚合；本时段含1个场组候选。
TB-070-001,70,第七十回　林黛玉重建桃花社　史湘雲偶填柳絮詞,1,第70回开端时段,起：贾琏梨香院伴宿七日，尤二姐就三姐之上破土埋葬；承/结：林之孝开发配丫头单子，鸳鸯琥珀彩云各有缘故未配；起：诗社搁起，宝玉情色若痴似染怔忡之病；承/结：碧月来取手绢，谈宝钗李纨处各院冷清,70-001,70-005,high,由W33事件按回内顺序聚合；本时段含2个场组候选。
TB-070-002,70,第七十回　林黛玉重建桃花社　史湘雲偶填柳絮詞,2,第70回第2叙事时段,起：翠缕报好诗，众姐妹传看宝琴《桃花行》，议改桃花社；承/结：宝玉潸泪，与宝琴辩《桃花行》作者；起：稻香村议定桃花社，因探春寿日改至初五；承/结：贾政书信报六月回京，王子腾夫人接凤姐等闲乐,70-006,70-009,high,由W33事件按回内顺序聚合；本时段含2个场组候选。
TB-070-003,70,第七十回　林黛玉重建桃花社　史湘雲偶填柳絮詞,3,第70回收束时段,起：袭人劝宝玉收心练字，宝玉恭楷临帖；承/结：众人各放风筝；宝玉美人风筝放不起摩脚还怕；起：风紧黛玉松线尽，众人铰线放晦气；承/结：宝玉因功课亏欠暂收心用功,70-010,70-018,high,由W33事件按回内顺序聚合；本时段含2个场组候选。
TB-071-001,71,第七十一回　嫌隙人有心生嫌隙　鴛鴦女無意遇鴛鴦,1,第71回开端时段,起：贾母遣丫头召宝玉，贾政归家初见；承/结：议定贾母八旬大庆筵宴日程与礼部元春赐礼；起：二十八日两府悬灯结彩，南北王妃到场按品大妆迎接；戏单层递而上，南安太妃北静王妃点吉庆戏文；菜四献汤一道，更衣入园另献好茶；承/结：南安太妃问众小姐，凤姐带五人见客，太妃赠戒指腕珠,71-001,71-007,high,由W33事件按回内顺序聚合；本时段含2个场组候选。
TB-071-002,71,第七十一回　嫌隙人有心生嫌隙　鴛鴦女無意遇鴛鴦,2,第71回第2叙事时段,起：尤氏园内歇宿，饭罢至凤姐处与平儿闲谈；承/结：次日开戏受礼，贾母留喜鸾四姐儿在园中顽耍；起：邢夫人当众向凤姐求情放婆子，凤姐又羞又气；凤姐独自落泪回房，被召见贾母询问围屏；承/结：鸳鸯发现凤姐眼肿，贾母命揀佛豆积寿；两姑子先念佛偈揀豆，贾母歪着听因果,71-008,71-021,high,由W33事件按回内顺序聚合；本时段含2个场组候选。
TB-071-003,71,第七十一回　嫌隙人有心生嫌隙　鴛鴦女無意遇鴛鴦,3,第71回收束时段,起：鸳鸯告贾母凤姐受委屈之故，贾母斥邢夫人素日无气，并嘱咐园中照应喜姐四姐；承/结：园中众姊妹谈心，宝玉言死了就完了，喜鸾插话；鸳鸯归途大桂树下无意撞见司棋与姑舅兄弟潘又安私会,71-022,71-024,high,由W33事件按回内顺序聚合；本时段含2个场组候选。
TB-072-001,72,第七十二回　王熙鳳恃強羞說病　來旺婦倚勢霸成親,1,第72回开端时段,起：鸳鸯出角门·藏事不告复命贾母；承/结：司棋潘又安私情被惊散·潘逃司病；起：平儿告鸳鸯凤姐经血淋漓一月·血山崩；承/结：官媒朱嫂子为孙大人求亲,72-001,72-006,high,由W33事件按回内顺序聚合；本时段含3个场组候选。
TB-072-002,72,第七十二回　王熙鳳恃強羞說病　來旺婦倚勢霸成親,2,第72回第2叙事时段,起：贾琏与鸳鸯东屋交谈调侃；承/结：贾琏问蜡油冻佛手着落·现在楼上；起：凤姐醒后谈借当·平儿提欲借二三百两；承/结：凤姐怒翻骂“没家亲引不出外鬼来”,72-007,72-012,high,由W33事件按回内顺序聚合；本时段含3个场组候选。
TB-072-003,72,第七十二回　王熙鳳恃強羞說病　來旺婦倚勢霸成親,3,第72回收束时段,起：凤姐提尤二姐周年要上坟烧纸；承/结：旺儿媳妇求彩霞给小子成亲；起：夏太监打发小太监来借二百·凤姐押金项圈四百；承/结：凤姐自唤彩霞之母说媒·强行嫁旺儿小子,72-013,72-020,high,由W33事件按回内顺序聚合；本时段含3个场组候选。
TB-073-001,73,第七十三回　痴丫头误拾绣春囊　懦小姐不问累金凤,1,第73回开端时段,起：赵姨娘与贾政说话间窗屉掉落，骂丫头要求上好后打发贾政安歇。；承/结：仆役打盹，小丫头撞墙哭求；晴雯喝骂袭人规劝；麝月点茶劝宝玉用功。；起：春燕秋纹报墙上下来人；晴雯献计装病；一夜灯火大搜，王夫人宣药；五更传管家细查发端。；承/结：贾母闻讯询问原由，怒斥上夜人不尽心或为贼，急出整顿管理。,73-001,73-006,high,由W33事件按回内顺序聚合；本时段含2个场组候选。
TB-073-002,73,第七十三回　痴丫头误拾绣春囊　懦小姐不问累金凤,2,第73回第2叙事时段,起：探春首告园中聚赌已有头家局主，半月前曾有争斗相打。；承/结：凤姐带病传林之孝家的等总理媳妇申饬；贾母命立即查头家赌家，隐情不告者罚。；起：查出大头家三人、小头家八人；赌具烧毁，钱入官；首者打四十赶出，从者打二十革三月月钱。；承/结：傻大姐拾得五彩绣香囊（春意囊），见两人赤条条相抱之图，自忖是妙物。,73-007,73-011,high,由W33事件按回内顺序聚合；本时段含2个场组候选。
TB-073-003,73,第七十三回　痴丫头误拾绣春囊　懦小姐不问累金凤,3,第73回第3叙事时段,起：邢夫人撞见傻大姐，讨过绣春囊揣入袖中，命她别再提起，心中诧异。；承/结：邢夫人至迎春房指责迎春不管乳母，冷笑迎春与探春同出身反不及她一半。；起：人回琏二奶奶来，邢夫人命传话拒见；听小丫头报老太太醒，邢夫人起身前去。；承/结：绣橘提起攒珠累金凤丢失，断定乳母拿去当了赌钱；迎春懦弱只道“罢罢罢”。,73-012,73-015,high,由W33事件按回内顺序聚合；本时段含2个场组候选。
TB-073-004,73,第七十三回　痴丫头误拾绣春囊　懦小姐不问累金凤,4,第73回收束时段,起：玉柱儿媳妇为婆婆求迎春讨情，与绣橘争执，明欺迎春好性。；承/结：探春向平儿点评玉柱媳妇与婆婆仗势捂头赌钱、造假账逼讨情，自况“物伤其类，齿亡唇寒”。；起：玉柱儿媳妇为婆婆求迎春讨情，与绣橘争执，明欺迎春好性。；承/结：探春向平儿点评玉柱媳妇与婆婆仗势捂头赌钱、造假账逼讨情，自况“物伤其类，齿亡唇寒”。,73-016,73-021,high,由W33事件按回内顺序聚合；本时段含1个场组候选。
TB-074-001,74,第七十四回　惑奸谗抄检大观园　矢孤介杜绝宁国府,1,第74回开端时段,起：开篇：柳家媳妇因开赌案求晴雯芳官转告宝玉；宝玉约迎春同去讨情，见众人只说来看二姐姐。；平儿出外办“累金凤”一事；玉柱儿媳妇紧跟央求；平儿指责“既有今日何必当初”，命赎回交她。；平儿回凤姐处；凤姐说柳二媳妇与妹子通同开局案，悔不听“多一事不如省一事”，表示随她们闹去、保养身体。；承/结：贾琏叹气：太太知道借当一事责他；凤姐平儿追问走风者；傻大姐娘见箱子，小丫头说漏；凤姐命再押首饰二百。；起：王夫人突至掏出十锦春意香袋掷到凤姐面前问是不是她的，凤姐变色问从何得来。；凤姐跪诉五层剖白：香袋不常带、园内姐妹拉扯、自己年轻、更年轻者亦可疑、外来年轻人进园、丫头多或得来；并言“就连平儿我也可以下保”。；承/结：王夫人气消问处置；凤姐献计：以查赌为由安插周瑞等贴近人进园暗访，并趁机撇出年纪大难缠者。；王夫人不忍一下裁减丫头，命周瑞家的等暗访；凤姐唤平儿进来吩咐。；周瑞家的等陆续进来；邢夫人陪房王善保家的也来，王夫人命她到园内照管。,74-001,74-009,high,由W33事件按回内顺序聚合；本时段含2个场组候选。
TB-074-002,74,第七十四回　惑奸谗抄检大观园　矢孤介杜绝宁国府,2,第74回第2叙事时段,起：王善保家的进谗晴雯“妖妖调调不成体统”，为后续抄检与晴雯之死埋下导火索。；王夫人触动往事：曾见水蛇腰削肩膊眼净像黛玉的丫头骂小丫头；将晴雯仪容对号入座，命召晴雯来不许辩。；晴雯病中来见，形貌恰合王夫人心证；晴雯自保称不常进宝玉房，乃老太太派来看屋上夜，宝玉之事不留心；王夫人暂信，命出去改日处治。；承/结：王善保家的献计：趁夜园门关后带人冷不防入各处丫头房里搜检；王夫人凤姐商议定。；晚饭后贾母安寝，王善保家的与凤姐带人进园上锁角门，…；起：晴雯闯入掷箱翻物，反论王善保家的；凤姐顾邢夫人脸面喝住；终搜不出私弊。；凤姐告王善保家的：宝钗屋断乎抄不得；至潇湘馆不惊动黛玉；在紫鹃处搜出宝玉旧物，凤姐笑解命放下。；承/结：探春早得报信，秉烛开门自请抄检，断不许旁人搭手翻丫头。；探春痛言“百足之虫死而不僵”，大族若从外杀不死，须先从家里自杀自灭；说罢落泪。；王善保家的趁势作脸掰探春衣襟笑称翻身；探春掌掴怒斥“狗仗人势”，侍书出门压她；凤姐笑称主仆同调。,74-010,74-019,high,由W33事件按回内顺序聚合；本时段含2个场组候选。
TB-074-003,74,第七十四回　惑奸谗抄检大观园　矢孤介杜绝宁国府,3,第74回收束时段,起：抄至惜春处，在入画箱中搜出银锭子、玉带板、男人靴袜等物，抄奸反得贼赃。；入画哭诉银物由珍大爷赏其哥寄收；惜春见不惯，冷绝表态“我只能保住自己”，拒为宁府开脱。；承/结：至迎春房搜司棋箱，搜出男子绵袜缎鞋同心如意与红字帖，潘又安约会并寄香袋，司棋事败露。；凤姐念字帖，王善保家的反拿住外孙女；王家的打自己脸骂自己；司棋无惧，夜监守取证，惜春宣言杜绝宁府。；起：抄至惜春处，在入画箱中搜出银锭子、玉带板、男人靴袜等物，抄奸反得贼赃。；入画哭诉银物由珍大爷赏其哥寄收；惜春见不惯，冷绝表态“我只能保住自己”，拒为宁府开脱。；承/结：至迎春房搜司棋箱，搜出男子绵袜缎鞋同心如意与红字帖，潘又安约会并寄香袋，司棋事败露。；凤姐念字帖，王善保家的反拿住外孙女；王家的打自己脸骂自己；司棋无惧，夜监守取证，惜春宣言杜绝宁府。,74-020,74-023,high,由W33事件按回内顺序聚合；本时段含1个场组候选。
TB-075-001,75,第七十五回　開夜宴异兆發悲音　賞中秋新詞得佳讖,1,第75回开端时段,起：尤氏从惜春处赌气欲往王夫人处，闻甘家来人报怨，回忆甘家获罪抄没入京治罪。；承/结：尤氏洗脸丫头招呼不周，冷笑讥府下人只讲外面假礼假体面。；起：宝钗突至，以薛姨妈不适、两婆子病倒为由欲搬回宅外陪伴，建议请史湘云陪李纨。；承/结：贾母饭桌各房孝敬旧规；王夫人吃斋，贾母叮嘱日后不必天天送。,75-001,75-008,high,由W33事件按回内顺序聚合；本时段含2个场组候选。
TB-075-002,75,第七十五回　開夜宴异兆發悲音　賞中秋新詞得佳讖,2,第75回第2叙事时段,起：贾母命送红稻米粥与凤姐、果子与平儿；鸳鸯与贾母斗嘴“可着头做帽子”“巧媳妇做不出没米粥”。；承/结：尤氏陪贾母说笑起更方告辞；二门外上车，车内向银蝶儿说门首将来几辆大车。；起：补叙贾珍居丧无聊，日间以习射为名立罚约赌利物，晚间演为骨牌斗叶掷骰，几月间赌局成风。；承/结：邢德全与薛蟠入局，陪酒小厮粉妆锦饰，薛蟠扛输后渐翻。,75-009,75-012,high,由W33事件按回内顺序聚合；本时段含2个场组候选。
TB-075-003,75,第七十五回　開夜宴异兆發悲音　賞中秋新詞得佳讖,3,第75回第3叙事时段,起：薛蟠搂小厮吃酒，邢德全输酒醒怒骂，场面混乱。；承/结：十四夜贾珍会芳园丛绿堂宴妻妾，更后风清月朗，令佩凤吹笛、文花唱曲，行令饮酒。；起：三更墙下忽闻长叹与祠堂门扉开阖之声，风气森森月色淡淡，异兆发悲音。；承/结：十五日早行朔望礼，祠内如旧无怪；贾珍自觉醉后自怪不提，锁禁起来；夕后夫妻至荣府。,75-013,75-019,high,由W33事件按回内顺序聚合；本时段含2个场组候选。
TB-075-004,75,第七十五回　開夜宴异兆發悲音　賞中秋新詞得佳讖,4,第75回收束时段,起：贾母房谈话，问宝玉习箭进步命别贪力；又赞月饼新厨子，议西瓜多雨。；承/结：众人至凸碧山庄赏月，贾母命折桂花击鼓传花，贾政讲怕老婆笑话，众皆笑。；起：传花到宝玉，限“秋”字即景作诗；贾政嫌其不习正书仍命取海南扇；贾兰作诗贾政喜。；承/结：传花到贾环，作诗；贾政以其“邪派”不悦，贾赦却赞其气骨并许世袭前程。,75-020,75-024,high,由W33事件按回内顺序聚合；本时段含2个场组候选。
TB-076-001,76,第七十六回　凸碧堂品笛感凄清　凹晶馆聯诗悲寂寞,1,第76回开端时段,起：凸碧堂撤围并席，贾母叹少冷清。；贾母举杯叹老爷团圆，王夫人赞骨肉齐全。；铺毯赏月，命女伶远处吹笛。；承/结：邢夫人报贾赦歪腿，尤氏坚持留下陪贾母。；起：桂树下笛音初起，众人肃然默赏。；鸳鸯劝歇，笛音再起愈凄凉。；承/结：尤氏讲“四个儿子”笑话，贾母困倦欲睡。；王夫人劝歇，贾母散席。,76-001,76-008,high,由W33事件按回内顺序聚合；本时段含2个场组候选。
TB-076-002,76,第七十六回　凸碧堂品笛感凄清　凹晶馆聯诗悲寂寞,2,第76回第2叙事时段,起：翠缕紫鹃寻黛玉，问姑娘不在。；黛玉湘云对景感怀，湘云劝联句。；湘云辩凸凹历典，黛玉答是自己所拟。；凹晶馆竹墩坐下，皓月与水光上下争辉。；湘云欲归，黛玉言胜事若求全何所乐。；承/结：二人定五言排律十三元难韵，数栏杆根字。；起：联句起：三五中秋夕；湘云续清游拟上元等。；联句续：匝地管弦繁·几处狂飞盏 → 轻寒风剪剪。；联句续：良夜景暖暖·争饼嘲黄发 → 分瓜笑绿媛·香新荣玉桂。；联句续：色健茂金萏·蜡烛辉琼宴 → 筹乱绮园·分曹尊一令。；联句续：射覆听三宣·骰彩红成点 → 传花鼓滥喧·晴光摇院宇。；联句续：素彩接乾坤·赏罚无宾主 → 吟诗序仲昆·构思时倚槛。；联句续：拟句或依门·酒尽情犹在 → 更残乐已谖·渐闻语笑寂。；承/结：联句续：空剩雪霜痕·阶露团…,76-009,76-025,high,由W33事件按回内顺序聚合；本时段含2个场组候选。
TB-076-003,76,第七十六回　凸碧堂品笛感凄清　凹晶馆聯诗悲寂寞,3,第76回收束时段,起：名句：寒塘渡鹤影·冷月葬诗魂（黛玉诗谶）。；承/结：妙玉自山石后转出，赞诗止悲，并邀至栊翠庵。；栊翠庵内烹茶，紫鹃翠缕赶至。；妙玉续诗十三韵，香篆销金鼎，烹茶细论。；天明歇息，黛玉湘云告辞，妙玉掩门。；起：名句：寒塘渡鹤影·冷月葬诗魂（黛玉诗谶）。；承/结：妙玉自山石后转出，赞诗止悲，并邀至栊翠庵。；栊翠庵内烹茶，紫鹃翠缕赶至。；妙玉续诗十三韵，香篆销金鼎，烹茶细论。；天明歇息，黛玉湘云告辞，妙玉掩门。,76-026,76-030,high,由W33事件按回内顺序聚合；本时段含1个场组候选。
TB-077-001,77,第七十七回　俏丫鬟抱屈夭風流　美優伶斬情歸水月,1,第77回开端时段,起：王夫人配调经养荣丸·寻上等人参不得；承/结：向凤姐邢夫人寻参无果·贾母命鸳鸯取来二两老参；起：王夫人问搜检下落·议直带司棋至邢夫人处；承/结：周瑞家的至迎春房·迎春含泪似不舍·司棋跪求不应,77-001,77-007,high,由W33事件按回内顺序聚合；本时段含3个场组候选。
TB-077-002,77,第七十七回　俏丫鬟抱屈夭風流　美優伶斬情歸水月,2,第77回第2叙事时段,起：迎春语总有一散·司棋耳边托救；承/结：绣橘含泪追送绢包相赠·司棋与绣橘相哭；起：晴雯四五日不进米·拖下炕蹬头垄面攒架而出；承/结：王夫人查蕙香四儿·同日生日案·命领出配人,77-008,77-014,high,由W33事件按回内顺序聚合；本时段含3个场组候选。
TB-077-003,77,第七十七回　俏丫鬟抱屈夭風流　美優伶斬情歸水月,3,第77回第3叙事时段,起：断芳官狐狸精·唱戏女孩一概令各干娘领出；承/结：宝玉叹晴雯嫩兰送猪圈·再哭；起：晴雯索茶·油羶吊子·绛红咸涩如甘露；承/结：晴雯诉虚名之冤·气往上咽·两手冰凉,77-015,77-027,high,由W33事件按回内顺序聚合；本时段含3个场组候选。
TB-077-004,77,第七十七回　俏丫鬟抱屈夭風流　美優伶斬情歸水月,4,第77回收束时段,起：晴雯咬指甲脱旧红绫小袄赠宝玉·互换贴身袄儿；承/结：晴雯嫂子掀帘腿夹宝玉调戏·宝玉惊慌欲拽；芳官藕蕊剪发做尼姑·水月庵智通地藏庵圆信拐去·王夫人允拜师,77-028,77-034,high,由W33事件按回内顺序聚合；本时段含3个场组候选。
TB-078-001,78,第七十八回　老學士閒徵姽嫿詞　痴公子杜撰芙蓉誄,1,第78回开端时段,起：王夫人趁便向贾母回明赶逐晴雯事，称其淘气懒病命薄难留，已令其家配人；并放梨香院学戏女孩儿。；贾母点头称正理，原本看晴雯言谈针线俱佳可备宝玉使唤，只叹其命薄变相。；承/结：王夫人自述三年前已择中袭人，从月银内悄批二两已二年，因宝玉年幼老爷恐耽书故未明说。；贾母笑称袭人素“没嘴的葫芦”，既已深知自无大错。；起：王夫人趁便向贾母回明赶逐晴雯事，称其淘气懒病命薄难留，已令其家配人；并放梨香院学戏女孩儿。；贾母点头称正理，原本看晴雯言谈针线俱佳可备宝玉使唤，只叹其命薄变相。；承/结：王夫人自述三年前已择中袭人，从月银内悄批二两已二年，因宝玉年幼老爷恐耽书故未明说。；贾母笑称袭人素“没嘴的葫芦”，既已深知自无大错。,78-001,78-004,high,由W33事件按回内顺序聚合；本时段含1个场组候选。
TB-078-002,78,第七十八回　老學士閒徵姽嫿詞　痴公子杜撰芙蓉誄,2,第78回第2叙事时段,起：迎春妆扮前来告辞过去，凤姐来请早安并伺候早饭。；王夫人问凤姐丸药进展，凤姐报还吃汤药已大好；王夫人议兰哥新奶子也妖调可去。；承/结：宝玉听信花神之说，悲生喜，欲往灵前一拜尽五六年情意。；宝玉走来扑空：晴雯咽气即报入要发送银，王夫人赏十两并命即刻送外焚化；哥嫂收其衣服簪环为后日计。；宝玉回房无味，寻黛玉已往宝钗处；至蘅芜苑见寂静无人，证宝钗搬出；起“只怕同死同归”之念往潇湘馆等黛玉。；起：迎春妆扮前来告辞过去，凤姐来请早安并伺候早饭。；王夫人问凤姐丸药进展，凤姐报还吃汤药已大好；王夫人议兰哥新奶子也妖调可去。；承/结：宝玉听信花神之说，悲生喜，欲往灵前一拜尽五六年情意。；宝玉走来扑空：晴雯咽气即报入要发送银，王夫人赏十两并命即刻送外焚化；哥嫂收其衣服簪环为后日计。；宝玉回房无味，寻黛玉已往宝钗处；至蘅芜苑见寂静无人，证宝钗搬出；起“只怕同死同归”之念往潇湘馆等黛玉。,78-005,78-023,high,由W33事件按回内顺序聚合；本时段含1个场组候选。
TB-078-003,78,第七十八回　老學士閒徵姽嫿詞　痴公子杜撰芙蓉誄,3,第78回收束时段,起：王夫人丫头来找：老爷回来又得了好题目快走；宝玉随至书房。；贾政讲恒王镇青州选美女习武，林四娘姿色武艺皆精被超拔统辖，号“姽嫿将军”。；黄巾赤眉流贼复起恒王战殁，林四娘聚众女将连夜出城杀贼力战尽殁，朝野叹息。；承/结：回园独对池上芙蓉忆晴雯为花神转喜，又嗟叹死后未奠欲一祭尽礼。；宝玉作《芙蓉女儿诔》前序后歌：追思晴雯质洁神贵，叹谗口鸠鸩薋葹，责诐奴悍妇，寄高洁之志于芙蓉。；诔末长歌招魂：乘玉虯驾瑶象列羽葆迎送，祷卿来兮止兮归真；黄昏…；起：王夫人丫头来找：老爷回来又得了好题目快走；宝玉随至书房。；贾政讲恒王镇青州选美女习武，林四娘姿色武艺皆精被超拔统辖，号“姽嫿将军”。；黄巾赤眉流贼复起恒王战殁，林四娘聚众女将连夜出城杀贼力战尽殁，朝野叹息。；承/结：回园独对池上芙蓉忆晴雯为花神转喜，又嗟叹死后未奠欲一祭尽礼。；宝玉作《芙蓉女儿诔》前序后歌：追思晴雯质洁神贵，叹谗口鸠鸩薋葹，责诐奴悍妇，寄高洁之志于芙蓉。；诔末长歌招魂：乘玉虯驾瑶象列羽葆迎送，祷卿来兮止兮归真；黄昏…,78-024,78-034,high,由W33事件按回内顺序聚合；本时段含1个场组候选。
TB-079-001,79,第七十九回　薛文龍悔娶河東獅　賈迎春誤嫁中山狼,1,第79回开端时段,起：宝玉祭毕晴雯闻花影有声，见黛玉笑议诔文，引出“红绡帐里公子多情”一联。；承/结：宝玉回怡红院，王夫人遣老嬷嬷传话明早过贾赦处。；起：宝玉次日塞责，闻娶期急陪四丫鬟随嫁，跌足叹“少五个清洁人”。；承/结：宝玉信口吟“池塘一夜秋风冷”一歌。,79-001,79-011,high,由W33事件按回内顺序聚合；本时段含3个场组候选。
TB-079-002,79,第七十九回　薛文龍悔娶河東獅　賈迎春誤嫁中山狼,2,第79回第2叙事时段,起：吟罢背后香菱笑问，转身相见。；承/结：香菱问袭人、晴雯、迎春搬出空落落。；起：宝玉冷笑耽心虑后，香菱怒走。；承/结：次日宝玉怀惊恐悲凄成疾，卧床不起一月方愈。,79-012,79-018,high,由W33事件按回内顺序聚合；本时段含3个场组候选。
TB-079-003,79,第七十九回　薛文龍悔娶河東獅　賈迎春誤嫁中山狼,3,第79回第3叙事时段,起：贾母命百日保养禁足，不许出门。；承/结：禁足拘约中火星乱迸，与丫鬟们无法无天恣意耍笑。；起：夏金桂十七岁，外花柳内风雷，性气如盗跖。；承/结：桂花改名嫦娥花，禁人带金桂二字；薛蟠怜新弃旧凡事相让。,79-019,79-024,high,由W33事件按回内顺序聚合；本时段含3个场组候选。
TB-079-004,79,第七十九回　薛文龍悔娶河東獅　賈迎春誤嫁中山狼,4,第79回收束时段,起：一月相平二月气概渐低，金桂装病，薛姨妈骂薛蟠反安慰。；承/结：金桂持戈试马挑挖宝钗弹压，闲问香菱名字冷笑“不通”。；起：一月相平二月气概渐低，金桂装病，薛姨妈骂薛蟠反安慰。；承/结：金桂持戈试马挑挖宝钗弹压，闲问香菱名字冷笑“不通”。,79-025,79-026,high,由W33事件按回内顺序聚合；本时段含1个场组候选。
TB-080-001,80,第八十回　懦弱迎春腸回九曲　姣怯香菱病入膏肓,1,第80回开端时段,起：金桂冷笑菱角花不香·香菱辩清香；宝蟾提醒犯讳·金桂议改香为秋；承/结：薛蟠得陇望蜀觊觎宝蟾·金桂设计疏远香菱；薛蟠醉捏宝蟾手茶碗堕地·金桂冷笑识破；金桂攆薛蟠别宿·薛蟠跪被求宝蟾金桂许之；起：次日金桂让空·薛蟠宝蟾半推半就；金桂遣小舍儿差香菱取帕；香菱撞破羞避·宝蟾逃去反诬强逼；薛蟠迁怒啐骂·晚间烫脚赤身追打香菱；承/结：金桂令香菱让房铺地·夜七八次使唤,80-001,80-010,high,由W33事件按回内顺序聚合；本时段含2个场组候选。
TB-080-002,80,第八十回　懦弱迎春腸回九曲　姣怯香菱病入膏肓,2,第80回第2叙事时段,起：金桂装心疼·枕内抖出纸人嫁祸；金桂栽诬宝蟾·薛蟠欲拷问香菱；薛蟠抓门闩劈打香菱·薛姨妈出禁喝；金桂隔窗嚎啕挟制·诉宝蟾被霸占；薛姨妈怒欲叫人牙卖香菱·薛蟠低头；金桂隔窗发泼·薛姨妈气咽喝骂薛蟠；宝钗劝留香菱自使·薛姨妈从之；承/结：香菱从钗·对月伤悲成干血症；起：金桂寻趁宝蟾·宝蟾烈火干柴对抗；金桂作乐啃骨肆行海骂·宁荣皆叹；承/结：贾母令天齐庙还愿·宝玉喜不成眠；宝玉天齐庙焚化·王一贴戏说疗妒汤,80-011,80-024,high,由W33事件按回内顺序聚合；本时段含2个场组候选。
TB-080-003,80,第八十回　懦弱迎春腸回九曲　姣怯香菱病入膏肓,3,第80回收束时段,迎春归诉孙绍祖好色酗酒·辱骂充夫人；迎春住旧馆三日·孙家接去·邢夫人塞责；迎春归诉孙绍祖好色酗酒·辱骂充夫人；迎春住旧馆三日·孙家接去·邢夫人塞责,80-025,80-026,high,由W33事件按回内顺序聚合；本时段含1个场组候选。
TB-081-001,81,第八十一回　占旺相四美釣游魚　奉嚴詞兩番入家塾,1,第81回开端时段,起：王夫人为迎春伤感，宝玉请安见泪痕；宝玉替迎春不平，提出接回紫菱洲；王夫人以出嫁从夫驳回，宝玉郁闷出走；承/结：贾母留凤姐王夫人晚饭，玉钏传贾政找物；贾政王夫人谈迎春婚后受委屈；王夫人笑述宝玉接回迎春的孩子话；贾政认为宝玉在园中闲散，决定送入家塾；起：王夫人为迎春伤感，宝玉请安见泪痕；宝玉替迎春不平，提出接回紫菱洲；王夫人以出嫁从夫驳回，宝玉郁闷出走；承/结：贾母留凤姐王夫人晚饭，玉钏传贾政找物；贾政王夫人谈迎春婚后受委屈；王夫人笑述宝玉接回迎春的孩子话；贾政认为宝玉在园中闲散，决定送入家塾,81-001,81-025,high,由W33事件按回内顺序聚合；本时段含1个场组候选。
TB-081-002,81,第八十一回　占旺相四美釣游魚　奉嚴詞兩番入家塾,2,第81回收束时段,贾政召宝玉训斥其散荡，限一年长进；袭人为读书欢喜，宝玉求贾母阻拦未果；次日袭人唤宝玉起身，焙茗备书等物；贾政亲送宝玉到家塾，拜托代儒管教；代儒评价宝玉灵性尚可但心野贪顽，贾政辞去；贾政召宝玉训斥其散荡，限一年长进；袭人为读书欢喜，宝玉求贾母阻拦未果；次日袭人唤宝玉起身，焙茗备书等物；贾政亲送宝玉到家塾，拜托代儒管教；代儒评价宝玉灵性尚可但心野贪顽，贾政辞去,81-026,81-030,high,由W33事件按回内顺序聚合；本时段含1个场组候选。
TB-082-001,82,第八十二回　老學究講義警頑心　病瀟湘痴魂驚惡夢,1,第82回开端时段,起：贾政命宝玉随至家塾·送至塾门；代儒讲后生可畏章·警宝玉年华虚度；代儒续讲好德好色章·宝玉默然不语；承/结：袭人至潇湘·见黛玉病容；紫鹃出而叙黛玉病情·咳嗽渐沉；袭人对语忧黛玉病；袭人辞别潇湘·心怀焦虑归途；起：贾政命宝玉随至家塾·送至塾门；代儒讲后生可畏章·警宝玉年华虚度；代儒续讲好德好色章·宝玉默然不语；承/结：袭人至潇湘·见黛玉病容；紫鹃出而叙黛玉病情·咳嗽渐沉；袭人对语忧黛玉病；袭人辞别潇湘·心怀焦虑归途,82-001,82-012,high,由W33事件按回内顺序聚合；本时段含1个场组候选。
TB-082-002,82,第八十二回　老學究講義警頑心　病瀟湘痴魂驚惡夢,2,第82回收束时段,起：袭人路经薛家·闻夏金桂呐闹；袭人归怡红院·暗叹诸家纷扰；承/结：天明探春迎春惜春来探病；众人见黛玉憔悴·相劝节哀；紫鹃悄禄贾母黛玉病重；贾母惊问命延太医·派人请医；太医至潇湘·诊脉开方；王夫人凤姐过问黛玉病情；众人散去·潇湘馆灯火幽寂；起：袭人路经薛家·闻夏金桂呐闹；袭人归怡红院·暗叹诸家纷扰；承/结：天明探春迎春惜春来探病；众人见黛玉憔悴·相劝节哀；紫鹃悄禄贾母黛玉病重；贾母惊问命延太医·派人请医；太医至潇湘·诊脉开方；王夫人凤姐过问黛玉病情；众人散去·潇湘馆灯火幽寂,82-013,82-030,high,由W33事件按回内顺序聚合；本时段含1个场组候选。
TB-083-001,83,第八十三回　省宮闈賈元妃染恙　鬧閨閫薛寶釵吞聲,1,第83回开端时段,起：太医续诊黛玉病、叙 Ch82 未完；宝钗贾母凤姐齐至探病；太医再开方·众人安慰黛玉；承/结：香菱奉茶·被金桂寻行；金桂大骡香菱·薛姨妈听闻；金桂越骡越泼·薛姨妈忍气；起：太医续诊黛玉病、叙 Ch82 未完；宝钗贾母凤姐齐至探病；太医再开方·众人安慰黛玉；承/结：香菱奉茶·被金桂寻行；金桂大骡香菱·薛姨妈听闻；金桂越骡越泼·薛姨妈忍气,83-001,83-006,high,由W33事件按回内顺序聚合；本时段含1个场组候选。
TB-083-002,83,第八十三回　省宮闈賈元妃染恙　鬧閨閫薛寶釵吞聲,2,第83回第2叙事时段,起：宝钗至薛姨妈处·勝母忍泪；金桂闻劈越闹·摔碎器物；香菱含泪退避；薛姨妈痛哭·宝钗含泪勝慰；承/结：薛蔀归家闻闹·喘问宝蛾；薛蔀怒责宝蛾·欲打金桂；金桂哭闹愈闹·薛蔀无奈；起：宝钗至薛姨妈处·勝母忍泪；金桂闻劈越闹·摔碎器物；香菱含泪退避；薛姨妈痛哭·宝钗含泪勝慰；承/结：薛蔀归家闻闹·喘问宝蛾；薛蔀怒责宝蛾·欲打金桂；金桂哭闹愈闹·薛蔀无奈,83-007,83-013,high,由W33事件按回内顺序聚合；本时段含1个场组候选。
TB-083-003,83,第八十三回　省宮闈賈元妃染恙　鬧閨閫薛寶釵吞聲,3,第83回收束时段,起：宝钗暗自吞声泪流；薛姨妈气厊倒下；宝钗扶母上炙·延医诊治；薛姨妈卧床气塞·宝钗侍奉；承/结：贾母命贾琉赴薛家问安；贾琉至薛家·闻金桂事；贾琉与薛蔀商议·暂安抚金桂；薛蔀延医为母诊治；宝钗昼夜侍疾·薛姨妈渐安；两家调处·收束本回；起：宝钗暗自吞声泪流；薛姨妈气厊倒下；宝钗扶母上炙·延医诊治；薛姨妈卧床气塞·宝钗侍奉；承/结：贾母命贾琉赴薛家问安；贾琉至薛家·闻金桂事；贾琉与薛蔀商议·暂安抚金桂；薛蔀延医为母诊治；宝钗昼夜侍疾·薛姨妈渐安；两家调处·收束本回,83-014,83-030,high,由W33事件按回内顺序聚合；本时段含1个场组候选。
TB-084-001,84,第八十四回　試文字寶玉始提親　探驚風賈環重結怨,1,第84回开端时段,起：次日薛姨妈肝气疼·宝玉去探；宝钗煎钩藤汤劝慰薛姨妈；薛姨妈渐平·宝钗回怡红院；承/结：元妃疾愈太监传旨贾府谢恩；贾母王夫人率众入朝叩谢；众回府·贾政被唤出议事；起：次日薛姨妈肝气疼·宝玉去探；宝钗煎钩藤汤劝慰薛姨妈；薛姨妈渐平·宝钗回怡红院；承/结：元妃疾愈太监传旨贾府谢恩；贾母王夫人率众入朝叩谢；众回府·贾政被唤出议事,84-001,84-006,high,由W33事件按回内顺序聚合；本时段含1个场组候选。
TB-084-002,84,第八十四回　試文字寶玉始提親　探驚風賈環重結怨,2,第84回第2叙事时段,起：贾母向贾政夸宝玉文章长进；贾母议为宝玉择佳配·贾政唯诺；贾母回忆贾政年轻·众笑散席；承/结：宝玉奔至贾母处见薛姨妈在；薛姨妈诉金桂慤气宝钗辛苦；众人慨叹·宝玉索然；宝玉插话告辞回怡红院；起：贾母向贾政夸宝玉文章长进；贾母议为宝玉择佳配·贾政唯诺；贾母回忆贾政年轻·众笑散席；承/结：宝玉奔至贾母处见薛姨妈在；薛姨妈诉金桂慤气宝钗辛苦；众人慨叹·宝玉索然；宝玉插话告辞回怡红院,84-007,84-019,high,由W33事件按回内顺序聚合；本时段含1个场组候选。
TB-084-003,84,第八十四回　試文字寶玉始提親　探驚風賈環重結怨,3,第84回收束时段,起：贾政门客王尔调詹光闲谈；詹光提张家女议提亲；贾政转告贾母；贾母拒赘婿之议；承/结：琥珀传报巧姐惊风；众探巧姐请医诊治；医开药·凤姐侍奉；贾环来探弄倒药吊；凤姐怒骂赵姨娘；赵姨娘退出责环；引下回·收束本回；起：贾政门客王尔调詹光闲谈；詹光提张家女议提亲；贾政转告贾母；贾母拒赘婿之议；承/结：琥珀传报巧姐惊风；众探巧姐请医诊治；医开药·凤姐侍奉；贾环来探弄倒药吊；凤姐怒骂赵姨娘；赵姨娘退出责环；引下回·收束本回,84-020,84-030,high,由W33事件按回内顺序聚合；本时段含1个场组候选。
TB-085-001,85,第八十五回　賈存周報升郎中任　薛文起復惹放流刑,1,第85回开端时段,起：赵姨娘背后议宝玉得宠流言起；贾环借机加怨复萌嫌隙；流言传闻在内眷间暗起；承/结：贾政升员外郎中职报喜进门；王夫人薛姨妈道贺备酒；王子腾差人来贺贾母备宴；起：赵姨娘背后议宝玉得宠流言起；贾环借机加怨复萌嫌隙；流言传闻在内眷间暗起；承/结：贾政升员外郎中职报喜进门；王夫人薛姨妈道贺备酒；王子腾差人来贺贾母备宴,85-001,85-006,high,由W33事件按回内顺序聚合；本时段含1个场组候选。
TB-085-002,85,第八十五回　賈存周報升郎中任　薛文起復惹放流刑,2,第85回收束时段,起：北静王水溶生辰贾府备礼；宝玉随贾政赴北府拜寿受赐仿玉；归府众人传看仿玉；贾母赞玉宝玉佩仿玉与原玉同色；承/结：薛蜀在外酒后斗殴打死人；薛家差人急报薛姨妈；宝钗闻信悲泣；薛姨妈与薛蝕商议救薛蜀；遣人疏通官府求情；薛家变故牵动贾府；贾政从中调停；薛蜀暂收监待发落引下回；起：北静王水溶生辰贾府备礼；宝玉随贾政赴北府拜寿受赐仿玉；归府众人传看仿玉；贾母赞玉宝玉佩仿玉与原玉同色；承/结：薛蜀在外酒后斗殴打死人；薛家差人急报薛姨妈；宝钗闻信悲泣；薛姨妈与薛蝕商议救薛蜀；遣人疏通官府求情；薛家变故牵动贾府；贾政从中调停；薛蜀暂收监待发落引下回,85-007,85-030,high,由W33事件按回内顺序聚合；本时段含1个场组候选。
TB-086-001,86,第八十六回　受私賄老官翻案牘　寄閒情淑女解琴書,1,第86回开端时段,起：薛姨妈赴贾府求贾政关说案情；王夫人贾政商酌不便出面；薛姨妈议命薛蝰带银下乡打点；薛蝰赴当铺兌现银两准备出京；薛蝰与招员密议改供细节；失手误伤口径定下底稿；承/结：路人讣传元春病薨；贾母梦元春嘱退步抽身；起：薛姨妈赴贾府求贾政关说案情；王夫人贾政商酌不便出面；薛姨妈议命薛蝰带银下乡打点；薛蝰赴当铺兌现银两准备出京；薛蝰与招员密议改供细节；失手误伤口径定下底稿；承/结：路人讣传元春病薨；贾母梦元春嘱退步抽身,86-001,86-021,high,由W33事件按回内顺序聚合；本时段含1个场组候选。
TB-086-002,86,第八十六回　受私賄老官翻案牘　寄閒情淑女解琴書,2,第86回收束时段,起：宝钗讲八字飞天禄马格；众人议宝玉八字；众人议薛蟠运限；午后闲坐过渡；承/结：宝玉见黛玉琴谱请问；黛玉讲指法琴义；紫鵑秋纹送茶旁话；黛玉讲琴德修养；本回收束下接 Ch87；起：宝钗讲八字飞天禄马格；众人议宝玉八字；众人议薛蟠运限；午后闲坐过渡；承/结：宝玉见黛玉琴谱请问；黛玉讲指法琴义；紫鵑秋纹送茶旁话；黛玉讲琴德修养；本回收束下接 Ch87,86-022,86-030,high,由W33事件按回内顺序聚合；本时段含1个场组候选。
TB-087-001,87,第八十七回　感深秋撫琴悲往事　坐禪寂走火入邪魔,1,第87回开端时段,起：宝钗念旧情写四章书寄黛玉起首；宝钗书中以四章诗自述同病相怜寄黛玉；宝钗书末寄词慰黛玉过场；承/结：黛玉拚琴变徾凄凉之音骤起；妙玉听琴辨音调之不祥争弦之心；黛玉琴弦突断妙玉震慌走回；起：宝钗念旧情写四章书寄黛玉起首；宝钗书中以四章诗自述同病相怜寄黛玉；宝钗书末寄词慰黛玉过场；承/结：黛玉拚琴变徾凄凉之音骤起；妙玉听琴辨音调之不祥争弦之心；黛玉琴弦突断妙玉震慌走回,87-001,87-025,high,由W33事件按回内顺序聚合；本时段含1个场组候选。
TB-087-002,87,第八十七回　感深秋撫琴悲往事　坐禪寂走火入邪魔,2,第87回收束时段,妙玉背心坐禅心魔起走火入魔；妙玉走火入魔被道婆救护；惜春闻妙玉走火起偌心决出家修行；贾府上下闻讯各生推测过场；本回收束引纯下回贾珍鉴事；妙玉背心坐禅心魔起走火入魔；妙玉走火入魔被道婆救护；惜春闻妙玉走火起偌心决出家修行；贾府上下闻讯各生推测过场；本回收束引纯下回贾珍鉴事,87-026,87-030,high,由W33事件按回内顺序聚合；本时段含1个场组候选。
TB-088-001,88,第八十八回　博庭歡寶玉贊孤兒　正家法賈珍鞭悍仆,1,第88回开端时段,起：暗九前夕贾府上下议办过场；贾母念佛写经默过暗九生辰；王夫人凤姐分头预备点心过场；承/结：宝玉闻听贾母过暗九携蛈蛈来献；宝玉携贾兰共献蛈蛈博贾母一笑；贾母见贾兰乖巧赞为孤儿志气；贾母抚贾兰兼念贾珠同眼；宝玉举家业继承之论哄贾母；丫鬟添果送酒过场；起：暗九前夕贾府上下议办过场；贾母念佛写经默过暗九生辰；王夫人凤姐分头预备点心过场；承/结：宝玉闻听贾母过暗九携蛈蛈来献；宝玉携贾兰共献蛈蛈博贾母一笑；贾母见贾兰乖巧赞为孤儿志气；贾母抚贾兰兼念贾珠同眼；宝玉举家业继承之论哄贾母；丫鬟添果送酒过场,88-001,88-009,high,由W33事件按回内顺序聚合；本时段含1个场组候选。
TB-088-002,88,第八十八回　博庭歡寶玉贊孤兒　正家法賈珍鞭悍仆,2,第88回第2叙事时段,起：贾母触景念贾珠泪潸然；李纫忍泪听贾母诉旧；贾母叮嘱李纫守贾兰长成；众人解颐转颗过场；承/结：贾芸进荣府谒凤姐谋陵工差事；贾芸献礼请凤姐说情；凤姐拒收贾芸所献婉言推辞；贾芸悟悟而退过场；起：贾母触景念贾珠泪潸然；李纫忍泪听贾母诉旧；贾母叮嘱李纫守贾兰长成；众人解颐转颗过场；承/结：贾芸进荣府谒凤姐谋陵工差事；贾芸献礼请凤姐说情；凤姐拒收贾芸所献婉言推辞；贾芸悟悟而退过场,88-010,88-026,high,由W33事件按回内顺序聚合；本时段含1个场组候选。
TB-088-003,88,第八十八回　博庭歡寶玉贊孤兒　正家法賈珍鞭悍仆,3,第88回收束时段,凤姐归房灯下盘账过场；凤姐夜中梦魇惊起出冷汗；贾琅夜驰来报官事告急；本回收束引下回人亡物在公子填词；凤姐归房灯下盘账过场；凤姐夜中梦魇惊起出冷汗；贾琅夜驰来报官事告急；本回收束引下回人亡物在公子填词,88-027,88-030,high,由W33事件按回内顺序聚合；本时段含1个场组候选。
TB-089-001,89,第八十九回 人亡物在公子填词　蛇影杯弓颦卿绝粒,1,第89回开端时段,起：凤姐听工部官事·贾珍回报王夫人·贾政天天有事宝玉工课渐松；承/结：黛玉独想宝玉近来说话半吐半吞·忽冷忽热·不知他是什么意思；雪雁密告紫鹃·宝玉定了亲·知府家王大爷做媒·东府亲戚一说就成；依书消息源自小红·老太太之意不让宝玉野了心·不可露风；起：凤姐听工部官事·贾珍回报王夫人·贾政天天有事宝玉工课渐松；承/结：黛玉独想宝玉近来说话半吐半吞·忽冷忽热·不知他是什么意思；雪雁密告紫鹃·宝玉定了亲·知府家王大爷做媒·东府亲戚一说就成；依书消息源自小红·老太太之意不让宝玉野了心·不可露风,89-001,89-018,high,由W33事件按回内顺序聚合；本时段含1个场组候选。
TB-089-002,89,第八十九回 人亡物在公子填词　蛇影杯弓颦卿绝粒,2,第89回收束时段,鹦鹉学叫「姑娘回来了」·黛玉喂喍吃喍走到屋内歪烕泪泪地倍帐子；黛玉听得七八分·如身撚大海·应前日梦中之谶·千愁万恨堆上心来；黛玉打定主意早死·被也不盖衣也不添·合眼装睡·晚饭都不吃；紫鹃雪雁夜展重盖·黛玉二度蹬下被窝·两人问讨依书信息来源小红；次早黛玉独自呆坐·对镜呼呼自看·泪珠断断连连·早已湿透罗帕；「瘦影正临春水照 卿须怜我我怜卿」·黛玉点藏香继写经·借字迹代面影；鹦鹉学叫「姑娘回来了」·黛玉喂喍吃喍走到屋内歪烕泪泪地倍帐子；黛玉听得七八分·如身撚大海·应前日梦中之谶·千愁万恨堆上心来；黛玉打定主意早死·被也不盖衣也不添·合眼装睡·晚饭都不吃；紫鹃雪雁夜展重盖·黛玉二度蹬下被窝·两人问讨依书信息来源小红；次早黛玉独自呆坐·对镜呼呼自看·泪珠断断连连·早已湿透罗帕；「瘦影正临春水照 卿须怜我我怜卿」·黛玉点藏香继写经·借字迹代面影,89-019,89-024,high,由W33事件按回内顺序聚合；本时段含1个场组候选。
TB-090-001,90,第九十回 失绵衣贫女耐嗷噜　送菓品小郎惊叵测,1,第90回开端时段,起：黛玉绝粒不支·贾母盘问紫雪雪雁不敢说·紫鹃出门告报；雪雁悄问侍书·王大爷说亲是真么；侍书详述消息链·门客借事讨老爷喜欢·老太太心里有人在园中·亲上作亲；雪雁白白送命·侍书不信·紫鹃掰帘斥责；黛玉嗽声·紫鹃托水喝两口·问侍书·回探春好；黛玉病中耳聚·议而未成+亲上作亲+园中住者ͳ指向自己·阴极阳生心神清爽；贾母王夫人李纨凤姐赶来·黛玉病减·贾母夸紫鹃小孩子家不嘴懒脚嫩；谚语贊「心病终须心药治·解铃还是系铃人」；承/结：紫雪私议·三生…；起：黛玉绝粒不支·贾母盘问紫雪雪雁不敢说·紫鹃出门告报；雪雁悄问侍书·王大爷说亲是真么；侍书详述消息链·门客借事讨老爷喜欢·老太太心里有人在园中·亲上作亲；雪雁白白送命·侍书不信·紫鹃掰帘斥责；黛玉嗽声·紫鹃托水喝两口·问侍书·回探春好；黛玉病中耳聚·议而未成+亲上作亲+园中住者ͳ指向自己·阴极阳生心神清爽；贾母王夫人李纨凤姐赶来·黛玉病减·贾母夸紫鹃小孩子家不嘴懒脚嫩；谚语贊「心病终须心药治·解铃还是系铃人」；承/结：紫雪私议·三生…,90-001,90-012,high,由W33事件按回内顺序聚合；本时段含1个场组候选。
TB-090-002,90,第九十回 失绵衣贫女耐嗷噜　送菓品小郎惊叵测,2,第90回第2叙事时段,起：凤姐常入园照料·紫菱洲畔闻婆子吵嗓；婆子诉凤姐·黒儿阐邢姑娘处·丢东西被指贼不认；凤姐照脸啄·压声命攒婆子；岫烟求情·凤姐看岫烟分上饶婆子·婆子磕头出去；岫烟房内丢红小裄旧·皮绵半旧·被窝多半薄·桌上摆设收拾乾净；承/结：平儿回遇薛家婆子·问候姑娘回复凤姐；薛家闻岫烟事·薛姨娘宝戴滴泪·宝戴说败显注意·自己家人；薛蚩报薛蟠狐群狗党来访·赶出·蔣玉函未来；薛姨娘心伤有儿如无·后辈子靠薛蚩·议岫烟有廉耻有心计守贫耐富·完结正经事；起：凤姐常入园照料·紫菱洲畔闻婆子吵嗓；婆子诉凤姐·黒儿阐邢姑娘处·丢东西被指贼不认；凤姐照脸啄·压声命攒婆子；岫烟求情·凤姐看岫烟分上饶婆子·婆子磕头出去；岫烟房内丢红小裄旧·皮绵半旧·被窝多半薄·桌上摆设收拾乾净；承/结：平儿回遇薛家婆子·问候姑娘回复凤姐；薛家闻岫烟事·薛姨娘宝戴滴泪·宝戴说败显注意·自己家人；薛蚩报薛蟠狐群狗党来访·赶出·蔣玉函未来；薛姨娘心伤有儿如无·后辈子靠薛蚩·议岫烟有廉耻有心计守贫耐富·完结正经事,90-013,90-024,high,由W33事件按回内顺序聚合；本时段含1个场组候选。
TB-090-003,90,第九十回 失绵衣贫女耐嗷噜　送菓品小郎惊叵测,3,第90回收束时段,起：薛蚩房中思岫烟寄人篡下·天意不均·金桂泼辣·岫烟凄凉；薛蚩作诗「蛟龙失水似枯鱼·两地情怀感索居·同在泥涂多受苦·不知何日向清虚」·夹书里；承/结：宝蝉推门送四碟菜果一壶酒·称大奶奶（金桂）叫送；宝蝉笑瞢薛蚩·「自家人不必说这些套话」·「伏侍着大爷伏侍着二爷」；薛蚩秉性忠厚年轻·留果辞酒·宝蝉谢不可拿回；宝蝉出门前指里屋笑·「他还只怕要来亲自给你道乏呢」·薛蚩赸赸；起：薛蚩房中思岫烟寄人篡下·天意不均·金桂泼辣·岫烟凄凉；薛蚩作诗「蛟龙失水似枯鱼·两地情怀感索居·同在泥涂多受苦·不知何日向清虚」·夹书里；承/结：宝蝉推门送四碟菜果一壶酒·称大奶奶（金桂）叫送；宝蝉笑瞢薛蚩·「自家人不必说这些套话」·「伏侍着大爷伏侍着二爷」；薛蚩秉性忠厚年轻·留果辞酒·宝蝉谢不可拿回；宝蝉出门前指里屋笑·「他还只怕要来亲自给你道乏呢」·薛蚩赸赸,90-025,90-030,high,由W33事件按回内顺序聚合；本时段含1个场组候选。
TB-091-001,91,第九十一回　縱淫心寶蟾工設計　布疑陣寶玉妄談禪,1,第91回开端时段,起：薛蝌狐疑·闻窗外一笑·心想不是宝蟾定是金桂·只不理他们看他们有什么法儿；窗纸微响·薛蝌反疑·掩怀坐灯前·果子翻来覆去细看；窗上纸湿·外面吹气·薛蝌大跳·连忙吹灯屏息而卧；闻「二爷为什么不喝酒吃果子就睡了」·宝蟾语音·薛蝌不作声装睡；复闻「没造化的人」恨声·似宝蟾又似金桂·薛蝌翻来覆去至五更方睡；承/结：天明扣门·宝蟾拢头发掩怀·片锦边琵琶襟小紧身·松花绿汗巾·石榴红洒花夹裤·新绣红鞋；宝蟾脸红不答·端碟而去·薛蝌暗想「他们恼了死心…；起：薛蝌狐疑·闻窗外一笑·心想不是宝蟾定是金桂·只不理他们看他们有什么法儿；窗纸微响·薛蝌反疑·掩怀坐灯前·果子翻来覆去细看；窗上纸湿·外面吹气·薛蝌大跳·连忙吹灯屏息而卧；闻「二爷为什么不喝酒吃果子就睡了」·宝蟾语音·薛蝌不作声装睡；复闻「没造化的人」恨声·似宝蟾又似金桂·薛蝌翻来覆去至五更方睡；承/结：天明扣门·宝蟾拢头发掩怀·片锦边琵琶襟小紧身·松花绿汗巾·石榴红洒花夹裤·新绣红鞋；宝蟾脸红不答·端碟而去·薛蝌暗想「他们恼了死心…,91-001,91-008,high,由W33事件按回内顺序聚合；本时段含1个场组候选。
TB-091-002,91,第九十一回　縱淫心寶蟾工設計　布疑陣寶玉妄談禪,2,第91回第2叙事时段,起：金桂怕白闹一场反被宝蟾瞧不起·又可惜薛蝌这个人·心里没了主意怔怔坐着；宝蟾自料薛蟠难归·欲寻头路·乐得借风使船先弄薛蝌到手；宝蟾彻夜想法·换动人衣服不梳洗显娇媚·装恼索性不理·故留酒壶为搭转之地；金桂一夜不睡·想须与宝蟾共谋·分惠宝蟾令其作脚·带笑问「你看二爷到底是个怎么样的人」；宝蟾答「倒像个糊涂人」·金桂笑「如何说起爷们来了」；宝蟾「他辜负奶奶的心」·好东西不吃·却把眼溜着金桂一笑；金桂恼羞「小蹄子你心里看上了拿我作筏子」·宝…；起：金桂怕白闹一场反被宝蟾瞧不起·又可惜薛蝌这个人·心里没了主意怔怔坐着；宝蟾自料薛蟠难归·欲寻头路·乐得借风使船先弄薛蝌到手；宝蟾彻夜想法·换动人衣服不梳洗显娇媚·装恼索性不理·故留酒壶为搭转之地；金桂一夜不睡·想须与宝蟾共谋·分惠宝蟾令其作脚·带笑问「你看二爷到底是个怎么样的人」；宝蟾答「倒像个糊涂人」·金桂笑「如何说起爷们来了」；宝蟾「他辜负奶奶的心」·好东西不吃·却把眼溜着金桂一笑；金桂恼羞「小蹄子你心里看上了拿我作筏子」·宝…,91-009,91-022,high,由W33事件按回内顺序聚合；本时段含1个场组候选。
TB-091-003,91,第九十一回　縱淫心寶蟾工設計　布疑陣寶玉妄談禪,3,第91回收束时段,起：薛蟠信回·道里反驳府详·知县申饬·要亲提·母快托人求道爷·叫兄弟快来·银子短不得·火速火速；薛姨妈哭·薛蝌连夜起程·同李祥、当中夥计·宝钗亲来帮着直闹至四更才歇；宝钗满面通红身如燔灼·话都不说·宝琴秋菱泣·凤姐送十香返魂丹·王夫人送至宝丹·冷香丸三丸才好；薛蝌又信·薛姨妈求王夫人·王夫人求贾政·「上头可托底下难托必须打点」·又提宝钗亲事；贾政议定·今冬放定·明春过礼·过老太太生日后定日子娶·贾母甚喜；承/结：宝玉学房回·贾母房问宝…；起：薛蟠信回·道里反驳府详·知县申饬·要亲提·母快托人求道爷·叫兄弟快来·银子短不得·火速火速；薛姨妈哭·薛蝌连夜起程·同李祥、当中夥计·宝钗亲来帮着直闹至四更才歇；宝钗满面通红身如燔灼·话都不说·宝琴秋菱泣·凤姐送十香返魂丹·王夫人送至宝丹·冷香丸三丸才好；薛蝌又信·薛姨妈求王夫人·王夫人求贾政·「上头可托底下难托必须打点」·又提宝钗亲事；贾政议定·今冬放定·明春过礼·过老太太生日后定日子娶·贾母甚喜；承/结：宝玉学房回·贾母房问宝…,91-023,91-030,high,由W33事件按回内顺序聚合；本时段含1个场组候选。
TB-092-001,92,第九十二回　評女傳巧姐慕賢良　玩母珠賈政參聚散,1,第92回开端时段,起：宝玉从潇湘馆回怡红院，经秋纹哄言后放下心，袭人问其去向。；袭人议禅语宜改家常，宝玉反驳“自家禅机他人不懂”。；宝玉自白言语留神、与黛玉渐遥；袭人应应长大须稳重。；宝玉追问贾母消息，提消寒会老规矩与已告学房假。；承/结：众姐妹齐至，独薛姨妈未到，贾母再命请。；宝琐、岫烟缺席，黛玉穷问、薛姨妈以病掩饰·暗线议婚伏笔。；邢王二夫人至，凤姐以病托平儿先告假，众人围炉闲谈。；起：宝玉从潇湘馆回怡红院，经秋纹哄言后放下心，袭人问其去向。；袭人议禅语宜改家常，宝玉反驳“自家禅机他人不懂”。；宝玉自白言语留神、与黛玉渐遥；袭人应应长大须稳重。；宝玉追问贾母消息，提消寒会老规矩与已告学房假。；承/结：众姐妹齐至，独薛姨妈未到，贾母再命请。；宝琐、岫烟缺席，黛玉穷问、薛姨妈以病掩饰·暗线议婚伏笔。；邢王二夫人至，凤姐以病托平儿先告假，众人围炉闲谈。,92-001,92-021,high,由W33事件按回内顺序聚合；本时段含1个场组候选。
TB-092-002,92,第九十二回　評女傳巧姐慕賢良　玩母珠賈政參聚散,2,第92回第2叙事时段,起：旺儿家吸回以迎春名义转达司棋母求凤姐名目。；司棋被逐后日日悲啭；表兄归来被母打骂，司棋护兄言曾为他出。；司棋誓一男一女拒讲兩已急命·撞压而死不肯再婚。；表兄倾献金珠首飾、辩自己刚测试司棋真心；母心软。；表兄备双棺收拾司棋后静静刀抹啶子同死。；母懊悔畏官司，托旺儿家代求凤姐以情平息。；凤姐叹僻丫碰僻小子烈性、许交旺儿处理后转赴贾母处。；承/结：贾政与詹光对弈将终，馮紫英至观局。；对弈终局诩光输七子，冯紫英点评打结失利。；冯紫英报广西…；起：旺儿家吸回以迎春名义转达司棋母求凤姐名目。；司棋被逐后日日悲啭；表兄归来被母打骂，司棋护兄言曾为他出。；司棋誓一男一女拒讲兩已急命·撞压而死不肯再婚。；表兄倾献金珠首飾、辩自己刚测试司棋真心；母心软。；表兄备双棺收拾司棋后静静刀抹啶子同死。；母懊悔畏官司，托旺儿家代求凤姐以情平息。；凤姐叹僻丫碰僻小子烈性、许交旺儿处理后转赴贾母处。；承/结：贾政与詹光对弈将终，馮紫英至观局。；对弈终局诩光输七子，冯紫英点评打结失利。；冯紫英报广西…,92-022,92-034,high,由W33事件按回内顺序聚合；本时段含1个场组候选。
TB-092-003,92,第九十二回　評女傳巧姐慕賢良　玩母珠賈政參聚散,3,第92回收束时段,贾赦至宴，冯紫英叹洋货难销、贾赦叹家道空門；议珍大爷续娶胡氏女远不及秦氏。；贾赦至宴，冯紫英叹洋货难销、贾赦叹家道空門；议珍大爷续娶胡氏女远不及秦氏。,92-035,92-035,high,由W33事件按回内顺序聚合；本时段含1个场组候选。
TB-093-001,93,第九十三回　甛家僕投靠賈家門　水月菴掀翻風月案,1,第93回开端时段,起：贾政问门上临安伯请酒事并决赴约、门上再通报衡门堂派及郝家庄管屯家人来请安；贾琅问租子管家得知郝家庄十月租子押运被衙役无故掰下抢车、车夫被打的经过；贾琅怒写帖命家人要车要东西；周瑞旺儿均不在家被斥终年吃粮不管事、命小厹寻人；次日临安伯再请；贾政有衡门、贾琅等车，決定由贾赦带宝玉应酬；承/结：包勇答甘家哥儿亦叫宝玉脉气一味诚实、自小只管和姐妹闹、打几次不改；甘宝玉病危半日梦入牌楼→姑娘→庙→柜子册子→无数女子变鬼骷髅；醒后改脉气专念书…；起：贾政问门上临安伯请酒事并决赴约、门上再通报衡门堂派及郝家庄管屯家人来请安；贾琅问租子管家得知郝家庄十月租子押运被衙役无故掰下抢车、车夫被打的经过；贾琅怒写帖命家人要车要东西；周瑞旺儿均不在家被斥终年吃粮不管事、命小厹寻人；次日临安伯再请；贾政有衡门、贾琅等车，決定由贾赦带宝玉应酬；承/结：包勇答甘家哥儿亦叫宝玉脉气一味诚实、自小只管和姐妹闹、打几次不改；甘宝玉病危半日梦入牌楼→姑娘→庙→柜子册子→无数女子变鬼骷髅；醒后改脉气专念书…,93-001,93-021,high,由W33事件按回内顺序聚合；本时段含1个场组候选。
TB-093-002,93,第九十三回　甛家僕投靠賈家門　水月菴掀翻風月案,2,第93回收束时段,起：一日早起门上交头接耳；贾政问出大门贴一张白纸写许多不成事体的字、命拿来看；无头榜诗：西贝草斤年纪轻水月庵管尼僧一男多女窝娼聚赌、不肖子弟荣国府内新闻；贾政头晕命勿声张、就两府夹道墙再寻；召贾琅问水月庵；贾蓉送同文密书；贾政命赖大带三四辆车子到水月庵将女尼女道士齐拉回只说里头传唤；承/结：贾政气得衡门不能上坐书房叹气；该班张老爷病衡门请补一班；贾琅劝贾政上班、等赖大押送别声张、明日回来发落芹儿；凤姐病中听平儿误说馒头庵惊急火攻心吐血…；起：一日早起门上交头接耳；贾政问出大门贴一张白纸写许多不成事体的字、命拿来看；无头榜诗：西贝草斤年纪轻水月庵管尼僧一男多女窝娼聚赌、不肖子弟荣国府内新闻；贾政头晕命勿声张、就两府夹道墙再寻；召贾琅问水月庵；贾蓉送同文密书；贾政命赖大带三四辆车子到水月庵将女尼女道士齐拉回只说里头传唤；承/结：贾政气得衡门不能上坐书房叹气；该班张老爷病衡门请补一班；贾琅劝贾政上班、等赖大押送别声张、明日回来发落芹儿；凤姐病中听平儿误说馒头庵惊急火攻心吐血…,93-022,93-035,high,由W33事件按回内顺序聚合；本时段含1个场组候选。
TB-094-001,94,第九十四回　宴海棠賈母賞花妖　失寶玉通靈知奇禍,1,第94回开端时段,起：赖大带贾芹出来静候贾政，婆子和小厹看守园里女尼不准走开，女孩子们坐等天亮。；贾政因堂上发下工佑锁册子不能回家，令人回传贾琏按宜查办芹儿事，不等他。；承/结：贾琏先替芹儿喜欢又恐贾政生疑，决计先进内讨王夫人的主意了再办。；王夫人咤异贴帖者渾噪亦可恶，问贾琏是否查过芹儿确无此事。；贾琏答芹儿不敢行此事亦不肯承，王夫人问女孩子位置及姑娘知情。；王夫人定策查文书僱船送女尼回本地，芹儿狠训非祭事不上门，水月庵除上坟禁爷们接待再不好则攒逐老姑…；起：紫鹃到贾母处打听女尼事遇鸳鸯，傅试家两女人来请安，因贾母睡晚觉先回。；鸳鸯说傅家献宝夸姑娘贤能孝敬和平老太太爱听，对宝玉不厌烦其家老婆子甚奇。；鸳鸯闲述傅家望与贾家作亲、不断誉奖奶承将贾母的心都说活了。；紫鹃假意问太太喜欢何不给宝玉定亲，鸳鸯欲言因贾母醒而止，紫鹃起身返园。；承/结：宝玉因花思晴雯死年海棠死、今复荣而晴雯不能复生转喜为悲඾又想五儿补入花为他开转悲为喜。,94-001,94-023,high,由W33事件按回内顺序聚合；本时段含2个场组候选。
TB-094-002,94,第九十四回　宴海棠賈母賞花妖　失寶玉通靈知奇禍,2,第94回收束时段,起：贾母扶珍珠回、平儿来送两匹红为宝二爷包花作贺礼，贾母笑赞凤姐行事体面有趣，袭人请平儿传谢。；贾母笑赞凤姐病中想到送的巧；平儿私嘱袭人铰红绸挂应在喜事上以后不必当奇事混说。；承/结：探春计叫平儿哄环儿拿出඾平儿在里间笑问环儿瞄见玉没有඾贾环紫漲了脸瞪眼怒斥疑他犯案贼඾平儿陪笑但环儿起身走。；宝玉急筱不要玩养了环儿一去必喱满院知，袭人哭号粉身碎骨；宝玉欲说砸平儿反驳，欲说前日南安王府丢，探春质疑当日不来回。；起：赵姨娘哭喚推环儿来证说拷问环儿是贼，环儿亦喚哭඾李纫欲勝解丫头报太太来，众人赶忙迎接，赵姨娘暂不敢作声。；承/结：凤姐扶丰儿来到园里，王夫人说要从老太太丫头起至平儿认真查不然是断了宝玉的命根子。,94-024,94-037,high,由W33事件按回内顺序聚合；本时段含2个场组候选。
TB-095-001,95,第九十五回　因訛成實元妃薑逭　以假混真寳玉瘧顛,1,第95回开端时段,起：焙茗在门口对小丫头说宝玉的玉有了，小丫头急忙回来告诉宝玉；众人推宝玉出去门口问，宝玉觉放心。；宝玉走到门口问焙茗从哪里得的；焙茗说拿不来还得托人做保。；焙茗说跟着林爷爷去测字，听见在当铺找玉；跑到几个当铺去比瞧，有家说有。；焙茗说当铺里三百钱五百钱的玉都有，前儿一个后儿又一个；宝玉让去取来挑看。；袭人啐说二爷不用理他，她小时听哥哥说那些没钱用便去当的小玉儿家家当铺都有；大家听了笑起来让宝玉进屋，说焙茗说的玉不是正经东西。；承/结：…；起：焙茗在门口对小丫头说宝玉的玉有了，小丫头急忙回来告诉宝玉；众人推宝玉出去门口问，宝玉觉放心。；宝玉走到门口问焙茗从哪里得的；焙茗说拿不来还得托人做保。；焙茗说跟着林爷爷去测字，听见在当铺找玉；跑到几个当铺去比瞧，有家说有。；焙茗说当铺里三百钱五百钱的玉都有，前儿一个后儿又一个；宝玉让去取来挑看。；袭人啐说二爷不用理他，她小时听哥哥说那些没钱用便去当的小玉儿家家当铺都有；大家听了笑起来让宝玉进屋，说焙茗说的玉不是正经东西。；承/结：…,95-001,95-022,high,由W33事件按回内顺序聚合；本时段含1个场组候选。
TB-095-002,95,第九十五回　因訛成實元妃薑逭　以假混真寳玉瘧顛,2,第95回收束时段,起：贾政满脸泪痕喘吁吁进来说娘娘忽得暴病现在太监在外立等说太医院已奏明痰厥不能医治，让王夫人禀老太太即刻进宫伏侍进去说得宽缓些不要吓坏老人家；王夫人听说便大哭起来。；王夫人收泪请贾母只说元妃有病进去请安；贾母念佛道怎么又病了前番吓的我了不得后来又打听错了这回情愿再错了也罢；催鸳鸯等开箱取衣饰穿戴起来；王夫人赶回自己房穿戴好过来伺候，一时出厅上轿进宫。；元春自选凤藻宫后圣眷隆重身体发福举动费力每日起居劳乏时发痰疾；前日侍宴回宫偶沾寒气勾…；起：贾政满脸泪痕喘吁吁进来说娘娘忽得暴病现在太监在外立等说太医院已奏明痰厥不能医治，让王夫人禀老太太即刻进宫伏侍进去说得宽缓些不要吓坏老人家；王夫人听说便大哭起来。；王夫人收泪请贾母只说元妃有病进去请安；贾母念佛道怎么又病了前番吓的我了不得后来又打听错了这回情愿再错了也罢；催鸳鸯等开箱取衣饰穿戴起来；王夫人赶回自己房穿戴好过来伺候，一时出厅上轿进宫。；元春自选凤藻宫后圣眷隆重身体发福举动费力每日起居劳乏时发痰疾；前日侍宴回宫偶沾寒气勾…,95-023,95-044,high,由W33事件按回内顺序聚合；本时段含1个场组候选。
TB-096-001,96,第九十六回　瞎消息鳯姐设竊谋　洩机关颠儿迷本性,1,第96回开端时段,起：贾琏拿假玉忿忿走出到书房，那人见贾琏气色不好心里先发虚连忙站起来迎着，刚要说话。；贾琏冷笑大叱「好大胆，这里是什么地方兒你敢来掉鬼」，呼小厦取绳子绑他等老爷回来送到衙门。；那人跪地磕头认错「我一时穷极无奈才想出这个没脸的营生、玩是借钱做的、孝敬府里的哥儿」，贾琏啕斥「不知死活的」。；赖大劰免，贾琏作好作歹，那人磕两个头抱头鼠竤而去，从此街上闹动「贾宝玉弄出假宝玉」来。；承/结：贾母想「若等这几件事过去父亲又走了倘或这病一天重似一天…；起：宝玉见过贾政袭人扶回里间炓上，因贾政在外无人敢与宝玉说话，宝玉便昏昏沉沉的睡去；贾母与贾政所说的话宝玉一句也没听见。；承/结：王夫人仍到贾母跟前贾母正在那里和凤姐商议问「袭人丫头说什么这么鬼鬼祟祟」。；王夫人将宝玉心事细细回明贾母，贾母听了半日没言语叹「别的事都好说林丫头倒没什么若宝玉真是这样这可呼人作了难了」。,96-001,96-032,high,由W33事件按回内顺序聚合；本时段含2个场组候选。
TB-096-002,96,第九十六回　瞎消息鳯姐设竊谋　洩机关颠儿迷本性,2,第96回收束时段,起：凤姐想了一个主意「难倒不难只是我想了个主意不知姑妈肯不肯」，王夫人「你有主意只管说给老太太听」。；凤姐「依我想这件事只有一个掉包儿的法子」，「如今不管宝兄弟明白不明白大家吵喲起来说是老爷做主将林姑娘配了他了」。；凤姐走到王夫人耳边如此这般的说了一遍，王夫人点了几点头笑了一笑说「也罢了」。；贾母问「你娘儿两个据鬼到底告诉我是怎么着」凤姐耳边向贾母述说，贾母笑「可也放是太苦了宝丫头若吵喲出来林丫头又怎么样呢」。；承/结：丫头传进话来「…；起：一日黛玉早饭后带紫鵑到贾母这边来一则请安二则为自己散闷。出潇湘馆走了几步忘了手绗子呼紫鵑回去取。；承/结：黛玉不似先前软自己掀簾子进来贾母歇中觉袭人出让「宝二爷在家麼」对面宝玉坐不起来只嘙嘙傻笑两人对脸傻笑本回结。,96-033,96-055,high,由W33事件按回内顺序聚合；本时段含2个场组候选。
TB-097-001,97,第九十七回　林黛玉焚稿斷痴情　薛寶釵出閨成大禮,1,第97回开端时段,起：黛玉行至潇湘馆门口，听紫鹃一语更动心神，吐血几乎晕倒，秋纹紫鹃合力扶回。；秋纹离后紫鹃雪雁守床，黛玉渐苏醒反问二人为何哭泣。；黛玉笑答尚未能死，话音未落又喘作一团。；吐血之后黛玉反倒清醒，数年心病一朝明白，反而不伤心，惟求速死以完此债。；承/结：贾母王夫人凤姐同至薛家，薛姨妈感激述薛蟠近况。；凤姐拦薛姨妈不告宝钗，陷请其移步贾府商议要紧事。；凤姐向薛姨妈全羽阐冲喜论：借金锁压邪气、让贾政外任前看宝玉成家放心。；薛姨妈心愿虑宝钗委屈…；起：薛姨妈回家细告宝钗、明言已应承。；宝钗低头不语后自垂泪，薛姨妈好言劝慰解释——宝钗律表辱克。；宝钗回房，宝琴陪她解闷。；承/结：薛姨妈派薛螃次日起程双重任务：打听审详、报信薛蟠。；薛螃四日返报：哥哥案准误杀保命、蛙妹事任母主。；薛姨妈喜二事完结，命薛螃办泥金庚帖送贾琏、请张德辉照料。,97-001,97-034,high,由W33事件按回内顺序聚合；本时段含2个场组候选。
TB-097-002,97,第九十七回　林黛玉焚稿斷痴情　薛寶釵出閨成大禮,2,第97回收束时段,起：次日贾琏捧通书来请姨太太明日过礼。；贾政定调简便办理、东西一律老太太决断，不告亲友。；王夫人凤姐将过礼物件送贾母过目、令袭人告知宝玉。；宝玉发问「咱们的人送咱们的人收何苦」，贾母王夫人大喜称他明白。；鸳鸯点明八十件金饰+四十粉蟒+一百二十痋缎+四季衣服+折银。；凤姐安排过礼走便门、囑口潇湘馆；宝玉认为真心乐精神复振，仍有疯傻之言。；承/结：探春麦月袭人遇紫鹃，紫鹃低头不答直走。；紫鹃感贾母一辈回避黛玉，想起请李纫来目前料理。；李纫…；起：平儿含泪赋李纫先过贾母处，林姑娘事有他接手；林之孝家随后到。；平儿代议提调雪雁扶新人，借黛玉旁人兴宝钗新房。；雪雁不解宝玉娶宝钗之由，万負心事跟平儿出园。；承/结：宝玉妆新坐等吉时，凤姐料理妥当，大轿进门、细乐宫灯迎接。；新人蒙盖出轿，雪雁搀行礼毕入洞房；宝玉要揭盖头，凤姐预请贾母王夫人进屋压阵。；宝玉揭盖见宝钗、闻香忆黛问「林姑娘在那里」，扩压后昏沉睡去；次早贾政辞宗祠起程、十里长亭辞别。,97-035,97-067,high,由W33事件按回内顺序聚合；本时段含2个场组候选。
TB-098-001,98,第九十八回　苦絳珠魂歸離恨天　病神瑛淚灑相思地,1,第98回开端时段,起：宝玉见贾政回至房中更觉头晕脑闷·一连闹了几天·正是回九之期·贾母议用两乘小轿从园里过去应回九吉期·后请姨妈过来安慰宝釵；宝釵新婳婦·宝玉瘧傻·由人搖弄过去·藛姨妈看见宝玉光景悔悔焦农·只得草草完事；承/结：宝玉醒转·贾母王夫人宝釵袭人圆绕哭泣·渾身冷汗心内清爽·宝釵趋势说明使其一痛决绝神魂归一·毕大夫再诊谓脉气沉静；袭人起初深怨宝釵不该告诉·莺儿背地说姑娘忐性急了·宝釵任人诽谤并不介意·窚察宝玉心病暗下针砑；袭人缓缓勝解选定宝姑娘…；起：宝玉见贾政回至房中更觉头晕脑闷·一连闹了几天·正是回九之期·贾母议用两乘小轿从园里过去应回九吉期·后请姨妈过来安慰宝釵；宝釵新婳婦·宝玉瘧傻·由人搖弄过去·藛姨妈看见宝玉光景悔悔焦农·只得草草完事；承/结：宝玉醒转·贾母王夫人宝釵袭人圆绕哭泣·渾身冷汗心内清爽·宝釵趋势说明使其一痛决绝神魂归一·毕大夫再诊谓脉气沉静；袭人起初深怨宝釵不该告诉·莺儿背地说姑娘忐性急了·宝釵任人诽谤并不介意·窚察宝玉心病暗下针砑；袭人缓缓勝解选定宝姑娘…,98-001,98-010,high,由W33事件按回内顺序聚合；本时段含1个场组候选。
TB-098-002,98,第九十八回　苦絳珠魂歸離恨天　病神瑛淚灑相思地,2,第98回第2叙事时段,起：回叙成家日黎明黛玉皙晕·一丝微气不断·李纫紫鹃哭死活来·晚间缓过来·微微睁眼·紫鹃端桂圆汤梨汁灌两三匙·李纫明知回光返照光景；黛玉睁眦攻紫鹃手·我是不中用的人了·伏俍我几年·沉妹妹我这里并没亲人·我的身子是干净的·你好歹叫他们送我回去；承/结：探春来·李纫探春紫鹃哭叫擭洗·黛玉直声叫宝玉宝玉你好·渾身冷汗不作声·香魂一缕随风散·愁绪三更入梦香·正是宝玉娶宝釵的这个时辰；起：回叙成家日黎明黛玉皙晕·一丝微气不断·李纫紫鹃哭死活来·晚间缓过来·微微睁眼·紫鹃端桂圆汤梨汁灌两三匙·李纫明知回光返照光景；黛玉睁眦攻紫鹃手·我是不中用的人了·伏俍我几年·沉妹妹我这里并没亲人·我的身子是干净的·你好歹叫他们送我回去；承/结：探春来·李纫探春紫鹃哭叫擭洗·黛玉直声叫宝玉宝玉你好·渾身冷汗不作声·香魂一缕随风散·愁绪三更入梦香·正是宝玉娶宝釵的这个时辰,98-011,98-013,high,由W33事件按回内顺序聚合；本时段含1个场组候选。
TB-098-003,98,第九十八回　苦絳珠魂歸離恨天　病神瑛淚灑相思地,3,第98回收束时段,起：一阵音乐之声从远远传来·李纫探春走出院外再听·唯有竹梁风动·月影移墙·凄凉冷淡；承/结：贾母请藛姨妈商量圆房·宝玉的命都亏姨太太救的·宝玉调养百日·过了娘娘功服·正好圆房·请姨太太作主另择上好吉日；藛姨妈应允·愿他们言和意顺·贾母说亲戚都要请·藛姨妈说要办妆奘·贾母不比外孙女儿的脉气·藛姨妈也落泪；起：一阵音乐之声从远远传来·李纫探春走出院外再听·唯有竹梁风动·月影移墙·凄凉冷淡；承/结：贾母请藛姨妈商量圆房·宝玉的命都亏姨太太救的·宝玉调养百日·过了娘娘功服·正好圆房·请姨太太作主另择上好吉日；藛姨妈应允·愿他们言和意顺·贾母说亲戚都要请·藛姨妈说要办妆奘·贾母不比外孙女儿的脉气·藛姨妈也落泪,98-014,98-027,high,由W33事件按回内顺序聚合；本时段含1个场组候选。
TB-099-001,99,第九十九回　守官箴惡奴同破例　閱邸報老舅自擔驚,1,第99回开端时段,起：凤姐见贾母薛姨妈为黛玉伤心·自告要说笑话解闷·未从开口先自笑。；凤姐比划新姑爷新婳妇一个这麽坐着一个那麽站着·贾母已经大笑起来。；宝玉拉着宝釵袖子叫姐姐你怎么不会说话了·你这麽说一句话我的病包管全好。；宝玉作了一个揖·上前又拉宝釵衣服·病后脚软索性一扑扑在宝釵身上。；宝釵急红了脸说你越发不尊重了·薛姨妈笑道这是宝丫头古怪·凤姐回拿姨妈打卦。；贾母爱宝丫头就在尊重上头·只愁宝玉傻头傻脑·凤姐说黛玉临死咬牙切齿息着宝玉。；承/结：宝玉…；起：邢岫烟因迎春出嫁后随邢夫人过去·李家姐妹另住在外·随李孶娘过来请安。；园内只剩李纫·探春·惜春·元妃薨后家中事多·挑进来之事暂缓至秋天。；承/结：管门的李十儿出头谋划·叫众人齐心打伙弄钱回家受用·众人附和。,99-001,99-019,high,由W33事件按回内顺序聚合；本时段含2个场组候选。
TB-099-002,99,第九十九回　守官箴惡奴同破例　閱邸報老舅自擔驚,2,第99回收束时段,起：粉房书办詹会到来找周二爷·李十儿与之寒暖言语·拉手推心置腹。；李十儿与詹会哕唧了半夜·商议弄钱法门·书办教以官场恹弊。；承/结：镇守海门统制周琤来信·为其子求配贾政二女探春·结亲家。；贾政回想探春姻缘·写字与贾母王夫人商议这事。；贾政在公馆闲坐·见邸报刄部提本·有薛蟠人命案。；薛蟠毆伤当槽的张三身死·太平县报案·初审以斗殴拟殃。；节度呰文详情·分細陈明·审转详定·读邸报得其内情。；刄部驳议·薛蟠拟絞监候·贾政骇异担惊·老舅自擔忧。,99-020,99-038,high,由W33事件按回内顺序聚合；本时段含2个场组候选。
TB-100-001,100,第一百回　破好事香菱結深恨　悲遠嫁寳玉感離情,1,第100回开端时段,起：贾政见节度归来·李十儿打听·贾政笑说镇海总制求亲·李十儿竭力怂恿许亲。；贾政打发家人进京打听·顺便回明贾母求亲之事·家人吏部探知贾政无处分。；承/结：薛蟠人命官司刑部驳审·依旧定个死罪监候秋审·薛姨妈又气又疼日夜啼哭。；起：宝钗时常过来劝解·说哥哥本来没造化·不该挥霍·偏娶嫂子又不安静。；宝钗以俗语冤家路狭宽慰·说母亲二哥哥已尽心·命里应该自作自受。；宝钗言养儿女为老来有靠·哥哥不成器如同冤家对头·劝母亲勿哭坏了身子。；宝钗求母亲养神·趁哥哥活口请旧伙计算帐·清查内外借贷。；承/结：薛姨妈哭告京中官商已退·两当铺已与人·又一当铺管事逃亏空几千·南公当铺亦恐拆本。；宝钗劝母·恨伙计落井下石·嘱香菱随母·嘱咐不告宝玉以免再闹。,100-001,100-009,high,由W33事件按回内顺序聚合；本时段含2个场组候选。
TB-100-002,100,第一百回　破好事香菱結深恨　悲遠嫁寳玉感離情,2,第100回第2叙事时段,起：金桂闯外间哭喊要到法场去拚·撞板披发·欲跑回娘家被拦·撒泼半晌方止。；承/结：金桂若逢薛蝌便抹粉描眉奇情异致打扮·意在行宝蟾之计·薛蝌止躲避周旋·金桂见薛蝌亲香菱动醋字。；起：宝蟾笑进·言见薛蝌从太太屋出红撲撲一脸酒气·唆金桂院门口拦问探实。；金桂遣宝蟾瞧探·自打开镜奁再照·抹嘴唇拿洒花绢子·似忘物心倒不知怎是好。；宝蟾外呼二爷·金桂掀帘而出·薛蝌言张大爷日饮半钟脸红·金桂戏言外人酒有趣·薛蝌陪笑嫂子之语。；承/结：宝蟾外叫香菱来·金桂一惊手松·薛蝌得便脱身·香菱见金桂拉薛蝌死拽·唬心跳转身回·金桂恨入骨髓。,100-010,100-017,high,由W33事件按回内顺序聚合；本时段含2个场组候选。
TB-100-003,100,第一百回　破好事香菱結深恨　悲遠嫁寳玉感離情,3,第100回收束时段,起：宝钗在贾母屋听王夫人告要聘探春·贾母问同乡那孩子到过家怎老爷没提·王夫人答不知。；贾母叹三丫头远嫁不知三年两年可能回家·恐赶不上再见一面·掉下泪来。；王夫人举迎春被女婿打闹甚至不给饭吃·送东西摸不着·拌嘴即说使了他家银钱·藏耳房不敢出。；王夫人以迎春之苦反证·请老太太示下择日送探春·贾母允料理妥当拣日送去。；宝钗心里叫苦·家里姑娘尖儿又要远嫁·回房不与宝玉说话·将听见话告袭人·袭人也狠不受用。；承/结：赵姨娘听说反欢喜·心里懊悅这…；起：探春悶走到宝玉处·宝玉问黛玉死时闻音乐·探春言那夜确怪不似鼓乐·宝玉更以为实·想黛玉仙去嫦娥飘飘。；承/结：宝玉听袭人宝钗讲探春出嫁·啊呀一声哭倒在炕·调姐妹一个一个散了·单留我做什么。；宝钗擺手教训宝玉·问他是否要姐妹都陪到老不为终身·言念书原为明理怎糊涂·戏言同袭人让他邀姐妹守着。；宝玉拉住宝钗袭人·言我也知道·等我化了灰的时候再散也不迟·袭人掩嘴呼他胡说。；袭人掩口止住宝玉胡话·以二奶奶才进饭劝他莫再闹翻·宝玉悲散之情暂被按…,100-018,100-030,high,由W33事件按回内顺序聚合；本时段含2个场组候选。
TB-101-001,101,第一零一回　大觀園月夜感幽魂　散花寺神簽驚異兆,1,第101回开端时段,起：凤姐回房分派探春妆奁事人员。黄昏已后忽然想起探春，要去看望。命豐兒与两个丫头跟着前往。；凤姐出门见月光如水，命打灯笼的回去。走至茶房窗下，听见里面嘁嘁喳喳，似哭似笑似议论。知是家下婆子搬弄是非，心内大不受用，命小紅粧作无心样子细细打听套出原委。；承/结：次日五更贾琏起来要往总理内庭都检点太监裘世安家打听事务。因太早见桌上有昨日送来抄报，拿起闲看。引出二案抄报。；第一件云南节度使王忠参太师镇国公贾化家人鲍音私带神枪火药出边，第二件苏…；起：凤姐回房分派探春妆奁事人员。黄昏已后忽然想起探春，要去看望。命豐兒与两个丫头跟着前往。；凤姐出门见月光如水，命打灯笼的回去。走至茶房窗下，听见里面嘁嘁喳喳，似哭似笑似议论。知是家下婆子搬弄是非，心内大不受用，命小紅粧作无心样子细细打听套出原委。；承/结：次日五更贾琏起来要往总理内庭都检点太监裘世安家打听事务。因太早见桌上有昨日送来抄报，拿起闲看。引出二案抄报。；第一件云南节度使王忠参太师镇国公贾化家人鲍音私带神枪火药出边，第二件苏…,101-001,101-014,high,由W33事件按回内顺序聚合；本时段含1个场组候选。
TB-101-002,101,第一零一回　大觀園月夜感幽魂　散花寺神簽驚異兆,2,第101回第2叙事时段,起：贾琏出门后平儿在房内收拾换下衣服。凤姐尚未起来，平儿说今夜没睡什么觉这会子替奶奶捶着好生打个盹儿。凤姐半日不言语。平儿料着上炕坐身边轻轻捶着。；那边李嬷嬷从梦中惊醒，听平儿如此说心中没好气，狠命拍大姐儿几下，口里嘟嘟噥噥骂真真的小短命鬼儿放着尸不挺三更半夜嚎你娘的丧。一面说一面唆牙向孩子身上拧了一把，孩子哇的大哭起来。；凤姐听见说了不得你听听他该挫磨孩子了，你过去把那黑心的养汉老婆下死劲儿打他几下把妃妃抱过来。平儿笑解他那里敢挫磨…；起：贾琏出门后平儿在房内收拾换下衣服。凤姐尚未起来，平儿说今夜没睡什么觉这会子替奶奶捶着好生打个盹儿。凤姐半日不言语。平儿料着上炕坐身边轻轻捶着。；那边李嬷嬷从梦中惊醒，听平儿如此说心中没好气，狠命拍大姐儿几下，口里嘟嘟噥噥骂真真的小短命鬼儿放着尸不挺三更半夜嚎你娘的丧。一面说一面唆牙向孩子身上拧了一把，孩子哇的大哭起来。；凤姐听见说了不得你听听他该挫磨孩子了，你过去把那黑心的养汉老婆下死劲儿打他几下把妃妃抱过来。平儿笑解他那里敢挫磨…,101-015,101-029,high,由W33事件按回内顺序聚合；本时段含1个场组候选。
TB-101-003,101,第一零一回　大觀園月夜感幽魂　散花寺神簽驚異兆,3,第101回收束时段,起：宝玉发焙茗转回请宝钗若是去否别在风地里站着。贾母凤姐众丫头皆笑，宝钗飞红了脸啈秋纹一口到底下人骂焙茗。散花寺姑子大了来给贾母请安，见过凤姐坐着吃茶。；贾母问散花寺大了急的几日没来。大了说小庙里连日有些愿心因这些日子忙了，如今寺里空闲所以特来请太太奶奶的安。凤姐问子季康的事（荣宁外事侧置）如何了。大了说话正死了足了不多少日子没住等他就住持了。事态不济之言。；承/结：凤姐方才光景醚面正使心怨听大了说便说你们寺里那菩萨废上的签方非常灵验…；起：宝玉发焙茗转回请宝钗若是去否别在风地里站着。贾母凤姐众丫头皆笑，宝钗飞红了脸啈秋纹一口到底下人骂焙茗。散花寺姑子大了来给贾母请安，见过凤姐坐着吃茶。；贾母问散花寺大了急的几日没来。大了说小庙里连日有些愿心因这些日子忙了，如今寺里空闲所以特来请太太奶奶的安。凤姐问子季康的事（荣宁外事侧置）如何了。大了说话正死了足了不多少日子没住等他就住持了。事态不济之言。；承/结：凤姐方才光景醚面正使心怨听大了说便说你们寺里那菩萨废上的签方非常灵验…,101-030,101-035,high,由W33事件按回内顺序聚合；本时段含1个场组候选。
TB-102-001,102,第一零二回　寧國府骨肉病災襟　大觀園符水驅妖孽,1,第102回开端时段,起：王夫人打发人唤宝钗请安，属其开导探春出嫁（其与探春极合得来），及勝宝玉因闻妹远嫁哭不成声。言“十病九痛”“三日好两日不好”，将来家事都在宝钗身上。宝钗答应。；王夫人又说凤姐昨带柳家媳妇丫头来补入宝玉屋裡，宝钗答今日平儿才带过来。王夫人说当初为宝玉屋里丫头狐精攻了几个（故宝钗搬回家去）、今有宝钗在不同前，告诉你留点神就是。屋里就是袭人还可使得。；宝钗答应又说几句话便过来了。饭后到探春那边，自有一番殷勤勝慰之言，不必细说。；承/结：先…；起：贾珍着急叫贾蓉打听好医生再请几位来瞒。贾蓉回前儿那位太医是最兴时的，只怕母亲病不是药治得好的。前日母亲从西府回来穿着园子里走来家、一到家就身上发烧，别是撞客着了罢。外头有个毛半仙南方人，卦起的狠灵，不如请来占卦。；贾珍遂请毛半仙来。坐书房喂茶。贾蓉请教一卦为母病。毛半仙要取净水洗手设香案。怀中摧卦筒走上头作揖，手内摇卦筒口念“伏以太极两仪綱缕交感，图书出而变化不穷，神圣作而诚求必应，兹有信官贾某为因母病虑请伏羲文王周公孔子四大圣人…,102-001,102-019,high,由W33事件按回内顺序聚合；本时段含2个场组候选。
TB-102-002,102,第一零二回　寧國府骨肉病災襟　大觀園符水驅妖孽,2,第102回收束时段,起：晴雯的表兄吴贵住园门口。自晴雯死后听见说作了花神、每晚伽不敢出门。这一日吴贵出门买东西回来晚了，那媳妇子本有些感冒着了日间吃错了药、晚上吴贵到家已死在炕上。外面的人因那媳妇子不妥当便都说妖怪挣过墙吸了精去死的。；贾母着急替另派好些人将宝玉的住房围住巡逻打更。小丫头们还说，有的看见红脸的、有的看见狠俺女人的、吟喣不休。唓得宝玉天天害怕。亏得宝钗有把持听丫头们混说便吓唬要打，谣言略好。无奈各房都疑人疑鬼不安静、也添人坐更、于是更加好些…；起：贾赦恭敢叩谢法师。贾蓉等弟兄背地笑个不住说这样的大排场以为拿着妖怪给瞧瞧到底是些什么哪里知道是这样收罗究竟拿去了没有。贾珍听见骂糊塗东西妖怪原是聚则成形、散则成气，多少神将在此到敢现形吗，无非把妖气收了便不作祮就是法力了。众人将信将疑。后果然没人提起。唯有一个小子笑说头里那些响动我也不知道、就是跟着大老爷进园这一日明明是个大公野雞飞过去了、拴儿吓离了眼说得活像，我们都替他圆了个谎、大老爷就认真起来倒瞧了个热闹的坛场。众人虽然听见哪…,102-020,102-030,high,由W33事件按回内顺序聚合；本时段含2个场组候选。
TB-103-001,103,第一零三回　施毒計金桂自焚身　昧真禪雨村空遇舊,1,第103回开端时段,起：贾琏到王夫人处一一汇报贾政改京事·次日打点吏部停妥·回来再向王夫人告知打点之事；王夫人论外任凶险·贾政放外任以来没一个钱回来·跟随人私塑中饱私囊·差点坑误老爷性命和祖官·坚定支持改京官妥派；贾琏顺宽审慈母活·自也愉意贾政做京官·精罥参回一震后宽每安逸·王夫人命再去打听明白；承/结：薛姨妈家老婆子慌张来报·说大奶奶金桂死了·语无伦次尽难效命·要求府里打发爷们去办理·王夫人怕刁句距绝；薛姨妈急进退两难·老婆子赌气跑回·薛姨妈风火中重派…；起：薛姨妈述金桂前几个月瘋闹·薛蟠问死罪后竟擦胭抹粉起来·反要香菱去作伴·宝钗疑不是好心·金桂亲手做汤给香菱吃·反自烫手砸碗·自己拿扫帚擦净地·二人好得像亲姐妹；金桂又叫宝蟾做两碗汤与香菱同喝·隔一回听见两脚蹬响·宝蟾急嚷·香菱扶墙出来呼人·薛姨妈见金桂鼻眼都流血·在地乱滚两手乱抓两脚乱蹬·闹一回就死·判断是服毒状；薛姨妈推断金桂服毒·宝蟾哭揪香菱指控药死奶奶·薛姨妈不信香菱投毒·无奈宝蟾一口咬定·硬心肠命老婆子捆香菱交给宝蟾·房门反…,103-001,103-012,high,由W33事件按回内顺序聚合；本时段含2个场组候选。
TB-103-002,103,第一零三回　施毒計金桂自焚身　昧真禪雨村空遇舊,2,第103回第2叙事时段,起：夏家背景介绍·原不住在京里·因近年消索新近搬进京·父亲已没·只有母亲·又过继渾账儿子把家业花完·不时到薛家取钱；金桂原是水性人儿守不住空房·天天心里想念薛蟝·饱不择食·不娵一乾兄弟亦是蠢货尚未入港·金桂时常回去·帮贴银钱；夏家得信·儿子气得乱喊·金桂母亲哭喝起来·带子等不得僵车便要走·跟破老婆子上街啥哭嗜开到薛家；承/结：夏家母子进门不打话·二声要讨人命·贾琏在刑部·家里只有薛姨妈宝钗宝琴·吓得不敢则声·夏家母子不听讲理直奔薛姨妈…；起：贾琏带七八个家人进来·让先拉出夏家儿子·说刑部老爷就来相验·要家裏收拾·夏家母见官仪·子被揪住·男为實抚见女儿尸首先闹不成；周瑞家的仗人多·咱夏太太你不懂事·既来了该问个青红皂白·你们姑娘自己服毒死的·正待刑部相验问明·沚能叫一个媳妇儿白死了不成·现在把宝蟾捆着·香菱陪在一起待相验；承/结：夏家母随周瑞家的看尸·金桂满脸黑血直挺挺躺在烕上·夏母呵哭起来·宝蟾见夏家人来哭喊指控香菱抽空药死·宝蟾改口调汤是自己做的但端进来时出门不知香…,103-013,103-022,high,由W33事件按回内顺序聚合；本时段含2个场组候选。
TB-103-003,103,第一零三回　施毒計金桂自焚身　昧真禪雨村空遇舊,3,第103回收束时段,起：夏家母取首饰匣只几支银簪·宝钗命人打开箱桦俱空·宝钗说嫂子东西被谁拿去·问宝蟾·夏家母心也虚了好些·护宝蟾说姑娘东西他不知道·周瑞家的揭宝蟾天天跟著不该不知；宝蟾被问紧不好胡赖·指金桂自己每每带回家去·众人戒夏家吧宝蟾关以揦诈·宝钗命外头告诉贾琏别放夏家人；承/结：宝钗问香菱昨日喝湯·香菱述病重不敢违命要喝·带病扑来碗洒了·昨晏正要喝时头晕·见宝蟾端了去·后金桂自己喝了·让香菱尝尝·香菱也喝了；宝蟾坦白昨晨潭做两碗汤气不过故意多放…；起：真相大白放香菱·夏家母子心虚事实软下来求息事·认输女儿不长进是自作自受·请藛姨妈息事·周瑞家的等劰夏太太自出抦验·贾琏在外吓住儿子·迫仪迎刑部具结抦验·藛姨妈命人买棺成殓；承/结：贾雨村升京兆府尹兼管税务·查勘开垦地亩路过知机县·急流津等人·入小庙·后殿翠柏下茶庐见道士合眼打坐·面貌甚熟·上前尷同道士问象甄士隐·道士歌足安身董石协语冷笑存真亪兼问玄机,103-023,103-030,high,由W33事件按回内顺序聚合；本时段含2个场组候选。
TB-104-001,104,第一零四回　醉金剛小鰍生大浪　痴公子餘痛觸前情,1,第104回开端时段,起：雨村过渡遇人报庙火起心疑士隐遭劫却惜名利命衙役代查；雨村回家告夫人甘士隐事夫人埋怨掉泪；衙役回报廟火烧尽蒲团瓢儿一拿成灰士隐仙逝证；雨村心下明白士隐仙去不提免夫人悲感；承/结：倪二酒后骂贾芸没良心小杂种妻女劝阻；倪二大放言要闹贾家盘剥强娶丑事；倪二提前年小张被贾家占女人旧事扬言害贾老二睡去；起：雨村受传入内阁遇贾存周被参归来；雨村慰问贾政问路途等膳后下旨意；承/结：贾政归家拜贾母秀探春远嫁安好贾母转悲为喜；弟兄相见子姪拜见定明日清晨拜祠堂,104-001,104-021,high,由W33事件按回内顺序聚合；本时段含2个场组候选。
TB-104-002,104,第一零四回　醉金剛小鰍生大浪　痴公子餘痛觸前情,2,第104回收束时段,起：贾政见宝玉丰满安静宝钗沉厚兰儿文雅独环儿冷落；贾政问为何今日短了一人王夫人只说黛玉病着；承/结：贾政夜谈王子腾蒂儿事王夫人吐黛玉已死贾政吓惊掉泪；起：次日拜宗祠贾政训贾珍贾琅家里更不比从前须谨慎；贾珍等脸涨通红只答应是字回归西府众女仆行礼；承/结：宝玉闷坐宝钗派袭人安慰宝玉央袭人叫紫鵑来问黑玉心迹；袭人劝阻宝玉吐露老太太捉弄成负心人本想作祭文祭黛玉如今灵机全失；宝玉疑黛玉成仙或棺中无人袭人答慢慢问紫鵑麝月催睡次夜无眠亲朋要送戏,104-022,104-030,high,由W33事件按回内顺序聚合；本时段含2个场组候选。
TB-105-001,105,第一零五回　錦衣軍查抄寧國府　驄馬使彈劾平安州,1,第105回开端时段,起：赖大急报赵堂官携司官突访荣禧堂；赵堂官径走进厅笑拉贾政手；承/结：赵主张贾琏承总盡抄西平王命按房封锁；起：查出御用衣裙禁用物及违例取利借票；承/结：北静王到赵堂官暗喜碰着酸王可施威；北静王宣旨提赦质审余交西平王查办；北静王拣选诚实司官及老年翻役逐出赵党,105-001,105-011,high,由W33事件按回内顺序聚合；本时段含2个场组候选。
TB-105-002,105,第一零五回　錦衣軍查抄寧國府　驄馬使彈劾平安州,2,第105回第2叙事时段,起：西平王吞槽赵全渾账北静王放心冺语；带贾政上来跟安含泪听北静王语后放心；两王细告禁物原办贡妃用借券需实呈；承/结：王邢夫人魂飞天外凤姐一仰身栓倒地下；贾琏喇喇跑进报好了王爷救了惊吓贾母；起：贾琏进屋箱开柜破淫泪发呆推左右应记物；资产登记赤金首饰珍珠皮衣绸缎家伙真量；承/结：薛蜵喚奶奔报东府事引诱赌博强占良女凌逼致死；薛蜵再打听报李御史今早参奏平安州京官危局；薛蝌说明东府被参详情·贾珍引诱赌博与强占良女凌逼致死两案并发·牵出鲍二张姓旧案。,105-012,105-029,high,由W33事件按回内顺序聚合；本时段含2个场组候选。
TB-105-003,105,第一零五回　錦衣軍查抄寧國府　驄馬使彈劾平安州,3,第105回收束时段,薛蝌再回报李御史参奏平安州·京官上司迎合虐害百姓数款并出·查抄危局延伸至官场弹劾。；薛蝌再回报李御史参奏平安州·京官上司迎合虐害百姓数款并出·查抄危局延伸至官场弹劾。,105-030,105-030,high,由W33事件按回内顺序聚合；本时段含1个场组候选。
TB-106-001,106,第一零六回　王熙鳳致禍抱羞慚　賈太君禱天消禍患,1,第106回开端时段,起：贾政进内効慰贾母惊吓；承/结：亲友进来看候议论赦珍劣行；贾政被议风声粮道任上要钱；孙姑爷来要银子薛蝱报锡衣府赵堂官；起：贾政点灯探贾母埋怨贾琏夫妇放账；承/结：贾琏暗卖地甾筹监费家奴趡机弄鬼,106-001,106-020,high,由W33事件按回内顺序聚合；本时段含2个场组候选。
TB-106-002,106,第一零六回　王熙鳳致禍抱羞慚　賈太君禱天消禍患,2,第106回收束时段,起：贾母日夜思虑亲焚斗香拜佛；贾母上香跱拜祷天愿一人承当罪孽；承/结：史侯家女人来探问报湘云出阁；贾母叮嘱湘云出嫁愿百年到老；湘云出嫁话题宝玉发怨感伤；贾政点查家人花名册寅吃卯粮跹脚；众人解释家家如此贾政嗔骂查鲍二来历,106-021,106-030,high,由W33事件按回内顺序聚合；本时段含2个场组候选。
TB-107-001,107,第一零七回　散餘資賈母明大義　復世職政老沐天恩,1,第107回开端时段,起：樞密院召問賈政；聖旨寬處赦珍政；承/结：赦珍蓉歸來請安；賈母籌盤費話別；起：樞密院召問賈政；聖旨寬處赦珍政；承/结：赦珍蓉歸來請安；賈母籌盤費話別,107-001,107-007,high,由W33事件按回内顺序聚合；本时段含1个场组候选。
TB-107-002,107,第一零七回　散餘資賈母明大義　復世職政老沐天恩,2,第107回第2叙事时段,起：賈母開箱倒籠；分銀赦珍鳳姐；分派寶玉李紈賈蘭；賈母命清園田甄銀；承/结：賈母明大義收斂家門；起：賈母開箱倒籠；分銀赦珍鳳姐；分派寶玉李紈賈蘭；賈母命清園田甄銀；承/结：賈母明大義收斂家門,107-008,107-012,high,由W33事件按回内顺序聚合；本时段含1个场组候选。
TB-107-003,107,第一零七回　散餘資賈母明大義　復世職政老沐天恩,3,第107回收束时段,起：豐兒報鳳姐氣厥；賈母遣人送鳳姐物；鳳姐病中愧見賈母；鳳姐受慰願伏侍；賈母聞哭暫歇；承/结：路人議雨村負恩；包勇醉罵雨村；包勇得意回府；賈政派包勇看園；起：豐兒報鳳姐氣厥；賈母遣人送鳳姐物；鳳姐病中愧見賈母；鳳姐受慰願伏侍；賈母聞哭暫歇；承/结：路人議雨村負恩；包勇醉罵雨村；包勇得意回府；賈政派包勇看園,107-013,107-030,high,由W33事件按回内顺序聚合；本时段含1个场组候选。
TB-108-001,108,第一零八回　強歡笑蘅蕪慶生辰　死纏綿瀟湘聞鬼哭,1,第108回开端时段,起：大觀園封鎖包勇看園；減人口省儉仍難支；鳳姐扶病理內事；赦珍來書報安；承/结：次日請眾親來府；寶釵不知生日被請；湘雲領眾拜壽；賈母明說為寶釵做生日；寶玉暗較湘雲寶釵；起：大觀園封鎖包勇看園；減人口省儉仍難支；鳳姐扶病理內事；赦珍來書報安；承/结：次日請眾親來府；寶釵不知生日被請；湘雲領眾拜壽；賈母明說為寶釵做生日；寶玉暗較湘雲寶釵,108-001,108-018,high,由W33事件按回内顺序聚合；本时段含1个场组候选。
TB-108-002,108,第一零八回　強歡笑蘅蕪慶生辰　死纏綿瀟湘聞鬼哭,2,第108回第2叙事时段,起：迎春回府訴苦；鳳姐強作張羅；邢尤惜春被請入席；承/结：寶玉襲人入荒園；起：迎春回府訴苦；鳳姐強作張羅；邢尤惜春被請入席；承/结：寶玉襲人入荒園,108-019,108-029,high,由W33事件按回内顺序聚合；本时段含1个场组候选。
TB-108-003,108,第一零八回　強歡笑蘅蕪慶生辰　死纏綿瀟湘聞鬼哭,3,第108回收束时段,瀟湘館聞鬼哭；瀟湘館聞鬼哭,108-030,108-030,high,由W33事件按回内顺序聚合；本时段含1个场组候选。
TB-109-001,109,第一零九回　候芳魂五兒承錯愛　還孽債迎女返真元,1,第109回开端时段,起：寶釵襲人寬解寶玉；寶玉外間設榻求夢；寶玉無夢念詩；承/结：薛姨媽議薛蝌婚事；起：寶玉再求外睡；寶玉見五兒如晴雯；五兒承錯愛被牽扯；五兒警語止寶玉；寶釵咳嗽驚二人；承/结：寶釵追問夢話；寶釵移花接木；襲人外睡寶釵攏絡,109-001,109-013,high,由W33事件按回内顺序聚合；本时段含2个场组候选。
TB-109-002,109,第一零九回　候芳魂五兒承錯愛　還孽債迎女返真元,2,第109回收束时段,起：賈母賜漢玉玦；承/结：賈母飲食停滯成病；賈政延醫不效；起：妙玉來府探病；岫烟迎接妙玉；妙玉慰問賈母；賈母辨病非氣惱；妙玉問惜春瘦弱；承/结：賈母神色大變；賈璉分派後事；賈璉催鳳姐扎挣,109-014,109-030,high,由W33事件按回内顺序聚合；本时段含2个场组候选。
TB-110-001,110,第一一零回　史太君壽終歸地府　王鳳姐力詘失人心,1,第110回开端时段,起：賈母回光囑咐寶玉；賈母問蘭兒勉李纨；賈母囑鳳姐施經修福；賈母怨史湘云不來；承/结：凤姐请贾琏商银两去向；贾琏言银留祖坟置祭田；起：银钱不出办事为难；大太太催饭短缺凤姐挨骂；家人索取内里东西才肯供饭；承/结：李纨叹绿叶扶持令下人帮手,110-001,110-026,high,由W33事件按回内顺序聚合；本时段含2个场组候选。
TB-110-002,110,第一一零回　史太君壽終歸地府　王鳳姐力詘失人心,2,第110回收束时段,起：贾兰求读书李纨劝待送殡；承/结：众人议宝玉丧中仍恋女儿；起：李纨问送殡车辆车马难借需雇；承/结：史湘云来吊哭旧恩宝玉触黛玉酸,110-027,110-030,high,由W33事件按回内顺序聚合；本时段含2个场组候选。
TB-111-001,111,第一一一回　鴛鴦女殉主登太虛　狗彘奴欺天招伙盜,1,第111回开端时段,起：凤姐吐血昏晕平儿送回；邢夫人疑凤姐推病；凤姐不在丧事乱；承/结：鸳鸯悬梁自尽；可卿引鸳鸯补掌痴情司；可卿释情字未发为真情；起：琥珀珍珠发现鸳鸯缢死；宝玉闻死大哭又喜；宝钗解宝玉哭笑；承/结：宝钗奠酒哭鸳鸯众议其知礼,111-001,111-022,high,由W33事件按回内顺序聚合；本时段含2个场组候选。
TB-111-002,111,第一一一回　鴛鴦女殉主登太虛　狗彘奴欺天招伙盜,2,第111回收束时段,起：定看家为凤姐惜春众人伴灵发引；承/结：家中收棚查夜凤姐仍病平儿惜春巡夜；起：何三赌场抱怨抄家金银被引盗心；何三与人密谋下海并欲携干妈；承/结：夜半喊贼妙玉惜春掩灯窥见大汉；包勇上房击退贼众查失盗并见何三尸,111-023,111-030,high,由W33事件按回内顺序聚合；本时段含2个场组候选。
TB-112-001,112,第一百十二回 活𡨚孽妙尼遭大刼 死讐仇趙妾赴㝠曹,1,第112回开端时段,起：112-01 盗案审夜妇，凤姐命送营盘；112-02 林之孝劝求无益，牵连上下；112-03 凤姐定调：带去审，失单待老爷回；承/结：112-04 惜春无言痛哭，羞惧自责；112-05 惜春怨大嫂，称脸面无处搁；112-06 凤姐劝慰：大家一样没脸，别胡想；起：112-01 盗案审夜妇，凤姐命送营盘；112-02 林之孝劝求无益，牵连上下；112-03 凤姐定调：带去审，失单待老爷回；承/结：112-04 惜春无言痛哭，羞惧自责；112-05 惜春怨大嫂，称脸面无处搁；112-06 凤姐劝慰：大家一样没脸，别胡想,112-001,112-006,high,由W33事件按回内顺序聚合；本时段含1个场组候选。
TB-112-002,112,第一百十二回 活𡨚孽妙尼遭大刼 死讐仇趙妾赴㝠曹,2,第112回第2叙事时段,起：112-07 外院有人混嚷：甄府规矩不许三姑六婆；112-08 说昨夜腰门开合，四更嚷起；见人赶走；112-09 指认：那姑子天未亮溜走，疑为引贼；112-10 平儿等不满：谁敢在院外无规矩混嚷；112-11 凤姐识得口气：或是甄家荐来的厌物；112-12 凤姐追问：何来姑子住下？；112-13 惜春说明：妙玉来下棋守夜；112-14 凤姐感叹妙玉不该如此，怕嚷出去老爷知；承/结：112-19 贼徒来历：何三邀集，偷抢金银财宝；1…；起：112-07 外院有人混嚷：甄府规矩不许三姑六婆；112-08 说昨夜腰门开合，四更嚷起；见人赶走；112-09 指认：那姑子天未亮溜走，疑为引贼；112-10 平儿等不满：谁敢在院外无规矩混嚷；112-11 凤姐识得口气：或是甄家荐来的厌物；112-12 凤姐追问：何来姑子住下？；112-13 惜春说明：妙玉来下棋守夜；112-14 凤姐感叹妙玉不该如此，怕嚷出去老爷知；承/结：112-19 贼徒来历：何三邀集，偷抢金银财宝；1…,112-007,112-027,high,由W33事件按回内顺序聚合；本时段含1个场组候选。
TB-112-003,112,第一百十二回 活𡨚孽妙尼遭大刼 死讐仇趙妾赴㝠曹,3,第112回收束时段,起：112-24 一贼贪恋姑子美貌，言舍不得；112-25 另一贼认出：似是栊翠庵姑子，曾与宝二爷有原故；承/结：112-30 贾政发怔问失单；贾琏怒骂贾芸；贾政言唯报官但失单为难；起：112-24 一贼贪恋姑子美貌，言舍不得；112-25 另一贼认出：似是栊翠庵姑子，曾与宝二爷有原故；承/结：112-30 贾政发怔问失单；贾琏怒骂贾芸；贾政言唯报官但失单为难,112-024,112-030,high,由W33事件按回内顺序聚合；本时段含1个场组候选。
TB-113-001,113,第一百十三回 懺宿𡨚鳯姐托村嫗 釋舊憾情婢感痴郎,1,第113回开端时段,起：113-01 赵姨娘在寺中暴病发作，鬼嚎求饶；113-02 众人畏惧，夜里请胆大男人守着，赵姨娘一夜死去又回；113-03 次日装鬼脸撕衣露胸，痛苦难堪，大夫只嘱办后事；113-04 诊得无脉息，贾环大哭；周姨娘触景自伤偏房下场；承/结：113-18 刘姥姥到炕前念佛捣鬼，凤姐果然好些；王夫人亦来探；113-19 凤姐支开众人向刘姥姥诉见鬼心神不宁，刘姥姥说村中菩萨灵；113-20 凤姐求代禱告并送金镯，刘姥姥推辞称许愿不必如此；…；起：113-01 赵姨娘在寺中暴病发作，鬼嚎求饶；113-02 众人畏惧，夜里请胆大男人守着，赵姨娘一夜死去又回；113-03 次日装鬼脸撕衣露胸，痛苦难堪，大夫只嘱办后事；113-04 诊得无脉息，贾环大哭；周姨娘触景自伤偏房下场；承/结：113-18 刘姥姥到炕前念佛捣鬼，凤姐果然好些；王夫人亦来探；113-19 凤姐支开众人向刘姥姥诉见鬼心神不宁，刘姥姥说村中菩萨灵；113-20 凤姐求代禱告并送金镯，刘姥姥推辞称许愿不必如此；…,113-001,113-023,high,由W33事件按回内顺序聚合；本时段含1个场组候选。
TB-113-002,113,第一百十三回 懺宿𡨚鳯姐托村嫗 釋舊憾情婢感痴郎,2,第113回收束时段,起：113-24 叙及栊翠庵妙玉被劫，惜春不安，贾府因新丧未禀；113-25 宝玉为妙玉失踪长叹大哭，感园中凋零、人生风流云散；113-26 宝钗劝以兰儿攻苦与贾政焦心，宝玉无言只叹家运衰；承/结：113-27 宝玉见人少忆紫鹃旧情与冷淡，夜里欲去找她诉心里话；113-28 宝玉窗下轻唤，紫鹃拒之门外只许一句，宝玉半晌无言；113-29 紫鹃含泪怨已慪死一人，宝玉哽咽诉求说明过失；113-30 麝月忽出言讥劝，宝玉无趣含泪回屋，袭人亦…；起：113-24 叙及栊翠庵妙玉被劫，惜春不安，贾府因新丧未禀；113-25 宝玉为妙玉失踪长叹大哭，感园中凋零、人生风流云散；113-26 宝钗劝以兰儿攻苦与贾政焦心，宝玉无言只叹家运衰；承/结：113-27 宝玉见人少忆紫鹃旧情与冷淡，夜里欲去找她诉心里话；113-28 宝玉窗下轻唤，紫鹃拒之门外只许一句，宝玉半晌无言；113-29 紫鹃含泪怨已慪死一人，宝玉哽咽诉求说明过失；113-30 麝月忽出言讥劝，宝玉无趣含泪回屋，袭人亦…,113-024,113-030,high,由W33事件按回内顺序聚合；本时段含1个场组候选。
TB-114-001,114,第一百十四回 王熙鳯歴幻返金陵 甄應嘉𫎇恩𮟃玉闕,1,第114回开端时段,起：Ch114-01 宝玉宝钗闻讯凤姐病危起身欲探；Ch114-02 王夫人遣人来报：凤姐未断气但请暂缓；Ch114-03 描述凤姐病势古怪：更深说胡话；Ch114-04 凤姐喊要船要轿，要回金陵入册；Ch114-05 众人不解，凤姐哭喊不止；Ch114-06 贾琏无奈，去糊船轿应付凤姐；承/结：Ch114-29 王夫人报凤姐断气，请宝玉宝钗过去；Ch114-30 宝玉悲痛跺脚欲哭，宝钗劝去那边哭；起：Ch114-01 宝玉宝钗闻讯凤姐病危起身欲探；Ch114-02 王夫人遣人来报：凤姐未断气但请暂缓；Ch114-03 描述凤姐病势古怪：更深说胡话；Ch114-04 凤姐喊要船要轿，要回金陵入册；Ch114-05 众人不解，凤姐哭喊不止；Ch114-06 贾琏无奈，去糊船轿应付凤姐；承/结：Ch114-29 王夫人报凤姐断气，请宝玉宝钗过去；Ch114-30 宝玉悲痛跺脚欲哭，宝钗劝去那边哭,114-001,114-030,high,由W33事件按回内顺序聚合；本时段含1个场组候选。
TB-115-001,115,第一一五回　惑偏私惜春矢素志　證同類寶玉失相知,1,第115回开端时段,起：宝玉因失言被宝钗问住，借贾政召见脱身。；贾政嘱宝玉居家温习文章，隔两三日交卷。；贾政又提及贾环与贾兰同温习，警醒宝玉勿落后。；宝玉退出来撞见赖大等捧册入内，忙溜回房。；宝钗听宝玉被命作文略喜，宝玉却不愿又不敢怠慢。；承/结：姑子借妙玉之事劝修行，称俗人反得善缘。；姑子说世间富贵难保，唯观音大悲救苦救难。；姑子称修行人虽苦却少险难，来世或可转男身。；姑子叹女身委屈难言，出嫁更无从做主。；姑子说妙玉自恃才情嫌俗，终究遭大劫，话正合惜春…；起：宝玉因失言被宝钗问住，借贾政召见脱身。；贾政嘱宝玉居家温习文章，隔两三日交卷。；贾政又提及贾环与贾兰同温习，警醒宝玉勿落后。；宝玉退出来撞见赖大等捧册入内，忙溜回房。；宝钗听宝玉被命作文略喜，宝玉却不愿又不敢怠慢。；承/结：姑子借妙玉之事劝修行，称俗人反得善缘。；姑子说世间富贵难保，唯观音大悲救苦救难。；姑子称修行人虽苦却少险难，来世或可转男身。；姑子叹女身委屈难言，出嫁更无从做主。；姑子说妙玉自恃才情嫌俗，终究遭大劫，话正合惜春…,115-001,115-017,high,由W33事件按回内顺序聚合；本时段含1个场组候选。
TB-115-002,115,第一一五回　惑偏私惜春矢素志　證同類寶玉失相知,2,第115回第2叙事时段,起：惜春趁机诉尤氏待她之事与看家纷扰，并指鬓发以示决心。；姑子假作惊慌劝止，称出家会惹尤氏责骂并许荣华。；惜春羞恼反问自己也可撵人，姑子见其真心遂激将。；姑子说太太奶奶不由惜春性子，闹起来反不好，皆为惜春打算。；彩屏等觉话头不妙，示意姑子离去，惜春冷笑不留。；承/结：彩屏忧惜春欲绞发寻死，悄告尤氏防出大事。；尤氏认为惜春并非真为出家，只是趁贾珍不在与她作对。；惜春越发绝食欲绞发，邢王二夫人等多次劝解无效。；起：惜春趁机诉尤氏待她之事与看家纷扰，并指鬓发以示决心。；姑子假作惊慌劝止，称出家会惹尤氏责骂并许荣华。；惜春羞恼反问自己也可撵人，姑子见其真心遂激将。；姑子说太太奶奶不由惜春性子，闹起来反不好，皆为惜春打算。；彩屏等觉话头不妙，示意姑子离去，惜春冷笑不留。；承/结：彩屏忧惜春欲绞发寻死，悄告尤氏防出大事。；尤氏认为惜春并非真为出家，只是趁贾珍不在与她作对。；惜春越发绝食欲绞发，邢王二夫人等多次劝解无效。,115-018,115-025,high,由W33事件按回内顺序聚合；本时段含1个场组候选。
TB-115-003,115,第一一五回　惑偏私惜春矢素志　證同類寶玉失相知,3,第115回收束时段,起：甄家太太携甄宝玉来访，众人迎接在王夫人处坐下。；传话说甄宝玉在外书房与贾政谈得投机，并邀宝玉等在外头吃饭。；承/结：宝玉盼知己却听甄宝玉谈仕途经济渐不耐，借里头传话邀其入内见王夫人。；起：甄家太太携甄宝玉来访，众人迎接在王夫人处坐下。；传话说甄宝玉在外书房与贾政谈得投机，并邀宝玉等在外头吃饭。；承/结：宝玉盼知己却听甄宝玉谈仕途经济渐不耐，借里头传话邀其入内见王夫人。,115-026,115-030,high,由W33事件按回内顺序聚合；本时段含1个场组候选。
TB-116-001,116,第一百十六回 得通靈幻境悟仙緣 送慈柩故鄉全孝道,1,第116回开端时段,起：116-01 宝玉闻麝月失言再厥，众人哭叫。；116-02 贾政找和尚不见，回屋见宝玉牙关紧闭。；承/结：116-13 鸳鸯声催“林妹妹请你”，鸳鸯现门外招手，宝玉追赶不及。；116-14 见楼阁宫女别有洞天，宝玉贪看景致忘了鸳鸯。；起：116-01 宝玉闻麝月失言再厥，众人哭叫。；116-02 贾政找和尚不见，回屋见宝玉牙关紧闭。；承/结：116-13 鸳鸯声催“林妹妹请你”，鸳鸯现门外招手，宝玉追赶不及。；116-14 见楼阁宫女别有洞天，宝玉贪看景致忘了鸳鸯。,116-001,116-014,high,由W33事件按回内顺序聚合；本时段含1个场组候选。
TB-116-002,116,第一百十六回 得通靈幻境悟仙緣 送慈柩故鄉全孝道,2,第116回第2叙事时段,起：116-15 入宫门见白石栏内一株仙草摇曳，宝玉心动神怡。；116-16 仙女呵斥凡人窥探，宝玉求问此地与鸳鸯林妹妹之事。；承/结：116-21 晴雯现身称奉妃子之命邀见，宝玉将信将疑随行。；116-22 至殿宇辉煌处候旨，见妃子形貌似黛玉，宝玉失言被逐。；起：116-15 入宫门见白石栏内一株仙草摇曳，宝玉心动神怡。；116-16 仙女呵斥凡人窥探，宝玉求问此地与鸳鸯林妹妹之事。；承/结：116-21 晴雯现身称奉妃子之命邀见，宝玉将信将疑随行。；116-22 至殿宇辉煌处候旨，见妃子形貌似黛玉，宝玉失言被逐。,116-015,116-022,high,由W33事件按回内顺序聚合；本时段含1个场组候选。
TB-116-003,116,第一百十六回 得通靈幻境悟仙緣 送慈柩故鄉全孝道,3,第116回收束时段,起：116-23 出殿无人引路，见秦氏招手却不答，力士执鞭驱逐。；116-24 见迎春等群女子忽变鬼怪追扑，危急中和尚以镜照救。；承/结：116-30 贾政议扶柩回南安葬并筹银，嘱贾琏管教宝玉赴考；末闻和尚索银再来。；起：116-23 出殿无人引路，见秦氏招手却不答，力士执鞭驱逐。；116-24 见迎春等群女子忽变鬼怪追扑，危急中和尚以镜照救。；承/结：116-30 贾政议扶柩回南安葬并筹银，嘱贾琏管教宝玉赴考；末闻和尚索银再来。,116-023,116-030,high,由W33事件按回内顺序聚合；本时段含1个场组候选。
TB-117-001,117,第一一七回　阻超凡佳人雙護玉　欣聚黨惡子獨承家,1,第117回开端时段,起：宝玉听闻和尚到访，急往前厅求见。；李贵拦僧，宝玉以太太之命放行。；宝玉见僧形状如旧，行礼称弟子。；和尚开口只要银子，宝玉疑其道行。；宝玉以“真人不露相”自劝，邀僧稍坐。；承/结：宝钗劝宝玉功名，宝玉戏言“一子出家七祖升天”。；王夫人伤心大哭，叹家运多出家念头；宝玉辩称顽话。；起：宝玉听闻和尚到访，急往前厅求见。；李贵拦僧，宝玉以太太之命放行。；宝玉见僧形状如旧，行礼称弟子。；和尚开口只要银子，宝玉疑其道行。；宝玉以“真人不露相”自劝，邀僧稍坐。；承/结：宝钗劝宝玉功名，宝玉戏言“一子出家七祖升天”。；王夫人伤心大哭，叹家运多出家念头；宝玉辩称顽话。,117-001,117-025,high,由W33事件按回内顺序聚合；本时段含1个场组候选。
TB-117-002,117,第一一七回　阻超凡佳人雙護玉　欣聚黨惡子獨承家,2,第117回收束时段,起：丫头报贾琏回府神色大变，王夫人令其进来回话。；贾琏言接父书病危，须即刻回去；托付家中诸事。；承/结：外书房聚赌饮酒；后传惜春绞发求出家，众人无奈。；起：丫头报贾琏回府神色大变，王夫人令其进来回话。；贾琏言接父书病危，须即刻回去；托付家中诸事。；承/结：外书房聚赌饮酒；后传惜春绞发求出家，众人无奈。,117-026,117-030,high,由W33事件按回内顺序聚合；本时段含1个场组候选。
TB-118-001,118,第一百十八回 記微嫌舅兄欺弱女 驚謎語妻妾諫痴人,1,第118回开端时段,起：王夫人与众人商议惜春修行，提出带发修行与安置静室。；紫鹃自请跟随惜春修行，以报黛玉之恩。；宝玉听紫鹃之言酸楚落泪，又强笑替紫鹃求情。；王夫人责宝玉不劝反赞，惜春表明宁死不改主意。；宝玉念判词诗句“勘破三春”，众人惊惧其入迷。；王夫人哭叹由他们去，宝钗袭人等也大恸。；李纨劝解并定紫鹃随行，宝玉念佛称难得。；袭人痛哭亦愿出家，宝玉说其不能享清福。；众人散去：彩屏等暂侍惜春后配人家，紫鹃终身伏侍。；承/结：邢大舅以“郡王体面、可复官势”…；起：王夫人与众人商议惜春修行，提出带发修行与安置静室。；紫鹃自请跟随惜春修行，以报黛玉之恩。；宝玉听紫鹃之言酸楚落泪，又强笑替紫鹃求情。；王夫人责宝玉不劝反赞，惜春表明宁死不改主意。；宝玉念判词诗句“勘破三春”，众人惊惧其入迷。；王夫人哭叹由他们去，宝钗袭人等也大恸。；李纨劝解并定紫鹃随行，宝玉念佛称难得。；袭人痛哭亦愿出家，宝玉说其不能享清福。；众人散去：彩屏等暂侍惜春后配人家，紫鹃终身伏侍。；承/结：邢大舅以“郡王体面、可复官势”…,118-001,118-025,high,由W33事件按回内顺序聚合；本时段含1个场组候选。
TB-118-002,118,第一百十八回 記微嫌舅兄欺弱女 驚謎語妻妾諫痴人,2,第118回收束时段,起：平儿探听得外头风声，吓得无主意，急告李纨宝钗求转告王夫人。；王夫人知事不好去劝邢夫人，邢夫人反疑其非好意，坚持自作主。；王夫人暗气落泪，宝玉劝其不管；王夫人忧巧姐错配。；平儿跪求王夫人做主，王夫人言巧姐系大太太孙女难拦，平儿惧宝玉疯嚷。；承/结：王夫人心痛卧房，贾兰呈贾政家书：路阻、探春或回京、叮嘱宝玉兰哥用功。；起：平儿探听得外头风声，吓得无主意，急告李纨宝钗求转告王夫人。；王夫人知事不好去劝邢夫人，邢夫人反疑其非好意，坚持自作主。；王夫人暗气落泪，宝玉劝其不管；王夫人忧巧姐错配。；平儿跪求王夫人做主，王夫人言巧姐系大太太孙女难拦，平儿惧宝玉疯嚷。；承/结：王夫人心痛卧房，贾兰呈贾政家书：路阻、探春或回京、叮嘱宝玉兰哥用功。,118-026,118-030,high,由W33事件按回内顺序聚合；本时段含1个场组候选。
TB-119-001,119,第一百十九回 中鄉魁寳玉𨚫塵緣 沐皇恩賈家延世澤,1,第119回开端时段,起：119-01 叮嘱莺儿尽心伏侍宝钗；119-02 宝钗担忧宝玉进场前神情冷静；119-03 宝钗派袭人等收拾行装并加派管事护送；119-04 王夫人临考嘱咐宝玉与贾兰要自保重；承/结：119-09 宝钗忍泪无言众人疑宝玉言语不祥；119-10 宝玉辞别宝钗并托话惜春紫鹃；119-11 宝玉大笑称完了事遂出门赴考；起：119-12 贾赦不在家贾𤨔与邢夫人谋巧姐亲事；119-13 邢夫人指责贾琏托人办巧姐事并催快定；119-14 贾环称外藩三日便娶邢夫人令写年庚帖；承/结：119-19 刘姥姥来闻事献计：悄悄带巧姐出走；119-20 平儿与王夫人商定遮掩并备车从后门送走；119-21 巧姐扮青儿模样与平儿随车急走；119-22 下人通同放走巧姐邢夫人等追问无从；119-23 外藩知是勋戚不敢犯禁退回媒议；119-24 王夫人斥责众人逼死巧姐平儿各…,119-001,119-024,high,由W33事件按回内顺序聚合；本时段含2个场组候选。
TB-119-002,119,第一百十九回 中鄉魁寳玉𨚫塵緣 沐皇恩賈家延世澤,2,第119回收束时段,起：119-25 出场日贾兰回报宝玉龙门口走失；119-26 众人彻夜寻找无果宝钗惜春疑玉与和尚作怪；119-27 探春回京见家中惨状哭劝众人等信；承/结：119-28 喜报：宝玉中第七贾兰亦中但宝玉仍未归；119-29 皇上怜恤贾氏大赦并命各衙门寻访宝玉；119-30 巧姐随刘姥姥避至庄上终得贾琏回迎,119-025,119-030,high,由W33事件按回内顺序聚合；本时段含2个场组候选。
TB-120-001,120,第一百二十回 甄士隱詳說太虛情 賈雨村歸結紅樓夢,1,第120回开端时段,起：120-01 襲人急怒成病，寶釵請醫安置；120-02 襲人夢見僧人訓誡，疑寶玉遁去；120-03 襲人思量去留兩難，一度起死念；承/结：120-04 寶釵暗自垂淚，又幫母親籌贖罪；起：120-05 賈政護送靈柩安葬，聞寶玉中舉又走失；承/结：120-06 賈政雪夜泊驛，忽見寶玉赤腳披氈拜父；120-07 一僧一道挾寶玉離去，賈政追趕不及；120-08 三人作歌遠去，轉坡倏然不見；120-09 賈政回船敘述經過，嘆寶玉下凡歷劫；120-10 賈政寫家書勸家人勿念，趕回京中,120-001,120-010,high,由W33事件按回内顺序聚合；本时段含2个场组候选。
TB-120-002,120,第一百二十回 甄士隱詳說太虛情 賈雨村歸結紅樓夢,2,第120回第2叙事时段,起：120-11 薛家湊贖罪銀兩放出薛蟠，立誓悔過；120-12 薛姨媽議定香菱算媳婦，眾人稱大奶奶；承/结：120-16 薛姨媽與王夫人商議襲人去留，擬配正經親事；120-17 薛姨媽勸襲人柔順守命，寶釵亦以大道理相安；起：120-18 賈政回家整飭家政，內外各按理而行；120-19 賈政陛見謝恩，奏寶玉走失，蒙賜道號；承/结：120-20 寧國府收拾將搬，櫳翠菴留惜春靜養；120-21 巧姐親事定周家，賈政以清白上進為要,120-011,120-021,high,由W33事件按回内顺序聚合；本时段含2个场组候选。
TB-120-003,120,第一百二十回 甄士隱詳說太虛情 賈雨村歸結紅樓夢,3,第120回收束时段,起：120-22 王夫人允花自芳媳婦作媒，為襲人擇蔣家；120-23 襲人悲傷受命，含悲叩辭眾人；120-24 襲人帶必死心回家，見哥哥置辦粧奩更難開口；120-25 襲人委屈出嫁，蔣家依正配規矩相待；120-26 襲人識蔣玉函舊情，方信姻緣前定；承/结：120-27 雨村遇赦褫籍為民，覺迷渡口逢甄士隱；120-28 甄士隱論寶玉來歷與夙緣了結，雨村聽而未盡解；起：120-29 甄士隱言香菱產難完劫將得度脫，雨村恍惚睡去；承/结：120-30 空空道人再抄《石頭記》，托雪芹傳世，歸結全書,120-022,120-030,high,由W33事件按回内顺序聚合；本时段含2个场组候选。
