external_node_id,section,external_year_label,external_year_index,raw_time_label,event_summary,matrix_status,evidence_strength,decision_reason,best_internal_source,best_internal_source_id,best_chapter_no,best_old_segment_no,best_atom_code,best_time_block_id,best_internal_title,best_evidence_level,best_source_level,best_score,best_matched_tokens,internal_evidence_excerpt,main_axis_rule,next_action
EXT-WIKI-YEAR-0001,前八十回,元年,1,四月二十八 （或八月 ）,甄士隐 梦入太虚幻境，石头入红尘， 贾宝玉 降生，英莲3岁 。,模糊待复核,中/弱,有候选但可能是日期词或人物词误撞；不得入主轴,time_axis,time_00004,1,,,,第1回｜元年｜甄士隐梦太虚 / 石头入红尘,D｜外部模型辅助,外部校准,50,八月 / 四月二十八 / 梦入太虚幻境 / 甄士隐 / 石头入红尘 / 英莲 / 降生,"第1回｜元年｜甄士隐梦太虚/石头入红尘元年夏/待复验；外部亦有八月说四月二十八或八月待判一日/待判炎夏永昼甄士隐梦入太虚幻境；石头入红尘；宝玉降生参照；英莲三岁季节级,年序级,待判作为第1回主线前史开端坐标，外部模型给出元年与四月二十八或八月两种参照，需回原文复验。{""坐标标题"":""第1回｜元年｜甄士隐梦太虚/石头入红尘"",""坐标类型"":""硬锚点"",""书内年序"":""元年"",""叙事阶段"":""主线前史"",""季节定位"":""夏/待复验；外部亦有八月说"",""月令/节令"":""四月二十八或八月待判"",""日期/日序"":""一日/待判",外部节点不进主轴；只有回原文后形成的内部证据可设主轴点,回原文窗口复核
EXT-WIKI-YEAR-0002,前八十回,元年,1,八月十五,士隐赠银。,内部强证可设点,强,内部 time_axis 有强证候选；仍需回原文窗口复核后由内部证据设点,time_axis,time_00003,1,,,,第001回｜时间窗口｜红楼元年与神话入世,A｜原文明示,原文明示,21,八月十五 / 士隐赠银,"第001回｜时间窗口｜红楼元年与神话入世红楼元年/神话入世元年中秋前后八月十五；八月十六；中秋语境八月十五至八月十六前后甄士隐赠银、雨村进京与石头入世框架事件波段级,年序级,日期级现实锚点与神话框架同回出现；神话时间不直接混入现实年序。{""坐标标题"":""第001回｜时间窗口｜红楼元年与神话入世"",""坐标类型"":""时间窗口"",""书内年序"":""红楼元年/神话入世元年"",""叙事阶段"":""神话前史"",""季节定位"":""中秋前后"",""月令/节令"":""八月十五；八月十六；中秋语境"",""日期/日序"":""八月十五至八月十六前后"",""",外部节点不进主轴；只有回原文后形成的内部证据可设主轴点,回原文窗口复核
EXT-WIKI-YEAR-0003,前八十回,元年,1,八月十六,雨村动身进京应试。,内部强证可设点,强,内部 time_axis 有强证候选；仍需回原文窗口复核后由内部证据设点,time_axis,time_00001,1,,,,第1回｜八月十六｜雨村进京应试,A｜原文明示,原文明示,59,八月十六 / 京应 / 动身 / 动身进京 / 应试 / 村动 / 村动身进 / 身进 / 身进京应 / 进京 / 进京应试 / 雨村 / 雨村动身,"第1回｜八月十六｜雨村进京应试红楼元年/神话入世元年中秋次日八月十六；中秋次日八月十六贾雨村动身进京应试事件波段级,日期级,节令级第1回时间窗口层将八月十五至八月十六列为原文明示时间链；本条补成硬锚点，保留与原有推进关系记录的区分。{""坐标标题"":""第1回｜八月十六｜雨村进京应试"",""坐标类型"":""硬锚点"",""书内年序"":""红楼元年/神话入世元年"",""叙事阶段"":""神话前史"",""季节定位"":""中秋次日"",""月令/节令"":""八月十六；中秋次日"",""日期/日序"":""八月十六"",""日内时段"":"""",""事件/时间节点"":""",外部节点不进主轴；只有回原文后形成的内部证据可设主轴点,回原文窗口复核
EXT-WIKI-YEAR-0004,前八十回,三年,3,正月十五,英莲 5岁 被拐。,暂未设定,无内部证据,内部未召回足够候选；保留外部旁路节点，等待别法复核,,,,,,,,,,0,,,外部节点不进主轴；只有回原文后形成的内部证据可设主轴点,保留外部旁路，等待别法复核
EXT-WIKI-YEAR-0005,前八十回,三年,3,三月十五,葫芦庙大火。,暂未设定,无内部证据,内部未召回足够候选；保留外部旁路节点，等待别法复核,,,,,,,,,,0,,,外部节点不进主轴；只有回原文后形成的内部证据可设主轴点,保留外部旁路，等待别法复核
EXT-WIKI-YEAR-0006,前八十回,四年,4,,甄士隐出家。,暂未设定,无内部证据,内部未召回足够候选；保留外部旁路节点，等待别法复核,,,,,,,,,,0,,,外部节点不进主轴；只有回原文后形成的内部证据可设主轴点,保留外部旁路，等待别法复核
EXT-WIKI-YEAR-0007,前八十回,四年,4,,贾元春入宫 。,模糊待复核,中/弱,有候选但可能是日期词或人物词误撞；不得入主轴,time_axis,time_00048,16,,,,第016回｜回目总判｜元春才选与秦钟夭逝,D｜外部模型辅助,工程推定,21,春 / 元春,"第016回｜回目总判｜元春才选与秦钟夭逝红楼十一年年底/待校冬/年底十二月底外部参照年底返府与秦钟死并行待校元春才选凤藻宫；黛玉回府；秦钟夭逝；大观园修造起点事件波段级,月令级该回是丧事后收束、元妃省亲准备、大观园前史启动的桥接回。{""坐标标题"":""第016回｜回目总判｜元春才选与秦钟夭逝"",""坐标类型"":""回目总判"",""书内年序"":""红楼十一年年底/待校"",""叙事阶段"":""入府后"",""季节定位"":""冬/年底"",""月令/节令"":""十二月底外部参照"",""日期/日序"":""年底返府与秦钟死并行待校"",""日内时段"":"""",",外部节点不进主轴；只有回原文后形成的内部证据可设主轴点,回原文窗口复核
EXT-WIKI-YEAR-0008,前八十回,五年,5,,贾雨村 纳娇杏。,暂未设定,无内部证据,内部未召回足够候选；保留外部旁路节点，等待别法复核,,,,,,,,,,0,,,外部节点不进主轴；只有回原文后形成的内部证据可设主轴点,保留外部旁路，等待别法复核
EXT-WIKI-YEAR-0009,前八十回,六年,6,,贾雨村 做林宅西席， 林黛玉 5岁 。,暂未设定,无内部证据,内部未召回足够候选；保留外部旁路节点，等待别法复核,,,,,,,,,,0,,,外部节点不进主轴；只有回原文后形成的内部证据可设主轴点,保留外部旁路，等待别法复核
EXT-WIKI-YEAR-0010,前八十回,七年,7,夏,黛玉母亲病逝 。,暂未设定,无内部证据,内部未召回足够候选；保留外部旁路节点，等待别法复核,,,,,,,,,,0,,,外部节点不进主轴；只有回原文后形成的内部证据可设主轴点,保留外部旁路，等待别法复核
EXT-WIKI-YEAR-0011,前八十回,七年,7,秋,贾雨村 遇 冷子兴 ，贾琏约20岁 ， 王熙凤 嫁到贾府两年 ，王熙凤17岁 ， 贾蓉 16岁 。,模糊待复核,中/弱,有候选但可能是日期词或人物词误撞；不得入主轴,time_axis,time_00001,1,,,,第1回｜八月十六｜雨村进京应试,A｜原文明示,原文明示,21,秋 / 贾雨村,"第1回｜八月十六｜雨村进京应试红楼元年/神话入世元年中秋次日八月十六；中秋次日八月十六贾雨村动身进京应试事件波段级,日期级,节令级第1回时间窗口层将八月十五至八月十六列为原文明示时间链；本条补成硬锚点，保留与原有推进关系记录的区分。{""坐标标题"":""第1回｜八月十六｜雨村进京应试"",""坐标类型"":""硬锚点"",""书内年序"":""红楼元年/神话入世元年"",""叙事阶段"":""神话前史"",""季节定位"":""中秋次日"",""月令/节令"":""八月十六；中秋次日"",""日期/日序"":""八月十六"",""日内时段"":"""",""事件/时间节点"":""",外部节点不进主轴；只有回原文后形成的内部证据可设主轴点,回原文窗口复核
EXT-WIKI-YEAR-0012,前八十回,七年,7,秋月初二,贾雨村护送林黛玉动身。,模糊待复核,中/弱,有候选但可能是日期词或人物词误撞；不得入主轴,time_axis,time_00001,1,,,,第1回｜八月十六｜雨村进京应试,A｜原文明示,原文明示,35,秋 / 动身 / 贾雨 / 贾雨村 / 雨村,"第1回｜八月十六｜雨村进京应试红楼元年/神话入世元年中秋次日八月十六；中秋次日八月十六贾雨村动身进京应试事件波段级,日期级,节令级第1回时间窗口层将八月十五至八月十六列为原文明示时间链；本条补成硬锚点，保留与原有推进关系记录的区分。{""坐标标题"":""第1回｜八月十六｜雨村进京应试"",""坐标类型"":""硬锚点"",""书内年序"":""红楼元年/神话入世元年"",""叙事阶段"":""神话前史"",""季节定位"":""中秋次日"",""月令/节令"":""八月十六；中秋次日"",""日期/日序"":""八月十六"",""日内时段"":"""",""事件/时间节点"":""",外部节点不进主轴；只有回原文后形成的内部证据可设主轴点,回原文窗口复核
EXT-WIKI-YEAR-0013,前八十回,八年,8,正月,林黛玉7岁（13岁 ）入贾府，贾迎春8岁 ，探春7岁，惜春6岁， 贾宝玉 8岁 ，贾母71岁 。雪雁10岁 。,模糊待复核,中/弱,有候选但可能是日期词或人物词误撞；不得入主轴,time_axis,time_00055,18,,,,第018回｜回目总判｜十月将尽至正月十五省亲,A｜原文明示,原文明示,33,春 / 正月 / 林黛玉,"第018回｜回目总判｜十月将尽至正月十五省亲年序待补/大观园省亲年冬前至新春十月将尽；正月十五/元宵十五日五鼓至夜间省亲省亲筹备全备；元妃归省庆元宵日内级,日期级,月令级,节令级该回拥有十月将尽与正月十五五鼓两个强锚点，是大观园时间主轴关键回。{""坐标标题"":""第018回｜回目总判｜十月将尽至正月十五省亲"",""坐标类型"":""回目总判"",""书内年序"":""年序待补/大观园省亲年"",""叙事阶段"":""大观园前"",""季节定位"":""冬前至新春"",""月令/节令"":""十月将尽；正月十五/元宵"",""日期/日序"":""十五日"",""日内时",外部节点不进主轴；只有回原文后形成的内部证据可设主轴点,回原文窗口复核
EXT-WIKI-YEAR-0014,前八十回,八年,8,次日,众姊妹到李纨处，贾兰5岁 （4岁 ），李纨约20岁 。王夫人获知薛蟠犯案 。,内部证据可候选,中强,内部原文段/时间块/变量点召回较强；需人工复核后决定是否由内部证据设点,time_blocks,TB-097-001,97,97-001..97-034,,TB-097-001,第97回开端时段,high,回内时间块,32,次日 / 夫人 / 王夫 / 薛蟠,第97回开端时段起：黛玉行至潇湘馆门口，听紫鹃一语更动心神，吐血几乎晕倒，秋纹紫鹃合力扶回。；秋纹离后紫鹃雪雁守床，黛玉渐苏醒反问二人为何哭泣。；黛玉笑答尚未能死，话音未落又喘作一团。；吐血之后黛玉反倒清醒，数年心病一朝明白，反而不伤心，惟求速死以完此债。；承/结：贾母王夫人凤姐同至薛家，薛姨妈感激述薛蟠近况。；凤姐拦薛姨妈不告宝钗，陷请其移步贾府商议要紧事。；凤姐向薛姨妈全羽阐冲喜论：借金锁压邪气、让贾政外任前看宝玉成家放心。；薛姨妈心愿虑宝钗委屈…；起：薛姨妈回家细告宝钗、明言已应承。；宝钗低头不语后自垂泪，薛,外部节点不进主轴；只有回原文后形成的内部证据可设主轴点,回原文窗口复核
EXT-WIKI-YEAR-0015,前八十回,八年,8,秋,贾雨村判案， 薛蟠 12岁（15岁 ），英莲12岁 （10岁 ）改名香菱。,模糊待复核,中/弱,有候选但可能是日期词或人物词误撞；不得入主轴,time_axis,time_00120,47,,,,第047回｜回目总判｜薛蟠遭打与柳湘莲远走,C｜事件连续推定,工程推定,24,秋 / 薛蟠 / 香菱,"第047回｜回目总判｜薛蟠遭打与柳湘莲远走诗社期/年序待补秋冬之交待校承第46回后相邻阶段推进待校薛蟠调情遭打；柳湘莲惧祸远走事件波段级,待判,阶段级薛蟠出行前置波段，后接香菱学诗。{""坐标标题"":""第047回｜回目总判｜薛蟠遭打与柳湘莲远走"",""坐标类型"":""回目总判"",""书内年序"":""诗社期/年序待补"",""叙事阶段"":""大观园期"",""季节定位"":""秋冬之交待校"",""月令/节令"":""承第46回后"",""日期/日序"":""相邻阶段推进待校"",""日内时段"":"""",""事件/时间节点"":""薛蟠调情遭打；柳湘莲惧祸远走"",""坐",外部节点不进主轴；只有回原文后形成的内部证据可设主轴点,回原文窗口复核
EXT-WIKI-YEAR-0016,前八十回,九年,9,春,薛宝钗 11岁 （13岁 ）入贾府。,模糊待复核,中/弱,有候选但可能是日期词或人物词误撞；不得入主轴,time_axis,time_00080,28,,,,第028回｜回目总判｜蒋玉菡赠帕与红麝串,C｜事件连续推定,工程推定,21,春 / 薛宝钗,"第028回｜回目总判｜蒋玉菡赠帕与红麝串大观园初期/年序待补暮春/初夏待校承第27回花事后相邻日或同阶段推进待校蒋玉菡情赠茜香罗；宝钗红麝串季节级,待判,阶段级承接第27回后的人物关系与物象推进，暂作阶段坐标。{""坐标标题"":""第028回｜回目总判｜蒋玉菡赠帕与红麝串"",""坐标类型"":""回目总判"",""书内年序"":""大观园初期/年序待补"",""叙事阶段"":""大观园期"",""季节定位"":""暮春/初夏待校"",""月令/节令"":""承第27回花事后"",""日期/日序"":""相邻日或同阶段推进待校"",""日内时段"":"""",""事件/时间节点",外部节点不进主轴；只有回原文后形成的内部证据可设主轴点,回原文窗口复核
EXT-WIKI-YEAR-0017,前八十回,九年,9,腊月,宁府赏梅。贾宝玉9岁，初试云雨情， 袭人 11岁 ，贾蓉18岁 ， 秦可卿 18岁 。,模糊待复核,中/弱,有候选但可能是日期词或人物词误撞；不得入主轴,variable_points,LK-5C1ED6CD9AADB4,53,53-002,C053-A0002,TB-053-001,scene_person_hint=乌庄头,变量点候选,scene_person_hint,21,腊月 / 贾蓉,scene_person_hint乌庄头王夫人、晴雯、贾珍、尤氏、乌庄头、乌进孝、贾蓉腊月将近尤氏打点宁府年事當下已是腊月，離年日近，王夫人與鳳姐治辦年事。,外部节点不进主轴；只有回原文后形成的内部证据可设主轴点,回原文窗口复核
EXT-WIKI-YEAR-0018,前八十回,十年,10,八月二十,秦可卿病。,模糊待复核,中/弱,有候选但可能是日期词或人物词误撞；不得入主轴,time_axis,time_00031,10,,,,第10回前后｜红楼十年八月二十｜秦可卿病,D｜外部模型辅助,外部校准,24,八月二十 / 秦可卿 / 秦可卿病,"第10回前后｜红楼十年八月二十｜秦可卿病红楼十年秋八月八月二十秦可卿病程开始/加重参照事件波段级,年序级,日期级外部模型将秦可卿病定位为红楼十年八月二十；在新坐标表中作为秦可卿病程波段的起点候选。{""坐标标题"":""第10回前后｜红楼十年八月二十｜秦可卿病"",""坐标类型"":""事件波段"",""书内年序"":""红楼十年"",""叙事阶段"":""入府后"",""季节定位"":""秋"",""月令/节令"":""八月"",""日期/日序"":""八月二十"",""日内时段"":"""",""事件/时间节点"":""秦可卿病程开始/加重参照"",""坐标精度"":""事件波段级,年序",外部节点不进主轴；只有回原文后形成的内部证据可设主轴点,回原文窗口复核
EXT-WIKI-YEAR-0019,前八十回,十年,10,九月初二,刘姥姥 一进荣国府，大姐儿3岁 ， 王熙凤 20岁 ，平儿15岁 。薛宝钗谈冷香丸， 周瑞家的 送宫花，看香菱像秦可卿。,模糊待复核,中/弱,有候选但可能是日期词或人物词误撞；不得入主轴,time_axis,time_00017,6,,,,第6回｜红楼十年九月初二｜刘姥姥一进荣国府,E｜疑点待判,外部校准,38,九月初二 / 一进荣国府 / 冷香 / 刘姥姥 / 送宫花 / 香丸,"第6回｜红楼十年九月初二｜刘姥姥一进荣国府红楼十年秋/秋尽冬初待复验九月九月初二/外部参照刘姥姥一进荣国府；冷香丸、送宫花波段参照季节级,年序级,日期级原文有“这年秋尽冬初”与“这日”类锚点，外部模型给九月初二；两者需校准。{""坐标标题"":""第6回｜红楼十年九月初二｜刘姥姥一进荣国府"",""坐标类型"":""硬锚点"",""书内年序"":""红楼十年"",""叙事阶段"":""入府后"",""季节定位"":""秋/秋尽冬初待复验"",""月令/节令"":""九月"",""日期/日序"":""九月初二/外部参照"",""日内时段"":"""",""事件/时间节点"":""刘姥姥",外部节点不进主轴；只有回原文后形成的内部证据可设主轴点,回原文窗口复核
EXT-WIKI-YEAR-0020,前八十回,十年,10,九月初三,王熙凤带宝玉访宁府，焦大骂街，宝玉认识 秦钟 ，两人同龄10岁 。,模糊待复核,中/弱,有候选但可能是日期词或人物词误撞；不得入主轴,time_axis,time_00022,7,,,,第7回前后｜红楼十年九月初三｜凤姐宝玉访宁府,D｜外部模型辅助,外部校准,77,九月初三 / 凤带 / 凤带宝玉 / 宁府 / 宝玉 / 宝玉认识 / 宝玉访宁 / 带宝 / 带宝玉访 / 焦大骂街 / 熙凤 / 熙凤带宝 / 玉访 / 玉访宁府 / 王熙 / 王熙凤 / 王熙凤带 / 秦钟 / 访宁,"第7回前后｜红楼十年九月初三｜凤姐宝玉访宁府红楼十年秋九月九月初三/外部参照王熙凤带宝玉访宁府；焦大骂街；宝玉认识秦钟事件波段级,年序级,日期级作为刘姥姥一进后宁府访亲、识秦钟、焦大骂街波段坐标。{""坐标标题"":""第7回前后｜红楼十年九月初三｜凤姐宝玉访宁府"",""坐标类型"":""事件波段"",""书内年序"":""红楼十年"",""叙事阶段"":""入府后"",""季节定位"":""秋"",""月令/节令"":""九月"",""日期/日序"":""九月初三/外部参照"",""日内时段"":"""",""事件/时间节点"":""王熙凤带宝玉访宁府；焦大骂街；宝玉认识秦钟"",",外部节点不进主轴；只有回原文后形成的内部证据可设主轴点,回原文窗口复核
EXT-WIKI-YEAR-0021,前八十回,十年,10,九月初五,尤氏秦氏摆戏酒，宝玉看宝钗项圈，讨药丸吃，紫鹃派雪雁给林黛玉送手炉，宝玉给 晴雯 9岁 （12岁 ）捂手，怒骂李嬷嬷。,内部证据可候选,中强,内部原文段/时间块/变量点召回较强；需人工复核后决定是否由内部证据设点,segments,07-011,7,07-011,07-叙事-013,,凤姐宝玉赴宁府，尤氏秦氏花庁迎接,原文段候选,原文段,20,宝玉 / 尤氏 / 尤氏秦氏 / 氏秦 / 秦氏,凤姐宝玉赴宁府，尤氏秦氏花庁迎接尤氏秦氏將二人還有贾蓉山等人，一同迎出，对凤姐道謝不过，也不兼说。次日赴宁府,外部节点不进主轴；只有回原文后形成的内部证据可设主轴点,回原文窗口复核
EXT-WIKI-YEAR-0022,前八十回,十年,10,九月十二,闹学，贾蔷16岁 。,模糊待复核,中/弱,有候选但可能是日期词或人物词误撞；不得入主轴,time_axis,time_00025,9,,,,第9回｜红楼十年九月十二｜闹学,D｜外部模型辅助,外部校准,21,九月十二 / 闹学,"第9回｜红楼十年九月十二｜闹学红楼十年秋九月九月十二/外部参照闹学事件波段级,年序级,日期级外部模型给出九月十二，作为秦钟—宝玉学塾事件波段坐标候选。{""坐标标题"":""第9回｜红楼十年九月十二｜闹学"",""坐标类型"":""事件波段"",""书内年序"":""红楼十年"",""叙事阶段"":""入府后"",""季节定位"":""秋"",""月令/节令"":""九月"",""日期/日序"":""九月十二/外部参照"",""日内时段"":"""",""事件/时间节点"":""闹学"",""坐标精度"":""事件波段级,年序级,日期级"",""证据等级"":""D｜外部模型辅助"",""是否进入主轴""",外部节点不进主轴；只有回原文后形成的内部证据可设主轴点,回原文窗口复核
EXT-WIKI-YEAR-0023,前八十回,十年,10,九月十三,张太医开药方，贾蓉19岁，贾珍38岁 ，贾惜春8岁 ，尤氏33岁 。,内部证据可候选,中强,变量点命中明确事件短语；需回原文窗口复核后才可由内部证据设点,variable_points,LK-DDB046288D1F47,10,10-014,C010-A0014,TB-010-002,time_axis=第10回｜红楼十年九月十三｜张太医开药方,变量点候选,time_axis,47,九月十三 / 春 / 尤氏 / 张太医开药方 / 贾珍 / 贾蓉,time_axis第10回｜红楼十年九月十三｜张太医开药方作为秦可卿病程中的医疗诊断坐标，需回第10回确认原文是否明示。张先生谈预后：今冬不础、弹分可望全愈，贾蓉送客，尤氏贾珍讨论药方，命人燎药给秦氏吃今年一冬是不相干的。总是过了春分，就可望全愈了。,外部节点不进主轴；只有回原文后形成的内部证据可设主轴点,回原文窗口复核
EXT-WIKI-YEAR-0024,前八十回,十年,10,九月十五,菊花盛开，贾敬生日，贾母不出席，秦可卿卧床不起，贾瑞（23岁 ）见王熙凤（21岁）。,模糊待复核,中/弱,有候选但可能是日期词或人物词误撞；不得入主轴,time_axis,time_00035,11,,,,第11回前后｜红楼十年九月十五｜菊花盛开 / 贾敬生日,D｜外部模型辅助,外部校准,65,九月十五 / 不起 / 卧床 / 卧床不起 / 卿卧 / 卿卧床不 / 可卿 / 可卿卧床 / 床不 / 秦可 / 秦可卿 / 秦可卿卧 / 菊花盛开 / 贾敬生日 / 贾瑞,"第11回前后｜红楼十年九月十五｜菊花盛开/贾敬生日红楼十年秋/菊花九月九月十五/外部参照菊花盛开；贾敬生日；秦可卿卧床不起；贾瑞见凤姐季节级,年序级,日期级菊花和生日构成较强季节锚点，可用于校准第11回前后秋季坐标。{""坐标标题"":""第11回前后｜红楼十年九月十五｜菊花盛开/贾敬生日"",""坐标类型"":""硬锚点"",""书内年序"":""红楼十年"",""叙事阶段"":""入府后"",""季节定位"":""秋/菊花"",""月令/节令"":""九月"",""日期/日序"":""九月十五/外部参照"",""日内时段"":"""",""事件/时间节点"":""菊花盛开；贾敬生",外部节点不进主轴；只有回原文后形成的内部证据可设主轴点,回原文窗口复核
EXT-WIKI-YEAR-0025,前八十回,十年,10,十一月,贾瑞到荣府找王熙凤。,内部证据可候选,中强,变量点命中明确事件短语；需回原文窗口复核后才可由内部证据设点,variable_points,LK-583A68DF7961AC,11,11-030,C011-A0030,TB-011-004,time_axis=第11—12回前后｜红楼十年十一月三十｜冬至,变量点候选,time_axis,41,十一月 / 到荣 / 瑞到 / 瑞到荣府 / 荣府 / 贾瑞 / 贾瑞到荣,time_axis第11—12回前后｜红楼十年十一月三十｜冬至冬至是强节令锚点，可作为贾瑞线、秦可卿病程线之间的冬季校准点。天香楼点戏散席后，贾瑞仍觑凤；其后屡到荣府寻凤姐未遇贾瑞犹不住拿眼看着凤姐儿。且说贾瑞到荣府来了几次，偏都值凤姐儿往宁府去了。,外部节点不进主轴；只有回原文后形成的内部证据可设主轴点,回原文窗口复核
EXT-WIKI-YEAR-0026,前八十回,十年,10,十一月三十,冬至 。,模糊待复核,中/弱,有候选但可能是日期词或人物词误撞；不得入主轴,time_axis,time_00032,11,,,,第11—12回前后｜红楼十年十一月三十｜冬至,D｜外部模型辅助,外部校准,33,冬 / 十一月三十 / 冬至,"第11—12回前后｜红楼十年十一月三十｜冬至红楼十年冬冬至十一月三十/外部参照冬至年序级,日期级,节令级冬至是强节令锚点，可作为贾瑞线、秦可卿病程线之间的冬季校准点。{""坐标标题"":""第11—12回前后｜红楼十年十一月三十｜冬至"",""坐标类型"":""硬锚点"",""书内年序"":""红楼十年"",""叙事阶段"":""入府后"",""季节定位"":""冬"",""月令/节令"":""冬至"",""日期/日序"":""十一月三十/外部参照"",""日内时段"":"""",""事件/时间节点"":""冬至"",""坐标精度"":""年序级,日期级,节令级"",""证据等级"":""D｜外部模",外部节点不进主轴；只有回原文后形成的内部证据可设主轴点,回原文窗口复核
EXT-WIKI-YEAR-0027,前八十回,十年,10,十二月初二,王熙凤探望秦可卿，一诓贾瑞。,模糊待复核,中/弱,有候选但可能是日期词或人物词误撞；不得入主轴,time_axis,time_00038,13,,,,第13回｜红楼十一年十月中｜秦可卿死 / 托梦凤姐,D｜外部模型辅助,外部校准,23,可卿 / 熙凤 / 王熙 / 王熙凤 / 秦可 / 秦可卿,"第13回｜红楼十一年十月中｜秦可卿死/托梦凤姐红楼十一年深秋/初冬待判十月中秦可卿死亡；托梦王熙凤事件波段级,年序级,月令级外部模型给十月中；作为秦可卿病程—死亡—丧事波段的死亡节点。{""坐标标题"":""第13回｜红楼十一年十月中｜秦可卿死/托梦凤姐"",""坐标类型"":""事件波段"",""书内年序"":""红楼十一年"",""叙事阶段"":""入府后"",""季节定位"":""深秋/初冬待判"",""月令/节令"":""十月中"",""日期/日序"":"""",""日内时段"":"""",""事件/时间节点"":""秦可卿死亡；托梦王熙凤"",""坐标精度"":""事件波段级,年序",外部节点不进主轴；只有回原文后形成的内部证据可设主轴点,回原文窗口复核
EXT-WIKI-YEAR-0028,前八十回,十年,10,十二月初五,王熙凤二诓贾瑞。,模糊待复核,中/弱,有候选但可能是日期词或人物词误撞；不得入主轴,time_axis,time_00036,12,,,,第012回｜回目总判｜贾瑞相思局与风月鉴,C｜事件连续推定,工程推定,17,熙凤 / 王熙 / 王熙凤 / 贾瑞,"第012回｜回目总判｜贾瑞相思局与风月鉴红楼十年外部参照/待校冬/待校冬至前后外部参照待校多次约会与病死过程，非单日王熙凤设相思局；贾瑞病死；风月鉴事件波段级,季节级,阶段级该回是过程时间，应以“多日/病程/冬令”校，不逐动作拆。{""坐标标题"":""第012回｜回目总判｜贾瑞相思局与风月鉴"",""坐标类型"":""回目总判"",""书内年序"":""红楼十年外部参照/待校"",""叙事阶段"":""入府后"",""季节定位"":""冬/待校"",""月令/节令"":""冬至前后外部参照待校"",""日期/日序"":""多次约会与病死过程，非单日"",""日内时段"":",外部节点不进主轴；只有回原文后形成的内部证据可设主轴点,回原文窗口复核
EXT-WIKI-YEAR-0029,前八十回,十一年,11,夏（年初 ）,贾瑞 看 风月宝鉴 正面死。,模糊待复核,中/弱,有候选但可能是日期词或人物词误撞；不得入主轴,variable_points,LK-A43226312FD559,1,01-029,C001-A0029,TB-001-004,season=八月中秋等并存待校,变量点候选,season,21,夏 / 风月宝鉴,season八月中秋等并存待校炎夏、八月中秋等并存待校空空道人抄录石上故事·《石头记》至《情僧录》《风月宝鉴》《红楼梦》层层命名。空空道人听如此说，思忖半晌……因空见色，由色生情，传情入色，自色悟空。,外部节点不进主轴；只有回原文后形成的内部证据可设主轴点,回原文窗口复核
EXT-WIKI-YEAR-0030,前八十回,十一年,11,九月,林如海 病，黛玉回乡探亲。,模糊待复核,中/弱,有候选但可能是日期词或人物词误撞；不得入主轴,time_axis,time_00042,14,,,,第014回｜回目总判｜林如海九月初三死与秦出殡,A｜原文明示,原文明示,21,九月 / 林如海,"第014回｜回目总判｜林如海九月初三死与秦出殡红楼十一年秋至冬九月初三、十二月初两层并存九月初三巳时/十二月初出殡巳时；出殡日时段待校林如海去世消息；秦可卿出殡；宝玉路谒北静王事件波段级,日内级,日期级该回跨接林如海死讯与秦可卿丧事公开节点，应拆成双锚点。{""坐标标题"":""第014回｜回目总判｜林如海九月初三死与秦出殡"",""坐标类型"":""回目总判"",""书内年序"":""红楼十一年"",""叙事阶段"":""入府后"",""季节定位"":""秋至冬"",""月令/节令"":""九月初三、十二月初两层并存"",""日期/日序"":""九月初三巳时/十二月",外部节点不进主轴；只有回原文后形成的内部证据可设主轴点,回原文窗口复核
EXT-WIKI-YEAR-0031,前八十回,十一年,11,九月初三,林如海死。,内部强证可设点,强,内部 time_axis 有强证候选；仍需回原文窗口复核后由内部证据设点,time_axis,time_00042,14,,,,第014回｜回目总判｜林如海九月初三死与秦出殡,A｜原文明示,原文明示,21,九月初三 / 林如海死,"第014回｜回目总判｜林如海九月初三死与秦出殡红楼十一年秋至冬九月初三、十二月初两层并存九月初三巳时/十二月初出殡巳时；出殡日时段待校林如海去世消息；秦可卿出殡；宝玉路谒北静王事件波段级,日内级,日期级该回跨接林如海死讯与秦可卿丧事公开节点，应拆成双锚点。{""坐标标题"":""第014回｜回目总判｜林如海九月初三死与秦出殡"",""坐标类型"":""回目总判"",""书内年序"":""红楼十一年"",""叙事阶段"":""入府后"",""季节定位"":""秋至冬"",""月令/节令"":""九月初三、十二月初两层并存"",""日期/日序"":""九月初三巳时/十二月",外部节点不进主轴；只有回原文后形成的内部证据可设主轴点,回原文窗口复核
EXT-WIKI-YEAR-0032,前八十回,十一年,11,十月中,秦可卿（20岁）死，托梦王熙凤留下“三春去后诸芳尽，各自须寻各自门”谶语，贾蓉20岁 。,模糊待复核,中/弱,有候选但可能是日期词或人物词误撞；不得入主轴,time_axis,time_00038,13,,,,第13回｜红楼十一年十月中｜秦可卿死 / 托梦凤姐,D｜外部模型辅助,外部校准,89,十月 / 春 / 三春 / 三春去后 / 去后 / 去后诸芳 / 后诸 / 后诸芳尽 / 托梦 / 托梦王熙 / 春去 / 春去后诸 / 梦王 / 梦王熙凤 / 熙凤 / 王熙 / 王熙凤 / 秦可卿 / 芳尽 / 诸芳,"第13回｜红楼十一年十月中｜秦可卿死/托梦凤姐红楼十一年深秋/初冬待判十月中秦可卿死亡；托梦王熙凤事件波段级,年序级,月令级外部模型给十月中；作为秦可卿病程—死亡—丧事波段的死亡节点。{""坐标标题"":""第13回｜红楼十一年十月中｜秦可卿死/托梦凤姐"",""坐标类型"":""事件波段"",""书内年序"":""红楼十一年"",""叙事阶段"":""入府后"",""季节定位"":""深秋/初冬待判"",""月令/节令"":""十月中"",""日期/日序"":"""",""日内时段"":"""",""事件/时间节点"":""秦可卿死亡；托梦王熙凤"",""坐标精度"":""事件波段级,年序",外部节点不进主轴；只有回原文后形成的内部证据可设主轴点,回原文窗口复核
EXT-WIKI-YEAR-0033,前八十回,十一年,11,十二月初,秦可卿出殡，宝玉见北静王，王熙凤弄权。,模糊待复核,中/弱,有候选但可能是日期词或人物词误撞；不得入主轴,time_axis,time_00041,14,,,,第14—15回｜红楼十一年十二月初｜秦可卿出殡 / 北静王 / 凤姐弄权,D｜外部模型辅助,外部校准,38,十二月 / 宝玉见北静王 / 王熙凤 / 王熙凤弄权 / 秦可卿 / 秦可卿出殡,"第14—15回｜红楼十一年十二月初｜秦可卿出殡/北静王/凤姐弄权红楼十一年冬十二月初秦可卿出殡；宝玉见北静王；王熙凤弄权事件波段级,年序级,月令级承接秦可卿死亡节点，进入丧事公开展开与权力调度波段。{""坐标标题"":""第14—15回｜红楼十一年十二月初｜秦可卿出殡/北静王/凤姐弄权"",""坐标类型"":""事件波段"",""书内年序"":""红楼十一年"",""叙事阶段"":""入府后"",""季节定位"":""冬"",""月令/节令"":""十二月初"",""日期/日序"":"""",""日内时段"":"""",""事件/时间节点"":""秦可卿出殡；宝玉见北静王；王熙凤弄权",外部节点不进主轴；只有回原文后形成的内部证据可设主轴点,回原文窗口复核
EXT-WIKI-YEAR-0034,前八十回,十一年,11,十二月中,贾政（48岁 ）生日， 元春 28岁 （38岁 ）加封贤德妃。,模糊待复核,中/弱,有候选但可能是日期词或人物词误撞；不得入主轴,time_axis,time_00048,16,,,,第016回｜回目总判｜元春才选与秦钟夭逝,D｜外部模型辅助,工程推定,33,十二月 / 春 / 元春,"第016回｜回目总判｜元春才选与秦钟夭逝红楼十一年年底/待校冬/年底十二月底外部参照年底返府与秦钟死并行待校元春才选凤藻宫；黛玉回府；秦钟夭逝；大观园修造起点事件波段级,月令级该回是丧事后收束、元妃省亲准备、大观园前史启动的桥接回。{""坐标标题"":""第016回｜回目总判｜元春才选与秦钟夭逝"",""坐标类型"":""回目总判"",""书内年序"":""红楼十一年年底/待校"",""叙事阶段"":""入府后"",""季节定位"":""冬/年底"",""月令/节令"":""十二月底外部参照"",""日期/日序"":""年底返府与秦钟死并行待校"",""日内时段"":"""",",外部节点不进主轴；只有回原文后形成的内部证据可设主轴点,回原文窗口复核
EXT-WIKI-YEAR-0035,前八十回,十一年,11,十二月底,贾琏和黛玉回贾府。贾雨村同路回。,模糊待复核,中/弱,有候选但可能是日期词或人物词误撞；不得入主轴,time_axis,time_00050,16,,,,第16回前后｜红楼十一年十二月底｜贾琏黛玉回贾府,D｜外部模型辅助,外部校准,50,十二月 / 回贾 / 玉回 / 玉回贾府 / 贾府 / 贾琏 / 贾雨村 / 贾雨村同路回 / 黛玉 / 黛玉回贾,"第16回前后｜红楼十一年十二月底｜贾琏黛玉回贾府红楼十一年冬/年底十二月底贾琏与黛玉回贾府；贾雨村同路回事件波段级,年序级,月令级从林如海九月初三去世推进到年底黛玉返贾府，构成跨月推进关系。{""坐标标题"":""第16回前后｜红楼十一年十二月底｜贾琏黛玉回贾府"",""坐标类型"":""推进关系"",""书内年序"":""红楼十一年"",""叙事阶段"":""入府后"",""季节定位"":""冬/年底"",""月令/节令"":""十二月底"",""日期/日序"":"""",""日内时段"":"""",""事件/时间节点"":""贾琏与黛玉回贾府；贾雨村同路回"",""坐标精度"":""事件",外部节点不进主轴；只有回原文后形成的内部证据可设主轴点,回原文窗口复核
EXT-WIKI-YEAR-0036,前八十回,十一年,11,十二月底,贾琏叹息香菱（14岁）被薛蟠纳妾。,暂未设定,无内部证据,内部未召回足够候选；保留外部旁路节点，等待别法复核,,,,,,,,,,0,,,外部节点不进主轴；只有回原文后形成的内部证据可设主轴点,保留外部旁路，等待别法复核
EXT-WIKI-YEAR-0037,前八十回,十一年,11,十二月底,修造大观园动工。,模糊待复核,中/弱,有候选但可能是日期词或人物词误撞；不得入主轴,time_axis,time_00047,16,,,,第16—17回前后｜红楼十一年十二月底｜修造大观园动工,D｜外部模型辅助,外部校准,53,十二月 / 修造 / 修造大观 / 动工 / 园动 / 大观 / 大观园动 / 观园 / 观园动工 / 造大 / 造大观园,"第16—17回前后｜红楼十一年十二月底｜修造大观园动工红楼十一年冬/年底十二月底修造大观园动工事件波段级,年序级,月令级与元妃省亲准备相连，是“大观园修造—省亲”波段的起点候选。{""坐标标题"":""第16—17回前后｜红楼十一年十二月底｜修造大观园动工"",""坐标类型"":""事件波段"",""书内年序"":""红楼十一年"",""叙事阶段"":""大观园前"",""季节定位"":""冬/年底"",""月令/节令"":""十二月底"",""日期/日序"":"""",""日内时段"":"""",""事件/时间节点"":""修造大观园动工"",""坐标精度"":""事件波段级,年序级,月令",外部节点不进主轴；只有回原文后形成的内部证据可设主轴点,回原文窗口复核
EXT-WIKI-YEAR-0038,前八十回,十一年,11,十二月底,秦钟（11岁）死。,模糊待复核,中/弱,有候选但可能是日期词或人物词误撞；不得入主轴,time_axis,time_00045,15,,,,第015回｜回目总判｜铁槛寺凤姐弄权与秦钟馒头庵,C｜事件连续推定,工程推定,21,十二月 / 秦钟,"第015回｜回目总判｜铁槛寺凤姐弄权与秦钟馒头庵红楼十一年冬/丧事途中十二月初外部参照秦可卿出殡后续/同波段推进铁槛寺弄权；馒头庵秦钟得趣事件波段级,月令级该回承第14回出殡路线，是丧事波段内部的后续推进。{""坐标标题"":""第015回｜回目总判｜铁槛寺凤姐弄权与秦钟馒头庵"",""坐标类型"":""回目总判"",""书内年序"":""红楼十一年"",""叙事阶段"":""入府后"",""季节定位"":""冬/丧事途中"",""月令/节令"":""十二月初外部参照"",""日期/日序"":""秦可卿出殡后续/同波段推进"",""日内时段"":"""",""事件/时间节点"":""",外部节点不进主轴；只有回原文后形成的内部证据可设主轴点,回原文窗口复核
EXT-WIKI-YEAR-0039,前八十回,十二年,12,三月,宝玉大观园试才 。,模糊待复核,中/弱,有候选但可能是日期词或人物词误撞；不得入主轴,time_axis,time_00157,62,,,,第062回｜回目总判｜宝玉生日与群芳生日谈话,A｜原文明示,原文明示,32,三月 / 大观 / 宝玉 / 观园,"第062回｜回目总判｜宝玉生日与群芳生日谈话大观园中段/年序待补初夏/芍药花时待校四月下旬待定；生辰清单含正月、二月、三月等回溯宝玉生日当日清晨拜寿至日间宴饮，夜宴接第63回宝玉生日；宝琴、岫烟、平儿等同日；生日清单建立事件波段级,待判,日内级,日期级生日系统关键回，后续需细拆人物生辰与宝玉生日精确日疑点。{""坐标标题"":""第062回｜回目总判｜宝玉生日与群芳生日谈话"",""坐标类型"":""回目总判"",""书内年序"":""大观园中段/年序待补"",""叙事阶段"":""大观园期"",""季节定位"":""初夏/芍药花时待校"",""月令/节令",外部节点不进主轴；只有回原文后形成的内部证据可设主轴点,回原文窗口复核
EXT-WIKI-YEAR-0040,前八十回,十二年,12,三月,黛玉剪香囊。,暂未设定,无内部证据,内部未召回足够候选；保留外部旁路节点，等待别法复核,,,,,,,,,,0,,,外部节点不进主轴；只有回原文后形成的内部证据可设主轴点,保留外部旁路，等待别法复核
EXT-WIKI-YEAR-0041,前八十回,十二年,12,三月,从姑苏采买12女孩住梨香院学戏（薛姨妈家另搬到园子东北角）， 贾蔷 总管。,模糊待复核,中/弱,有候选但可能是日期词或人物词误撞；不得入主轴,segments,78-001,78,78-001,78-回奏逐晴雯,,王夫人趁便向贾母回明赶逐晴雯事，称其淘气懒病命薄难留，已令其家配人；并放梨香院学戏女孩儿。,原文段候选,原文段,26,女孩 / 学戏 / 梨香 / 梨香院学 / 院学 / 香院 / 香院学戏,王夫人趁便向贾母回明赶逐晴雯事，称其淘气懒病命薄难留，已令其家配人；并放梨香院学戏女孩儿。王夫人便往賈母處來省晨……回道：「寶玉屋裡有個晴雯……病不離身……我就趕著叫他下去了……賞他家配人去也罷了。再那幾個學戲的女孩子，我也作主放出去了……」,外部节点不进主轴；只有回原文后形成的内部证据可设主轴点,回原文窗口复核
EXT-WIKI-YEAR-0042,前八十回,十二年,12,三月,妙玉 （18岁 ）进大观园。,暂未设定,无内部证据,内部未召回足够候选；保留外部旁路节点，等待别法复核,,,,,,,,,,0,,,外部节点不进主轴；只有回原文后形成的内部证据可设主轴点,保留外部旁路，等待别法复核
EXT-WIKI-YEAR-0043,前八十回,十二年,12,十月底,大观园工程大体完备 。,模糊待复核,中/弱,有候选但可能是日期词或人物词误撞；不得入主轴,time_axis,time_00053,17,,,,第017回｜回目总判｜大观园题额试才,C｜事件连续推定,工程推定,41,十月 / 园工 / 大观 / 大观园工 / 工程 / 观园 / 观园工程,"第017回｜回目总判｜大观园题额试才红楼12年模型参照/年序待补省亲前/待判十月将尽前后待校大观园工程验看日大观园试才题对额；省亲空间成形事件波段级,阶段级该回是大观园修造到省亲之间的空间验看坐标。{""坐标标题"":""第017回｜回目总判｜大观园题额试才"",""坐标类型"":""回目总判"",""书内年序"":""红楼12年模型参照/年序待补"",""叙事阶段"":""大观园前"",""季节定位"":""省亲前/待判"",""月令/节令"":""十月将尽前后待校"",""日期/日序"":""大观园工程验看日"",""日内时段"":"""",""事件/时间节点"":""大观园试才",外部节点不进主轴；只有回原文后形成的内部证据可设主轴点,回原文窗口复核
EXT-WIKI-YEAR-0044,前八十回,十三年,13,正月十五,元春 省亲，点戏《豪宴》《乞巧》《仙缘》《离魂》。,内部强证可设点,强,内部 time_axis 有强证候选；仍需回原文窗口复核后由内部证据设点,time_axis,time_00055,18,,,,第018回｜回目总判｜十月将尽至正月十五省亲,A｜原文明示,原文明示,36,春 / 正月 / 元春 / 省亲,"第018回｜回目总判｜十月将尽至正月十五省亲年序待补/大观园省亲年冬前至新春十月将尽；正月十五/元宵十五日五鼓至夜间省亲省亲筹备全备；元妃归省庆元宵日内级,日期级,月令级,节令级该回拥有十月将尽与正月十五五鼓两个强锚点，是大观园时间主轴关键回。{""坐标标题"":""第018回｜回目总判｜十月将尽至正月十五省亲"",""坐标类型"":""回目总判"",""书内年序"":""年序待补/大观园省亲年"",""叙事阶段"":""大观园前"",""季节定位"":""冬前至新春"",""月令/节令"":""十月将尽；正月十五/元宵"",""日期/日序"":""十五日"",""日内时",外部节点不进主轴；只有回原文后形成的内部证据可设主轴点,回原文窗口复核
EXT-WIKI-YEAR-0045,前八十回,十三年,13,正月十七,宝玉访袭人家，李嬷嬷吃奶酪，袭人15岁（18岁 ）规劝宝玉。,模糊待复核,中/弱,有候选但可能是日期词或人物词误撞；不得入主轴,time_axis,time_00059,19,,,,第019回｜回目总判｜省亲后良宵与静日,C｜事件连续推定,工程推定,21,正月 / 袭人,"第019回｜回目总判｜省亲后良宵与静日省亲后/年序待补新春后待判正月后续待校良宵、静日两个时段结构夜间与白日并置花袭人良宵规劝；宝黛静日情语待判,日内级,阶段级该回题目已有夜/日时段提示，适合后续做日内推进细化。{""坐标标题"":""第019回｜回目总判｜省亲后良宵与静日"",""坐标类型"":""回目总判"",""书内年序"":""省亲后/年序待补"",""叙事阶段"":""大观园前"",""季节定位"":""新春后待判"",""月令/节令"":""正月后续待校"",""日期/日序"":""良宵、静日两个时段结构"",""日内时段"":""夜间与白日并置"",""事件/时间节",外部节点不进主轴；只有回原文后形成的内部证据可设主轴点,回原文窗口复核
EXT-WIKI-YEAR-0046,前八十回,十三年,13,正月十八,宝玉编香芋，李嬷嬷骂袭人，宝玉给麝月梳头。,模糊待复核,中/弱,有候选但可能是日期词或人物词误撞；不得入主轴,time_axis,time_00060,19,,,,第019回｜时间窗口｜省亲后正月下旬初春,B｜上下文强推,上下文推定,24,正月 / 宝玉 / 袭人,"第019回｜时间窗口｜省亲后正月下旬初春红楼十二年正月十五后初春候选正月下旬候选；省亲后省亲后不久省亲后良宵与宝玉袭人黛玉日常待判,月令级,阶段级承第18回省亲后进入关系整理期，无新硬年序。{""坐标标题"":""第019回｜时间窗口｜省亲后正月下旬初春"",""坐标类型"":""时间窗口"",""书内年序"":""红楼十二年正月十五后"",""叙事阶段"":""大观园前"",""季节定位"":""初春候选"",""月令/节令"":""正月下旬候选；省亲后"",""日期/日序"":""省亲后不久"",""日内时段"":"""",""事件/时间节点"":""省亲后良宵与宝玉袭人黛玉日常",外部节点不进主轴；只有回原文后形成的内部证据可设主轴点,回原文窗口复核
EXT-WIKI-YEAR-0047,前八十回,十三年,13,正月十九,宝玉（13岁）批 贾环 （11岁 ）。,模糊待复核,中/弱,有候选但可能是日期词或人物词误撞；不得入主轴,time_axis,time_00054,17,,,,第017回｜时间窗口｜十二年正月前大观园题额,B｜上下文强推,上下文推定,21,正月 / 宝玉,"第017回｜时间窗口｜十二年正月前大观园题额红楼十二年正月前/省亲前筹备冬末至正月前省亲前；园成待题修园后、省亲前大观园题额试才事件波段级,阶段级园已成形而省亲未至，位于修园后、省亲前。{""坐标标题"":""第017回｜时间窗口｜十二年正月前大观园题额"",""坐标类型"":""时间窗口"",""书内年序"":""红楼十二年正月前/省亲前筹备"",""叙事阶段"":""大观园前"",""季节定位"":""冬末至正月前"",""月令/节令"":""省亲前；园成待题"",""日期/日序"":""修园后、省亲前"",""日内时段"":"""",""事件/时间节点"":""大观园题额试才""",外部节点不进主轴；只有回原文后形成的内部证据可设主轴点,回原文窗口复核
EXT-WIKI-YEAR-0048,前八十回,十三年,13,正月十九,史湘云 （12岁 ）来了。宝玉黛玉拌嘴。,模糊待复核,中/弱,有候选但可能是日期词或人物词误撞；不得入主轴,variable_points,LK-2C5E584A4FD811,22,22-002,C022-A0002,TB-022-001,season=初春,变量点候选,season,21,正月 / 史湘云,season初春初春/正月史湘云被留看戏并备生日针线賈母因說：“等過了你寶姐姐的生日，看了戲再回去。”,外部节点不进主轴；只有回原文后形成的内部证据可设主轴点,回原文窗口复核
EXT-WIKI-YEAR-0049,前八十回,十三年,13,正月二十,宝玉在黛玉处洗脸，袭人生气，宝玉给四儿起名。,内部证据可候选,中强,内部原文段/时间块/变量点召回较强；需人工复核后决定是否由内部证据设点,time_blocks,TB-021-001,21,21-001..21-020,,TB-021-001,第21回开端时段,high,回内时间块,38,二十 / 四儿 / 宝玉 / 洗脸 / 袭人 / 黛玉,第21回开端时段起：湘云躲黛玉，宝玉调停，众人赴饭；夜归寝，宝玉晨入黛玉房，见二人睡态；承/结：宝玉闷读书令四儿侍，夜冷清对灯；宝玉横心当众人死，自剪烛烹茶读南华经；起：引庄子文：绝圣弃智等一段；宝玉酒兴续写庄子，讥钗玉花麝迷人；承/结：宝玉折玉簪誓听劝，袭人拾簪劝起洗脸；宝玉去上房后，黛玉翻庄子见续文又气又笑题绝第二十一回賢襲人嬌嗔箴寶玉俏平兒軟語救賈璉由W33事件按回内顺序聚合；本时段含2个场组候选。,外部节点不进主轴；只有回原文后形成的内部证据可设主轴点,回原文窗口复核
EXT-WIKI-YEAR-0050,前八十回,十三年,13,正月二十,大姐儿出麻疹， 贾琏 （27岁）与多姑娘（20岁 ）通奸，平儿遮掩。贾母提议为薛宝钗办生日。,模糊待复核,中/弱,有候选但可能是日期词或人物词误撞；不得入主轴,time_axis,time_00066,22,,,,第022回｜时间窗口｜正月下旬宝钗生日灯谜,A｜原文明示,原文明示,33,二十 / 正月 / 宝钗,"第022回｜时间窗口｜正月下旬宝钗生日灯谜红楼十二年正月下旬候选初春/正月正月；灯谜；生日；元宵余波宝钗生日当日前后宝钗生日；灯谜谶语事件波段级,待判,月令级,节令级宝钗生日在灯节后语境中出现，是生日系统早期硬节点之一。{""坐标标题"":""第022回｜时间窗口｜正月下旬宝钗生日灯谜"",""坐标类型"":""时间窗口"",""书内年序"":""红楼十二年正月下旬候选"",""叙事阶段"":""大观园前"",""季节定位"":""初春/正月"",""月令/节令"":""正月；灯谜；生日；元宵余波"",""日期/日序"":""宝钗生日当日前后"",""日内时段"":"""",""",外部节点不进主轴；只有回原文后形成的内部证据可设主轴点,回原文窗口复核
EXT-WIKI-YEAR-0051,前八十回,十三年,13,正月二十一,宝钗（15岁 ）在贾母内院过生日 ，点戏，王熙凤说小旦像一个人。宝玉哄湘云黛玉。,内部证据可候选,中强,内部原文段/时间块/变量点召回较强；需人工复核后决定是否由内部证据设点,time_blocks,TB-100-003,100,100-018..100-030,,TB-100-003,第100回收束时段,high,回内时间块,20,在贾 / 宝玉 / 宝钗 / 贾母 / 黛玉,第100回收束时段起：宝钗在贾母屋听王夫人告要聘探春·贾母问同乡那孩子到过家怎老爷没提·王夫人答不知。；贾母叹三丫头远嫁不知三年两年可能回家·恐赶不上再见一面·掉下泪来。；王夫人举迎春被女婿打闹甚至不给饭吃·送东西摸不着·拌嘴即说使了他家银钱·藏耳房不敢出。；王夫人以迎春之苦反证·请老太太示下择日送探春·贾母允料理妥当拣日送去。；宝钗心里叫苦·家里姑娘尖儿又要远嫁·回房不与宝玉说话·将听见话告袭人·袭人也狠不受用。；承/结：赵姨娘听说反欢喜·心里懊悅这…；起：探春悶走到宝玉处·宝玉问黛玉死时闻音乐·探春言那夜确怪不,外部节点不进主轴；只有回原文后形成的内部证据可设主轴点,回原文窗口复核
EXT-WIKI-YEAR-0052,前八十回,十三年,13,正月二十二,猜灯谜，贾政关心 贾兰 （10岁）。,模糊待复核,中/弱,有候选但可能是日期词或人物词误撞；不得入主轴,time_axis,time_00054,17,,,,第017回｜时间窗口｜十二年正月前大观园题额,B｜上下文强推,上下文推定,21,正月 / 贾政,"第017回｜时间窗口｜十二年正月前大观园题额红楼十二年正月前/省亲前筹备冬末至正月前省亲前；园成待题修园后、省亲前大观园题额试才事件波段级,阶段级园已成形而省亲未至，位于修园后、省亲前。{""坐标标题"":""第017回｜时间窗口｜十二年正月前大观园题额"",""坐标类型"":""时间窗口"",""书内年序"":""红楼十二年正月前/省亲前筹备"",""叙事阶段"":""大观园前"",""季节定位"":""冬末至正月前"",""月令/节令"":""省亲前；园成待题"",""日期/日序"":""修园后、省亲前"",""日内时段"":"""",""事件/时间节点"":""大观园题额试才""",外部节点不进主轴；只有回原文后形成的内部证据可设主轴点,回原文窗口复核
EXT-WIKI-YEAR-0053,前八十回,十三年,13,正月下旬,贾芹领命管理家庙。,暂未设定,无内部证据,内部未召回足够候选；保留外部旁路节点，等待别法复核,,,,,,,,,,0,,,外部节点不进主轴；只有回原文后形成的内部证据可设主轴点,保留外部旁路，等待别法复核
EXT-WIKI-YEAR-0054,前八十回,十三年,13,二月上旬,贾政传命宝玉入园，金钏问宝玉吃胭脂否。,模糊待复核,中/弱,有候选但可能是日期词或人物词误撞；不得入主轴,segments,96-009,96,96-009,贾政放外任,,贾政已知心不受用又知宝玉失玉神志愧愧；那年京察工部保列一等，二月吴部引见、皇上即放了江西粮道即日谢恩。,原文段候选,原文段,24,二月 / 宝玉 / 贾政,贾政已知心不受用又知宝玉失玉神志愧愧；那年京察工部保列一等，二月吴部引见、皇上即放了江西粮道即日谢恩。贾政京察保列一等即放江西粮道即日谢恩,外部节点不进主轴；只有回原文后形成的内部证据可设主轴点,回原文窗口复核
EXT-WIKI-YEAR-0055,前八十回,十三年,13,二月二十二,宝玉和众姐妹搬入大观园。薛宝钗住了蘅芜苑，林黛玉住了潇湘馆，贾迎春住了缀锦楼，探春住了秋爽斋，惜春住了蓼风轩，李氏住了稻香村，宝玉住了 怡红院 。,内部证据可候选,中强,内部原文段/时间块/变量点召回较强；需人工复核后决定是否由内部证据设点,time_blocks,TB-037-001,37,37-001..37-015,,TB-037-001,第37回开端时段,high,回内时间块,59,春 / 秋 / 宝玉 / 宝钗 / 探春 / 爽斋 / 秋爽 / 芜苑 / 蘅芜 / 黛玉,第37回开端时段起：贾政奉旨出任学差离家；承/结：众人拈阄限韵当场咏海棠；众人焚香限时各自构思成诗；探春作咏白海棠诗；宝钗作咏白海棠诗；宝玉作咏白海棠诗；黛玉作咏白海棠诗；起：贾政奉旨出任学差离家；承/结：众人拈阄限韵当场咏海棠；众人焚香限时各自构思成诗；探春作咏白海棠诗；宝钗作咏白海棠诗；宝玉作咏白海棠诗；黛玉作咏白海棠诗第三十七回秋爽斋偶结海棠社蘅芜苑夜拟菊花题由W33事件按回内顺序聚合；本时段含1个场组候选。,外部节点不进主轴；只有回原文后形成的内部证据可设主轴点,回原文窗口复核
EXT-WIKI-YEAR-0056,前八十回,十三年,13,三月中,宝玉（13岁 ）黛玉（13岁）偷看禁书《 会真记 》，梨香院门口黛玉遇香菱，宝玉戏鸳鸯，宝玉认 贾芸 干儿子。,内部证据可候选,中强,内部原文段/时间块/变量点召回较强；需人工复核后决定是否由内部证据设点,time_blocks,TB-052-002,52,52-006..52-009,,TB-052-002,第52回第2叙事时段,high,回内时间块,14,宝玉 / 香菱 / 黛玉,第52回第2叙事时段起：潇湘馆冬闺群聚共赏水仙并谈花香；承/结：众人论诗社与真真国美人诗湘云香菱来听；起：宝玉黛玉临别低语问袭人燕窝话被打断；承/结：次日宝玉起身出门贾母赐雀金呢并上马第五十二回俏平兒情掩蝦鬚鐲勇晴雯病補雀金裘由W33事件按回内顺序聚合；本时段含2个场组候选。,外部节点不进主轴；只有回原文后形成的内部证据可设主轴点,回原文窗口复核
EXT-WIKI-YEAR-0057,前八十回,十三年,13,三月,倪二借钱给贾芸。,暂未设定,弱,外部有时间说法，但内部证据不足；保留旁路,variable_points,LK-82AB9968170FBC,24,24-008,C024-A0008,TB-024-001,event=倪二仗义借银助贾芸转圜,变量点候选,event,14,二借 / 倪二 / 贾芸,event倪二仗义借银助贾芸转圜覆盖贾芸路遇倪二、诉说受辱经过、倪二借银、贾芸称银回家定心的链路。贾芸路遇倪二倪二仗义借银倪二道：“這銀子我是不要利錢的，也不用寫文約。”,外部节点不进主轴；只有回原文后形成的内部证据可设主轴点,保留外部旁路，等待别法复核
EXT-WIKI-YEAR-0058,前八十回,十三年,13,三月,小红 倒茶，秋纹骂小红。,模糊待复核,中/弱,有候选但可能是日期词或人物词误撞；不得入主轴,segments,24-014,24,24-014,24-叙事-014,,宝玉问小红来历小红回芸儿来访秋纹碧痕撞见,原文段候选,原文段,21,秋 / 小红,宝玉问小红来历小红回芸儿来访秋纹碧痕撞见原來是小紅。二人便都詫异，將水放下，忙進房來東瞧西望。,外部节点不进主轴；只有回原文后形成的内部证据可设主轴点,回原文窗口复核
EXT-WIKI-YEAR-0059,前八十回,十三年,13,三月下旬,王子腾夫人生日， 贾环 烫宝玉。,内部证据可候选,中强,变量点命中明确事件短语；需回原文窗口复核后才可由内部证据设点,variable_points,LK-33A91DE3DE54AA,70,70-008,C070-A0008,TB-070-002,scene_person_hint=凤姐,变量点候选,scene_person_hint,41,三月 / 夫人 / 子腾 / 子腾夫人 / 王子 / 王子腾夫 / 腾夫,scene_person_hint凤姐黛玉、凤姐、探春、贾政、王子腾夫人、林黛玉稻香村议定桃花社，因探春寿日改至初五已至稻香村中……大家議定：明日乃三月初二日，就起社，便改「海棠社」為「桃花社」，林黛玉就為社主。……因此改至初五。,外部节点不进主轴；只有回原文后形成的内部证据可设主轴点,回原文窗口复核
EXT-WIKI-YEAR-0060,前八十回,十三年,13,三月下旬,赵姨娘 请马道婆弄鬼，宝玉（13岁 ），王熙凤疯魔。,模糊待复核,中/弱,有候选但可能是日期词或人物词误撞；不得入主轴,time_axis,time_00157,62,,,,第062回｜回目总判｜宝玉生日与群芳生日谈话,A｜原文明示,原文明示,21,三月 / 宝玉,"第062回｜回目总判｜宝玉生日与群芳生日谈话大观园中段/年序待补初夏/芍药花时待校四月下旬待定；生辰清单含正月、二月、三月等回溯宝玉生日当日清晨拜寿至日间宴饮，夜宴接第63回宝玉生日；宝琴、岫烟、平儿等同日；生日清单建立事件波段级,待判,日内级,日期级生日系统关键回，后续需细拆人物生辰与宝玉生日精确日疑点。{""坐标标题"":""第062回｜回目总判｜宝玉生日与群芳生日谈话"",""坐标类型"":""回目总判"",""书内年序"":""大观园中段/年序待补"",""叙事阶段"":""大观园期"",""季节定位"":""初夏/芍药花时待校"",""月令/节令",外部节点不进主轴；只有回原文后形成的内部证据可设主轴点,回原文窗口复核
EXT-WIKI-YEAR-0061,前八十回,十三年,13,四月二十四,经33天 静养，宝玉痊愈，搬回大观园。,暂未设定,无内部证据,内部未召回足够候选；保留外部旁路节点，等待别法复核,,,,,,,,,,0,,,外部节点不进主轴；只有回原文后形成的内部证据可设主轴点,保留外部旁路，等待别法复核
EXT-WIKI-YEAR-0062,前八十回,十三年,13,四月二十五,小红蜂腰桥传蜜意，宝玉闻黛玉吟“每日家情思睡昏昏”，薛蟠请宝玉吃酒，宝钗来看宝玉，晴雯不给黛玉开门。,内部证据可候选,中强,内部原文段/时间块/变量点召回较强；需人工复核后决定是否由内部证据设点,segments,26-009,26,26-009,26-叙事-009,,宝玉入潇湘馆隔窗听黛玉春困娇慵,原文段候选,原文段,47,宝玉 / 家情 / 家情思睡 / 思睡 / 思睡昏昏 / 情思 / 情思睡昏 / 日家 / 日家情思 / 昏昏 / 每日 / 每日家情 / 睡昏 / 黛玉,宝玉入潇湘馆隔窗听黛玉春困娇慵寶玉在窗外笑道：“為甚么每日家情思睡昏昏？”,外部节点不进主轴；只有回原文后形成的内部证据可设主轴点,回原文窗口复核
EXT-WIKI-YEAR-0063,前八十回,十三年,13,四月二十六,芒种祭花神，宝钗扑蝶，小红（17岁 ）攀王熙凤，黛玉葬花，冯紫英请客，蒋玉菡赠巾，元春赏端午节礼。,模糊待复核,中/弱,有候选但可能是日期词或人物词误撞；不得入主轴,time_axis,time_00077,27,,,,第027回｜回目总判｜饯花前后宝钗扑蝶与黛玉葬花,C｜事件连续推定,工程推定,36,春 / 芒种 / 宝钗扑蝶 / 黛玉葬花,"第027回｜回目总判｜饯花前后宝钗扑蝶与黛玉葬花大观园初期/年序待补暮春/初夏临界饯花/芒种前后待校饯花日前后宝钗扑蝶；黛玉葬花季节级,待判,节令级这是宝玉生日候选链的重要前后校准节点之一。{""坐标标题"":""第027回｜回目总判｜饯花前后宝钗扑蝶与黛玉葬花"",""坐标类型"":""回目总判"",""书内年序"":""大观园初期/年序待补"",""叙事阶段"":""大观园期"",""季节定位"":""暮春/初夏临界"",""月令/节令"":""饯花/芒种前后待校"",""日期/日序"":""饯花日前后"",""日内时段"":"""",""事件/时间节点"":""宝钗扑蝶；黛玉葬",外部节点不进主轴；只有回原文后形成的内部证据可设主轴点,回原文窗口复核
EXT-WIKI-YEAR-0064,前八十回,十三年,13,四月二十七,宝玉看宝钗红麝香珠。,内部证据可候选,中强,变量点命中明确事件短语；需回原文窗口复核后才可由内部证据设点,variable_points,LK-F3802D5C87303C,28,28-020,C028-A0020,TB-028-002,event=宝玉看宝钗褪麝串发怔黛玉笑讥呆雁掷帕,变量点候选,event,35,宝玉 / 宝玉看宝 / 宝钗 / 宝钗红麝 / 玉看 / 玉看宝钗 / 看宝 / 看宝钗红 / 红麝 / 钗红,event宝玉看宝钗褪麝串发怔黛玉笑讥呆雁掷帕以宝玉索看宝钗红麝串为起点，以黛玉甩帕打中宝玉眼上、下回分解为止。宝玉看宝钗褪红麝串发怔黛玉讥作呆雁以帕掷面何曾不是在屋裡的。只因聽見天上一聲叫喚，出來瞧了瞧，原來是個獃雁。,外部节点不进主轴；只有回原文后形成的内部证据可设主轴点,回原文窗口复核
EXT-WIKI-YEAR-0065,前八十回,十三年,13,五月初一,贾母打醮，张道士提亲，贾母谢绝。出现贾珍贾蓉婆媳 。,模糊待复核,中/弱,有候选但可能是日期词或人物词误撞；不得入主轴,segments,64-001,64,64-001,64-叙事-001,,贾敬灵柩进城宁府停灵贾珍贾蓉居丧仍与小姨子厮混,原文段候选,原文段,17,珍贾 / 贾珍 / 贾珍贾蓉 / 贾蓉,贾敬灵柩进城宁府停灵贾珍贾蓉居丧仍与小姨子厮混賈珍賈蓉此時爲禮法所拘，不免在靈傍藉草枕塊……人散後，仍乘空尋他小姨子們厮混。,外部节点不进主轴；只有回原文后形成的内部证据可设主轴点,回原文窗口复核
EXT-WIKI-YEAR-0066,前八十回,十三年,13,五月初二,黛玉生气，宝玉砸玉，王夫人出现。,暂未设定,无内部证据,内部未召回足够候选；保留外部旁路节点，等待别法复核,,,,,,,,,,0,,,外部节点不进主轴；只有回原文后形成的内部证据可设主轴点,保留外部旁路，等待别法复核
EXT-WIKI-YEAR-0067,前八十回,十三年,13,五月初三,薛蟠17岁生日请戏，贾母论宝玉黛玉小冤家。,模糊待复核,中/弱,有候选但可能是日期词或人物词误撞；不得入主轴,variable_points,LK-6BFCBC16C26207,29,29-017,C029-A0017,TB-029-003,time_block_label=第29回第3叙事时段,变量点候选,time_block_label,23,冤家 / 宝玉 / 玉黛 / 薛蟠 / 贾母 / 黛玉,time_block_label第29回第3叙事时段起：宝黛各藏真心却以假意试探愈生误会；承/结：婆子报信惊动贾母王夫人入园查问责人；起：薛蟠生日看戏宝黛都不赴宴各自后悔；承/结：贾母叹不是冤家不聚头宝黛隔院同悲宝玉怒砸通灵玉黛玉哭劝众人忙来夺劝什麼撈什骨子，我砸了你完事！,外部节点不进主轴；只有回原文后形成的内部证据可设主轴点,回原文窗口复核
EXT-WIKI-YEAR-0068,前八十回,十三年,13,五月初四,宝钗讽刺宝玉负荆请罪，龄官画蔷， 金钏 15岁 被撵，宝玉丢金麒麟，袭人被踢。,模糊待复核,中/弱,有候选但可能是日期词或人物词误撞；不得入主轴,segments,30-006,30,30-006,30-叙事-006,,靛儿寻扇宝钗借负荆请罪双敲宝黛,原文段候选,原文段,20,宝钗 / 荆请 / 请罪 / 负荆 / 负荆请罪,靛儿寻扇宝钗借负荆请罪双敲宝黛原來這叫作《負荊請罪》！,外部节点不进主轴；只有回原文后形成的内部证据可设主轴点,回原文窗口复核
EXT-WIKI-YEAR-0069,前八十回,十三年,13,五月初五,晴雯 12岁（15岁）撕扇。,暂未设定,无内部证据,内部未召回足够候选；保留外部旁路节点，等待别法复核,,,,,,,,,,0,,,外部节点不进主轴；只有回原文后形成的内部证据可设主轴点,保留外部旁路，等待别法复核
EXT-WIKI-YEAR-0070,前八十回,十三年,13,五月初六,湘云来访，金钏跳井，贾政打宝玉，王夫人50岁 。,暂未设定,无内部证据,内部未召回足够候选；保留外部旁路节点，等待别法复核,,,,,,,,,,0,,,外部节点不进主轴；只有回原文后形成的内部证据可设主轴点,保留外部旁路，等待别法复核
EXT-WIKI-YEAR-0071,前八十回,十三年,13,五月初七,玉钏 尝羹， 莺儿 （16岁 ）打络。,暂未设定,弱,外部有时间说法，但内部证据不足；保留旁路,variable_points,LK-FDE430218566CB,35,35-015,C035-A0015,TB-035-003,scene_person_hint=传试,变量点候选,scene_person_hint,14,打络 / 玉钏 / 莺儿,scene_person_hint传试宝玉、宝钗、袭人、传试、玉钏、莺儿袭人莺儿议打络宝玉拣色样松花配桃红，这才姣艶。,外部节点不进主轴；只有回原文后形成的内部证据可设主轴点,保留外部旁路，等待别法复核
EXT-WIKI-YEAR-0072,前八十回,十三年,13,,六月：王夫人给袭人涨月例。,模糊待复核,中/弱,有候选但可能是日期词或人物词误撞；不得入主轴,segments,70-009,70,70-009,70-叙事-009,,贾政书信报六月回京，王子腾夫人接凤姐等闲乐,原文段候选,原文段,21,六月 / 夫人,贾政书信报六月回京，王子腾夫人接凤姐等闲乐這日眾姊妹皆在房中侍早膳畢，便有賈政書信到了……偏生近日王子騰之女許與保寧侯之子……鳳姐兒又忙著張羅。,外部节点不进主轴；只有回原文后形成的内部证据可设主轴点,回原文窗口复核
EXT-WIKI-YEAR-0073,前八十回,十三年,13,六月,宝钗听宝玉梦语木石前盟。,内部证据可候选,中强,内部原文段/时间块/变量点召回较强；需人工复核后决定是否由内部证据设点,segments,115-005,115,115-005,115-U01,,宝钗听宝玉被命作文略喜，宝玉却不愿又不敢怠慢。,原文段候选,原文段,23,听宝 / 宝玉 / 宝钗 / 宝钗听宝 / 钗听 / 钗听宝玉,宝钗听宝玉被命作文略喜，宝玉却不愿又不敢怠慢。宝钗听宝玉被命作文略喜宝玉却不愿又不敢怠慢,外部节点不进主轴；只有回原文后形成的内部证据可设主轴点,回原文窗口复核
EXT-WIKI-YEAR-0074,前八十回,十三年,13,七月,龄官 拒唱，贾蔷放雀。,暂未设定,无内部证据,内部未召回足够候选；保留外部旁路节点，等待别法复核,,,,,,,,,,0,,,外部节点不进主轴；只有回原文后形成的内部证据可设主轴点,保留外部旁路，等待别法复核
EXT-WIKI-YEAR-0075,前八十回,十三年,13,七月,薛姨妈过生日 。,暂未设定,无内部证据,内部未召回足够候选；保留外部旁路节点，等待别法复核,,,,,,,,,,0,,,外部节点不进主轴；只有回原文后形成的内部证据可设主轴点,保留外部旁路，等待别法复核
EXT-WIKI-YEAR-0076,前八十回,十三年,13,八月二十,贾政点学政外派。,模糊待复核,中/弱,有候选但可能是日期词或人物词误撞；不得入主轴,segments,37-001,37,37-001,37-贾政离家,,贾政奉旨出任学差离家,原文段候选,原文段,21,八月二十 / 贾政,贾政奉旨出任学差离家這賈政只得奉了㫖，擇于八月二十日起身。,外部节点不进主轴；只有回原文后形成的内部证据可设主轴点,回原文窗口复核
EXT-WIKI-YEAR-0077,前八十回,十五年,15,八月二十二,结海棠诗社， 李纨 28岁， 迎春 16岁 （17岁 ）， 探春 14岁（15岁）， 惜春 13岁（15岁）。晴雯，秋纹，麝月嘲笑袭人。,模糊待复核,中/弱,有候选但可能是日期词或人物词误撞；不得入主轴,time_axis,time_00098,37,,,,第037回｜回目总判｜八月二十二海棠诗社,D｜外部模型辅助,外部校准,33,八月二十二 / 秋 / 结海棠诗社,"第037回｜回目总判｜八月二十二海棠诗社年序待补/大观园诗社期秋八月二十二外部参照诗社成立日结海棠诗社；夜拟菊花题事件波段级,季节级,日期级诗社期的秋季硬坐标候选，已与外部八月二十二对齐。{""坐标标题"":""第037回｜回目总判｜八月二十二海棠诗社"",""坐标类型"":""回目总判"",""书内年序"":""年序待补/大观园诗社期"",""叙事阶段"":""大观园期"",""季节定位"":""秋"",""月令/节令"":""八月二十二外部参照"",""日期/日序"":""诗社成立日"",""日内时段"":"""",""事件/时间节点"":""结海棠诗社；夜拟菊花题"",""坐标精度",外部节点不进主轴；只有回原文后形成的内部证据可设主轴点,回原文窗口复核
EXT-WIKI-YEAR-0078,前八十回,十五年,15,八月二十三,宝玉邀请湘云14岁（15岁 ）入社。,暂未设定,无内部证据,内部未召回足够候选；保留外部旁路节点，等待别法复核,,,,,,,,,,0,,,外部节点不进主轴；只有回原文后形成的内部证据可设主轴点,保留外部旁路，等待别法复核
EXT-WIKI-YEAR-0079,前八十回,十五年,15,八月二十四,湘云做东 藕香榭 ，请贾母和大家吃蟹赏菊，李纨（28岁）摸平儿（20岁）。刘姥姥（75岁）二进荣国府，贾母70多岁 （78岁 ）。,暂未设定,弱,外部有时间说法，但内部证据不足；保留旁路,segments,95-028,95,95-028,元妃薨逝,,贾母含悲起身只得出宫上轿回家；贾政等亦已得信一路悲戚。到家中邢夫人李纨凤姐宝玉等出厅分东西迎着贾母请安并贾政王夫人请安大家哭泣。,原文段候选,原文段,14,大家 / 李纨 / 贾母,贾母含悲起身只得出宫上轿回家；贾政等亦已得信一路悲戚。到家中邢夫人李纨凤姐宝玉等出厅分东西迎着贾母请安并贾政王夫人请安大家哭泣。贾母含悲出宫回家·众迎哭泣,外部节点不进主轴；只有回原文后形成的内部证据可设主轴点,保留外部旁路，等待别法复核
EXT-WIKI-YEAR-0080,前八十回,十五年,15,八月二十五,贾母大观园 秋爽斋 和 缀锦阁 两宴刘姥姥，鸳鸯发牌。 栊翠庵 品茶，妙玉21岁。,模糊待复核,中/弱,有候选但可能是日期词或人物词误撞；不得入主轴,time_axis,time_00107,41,,,,第041回｜回目总判｜栊翠庵品茶与刘姥姥醉卧,D｜外部模型辅助,外部校准,47,八月二十五 / 秋 / 刘姥姥 / 品茶 / 栊翠庵 / 贾母,"第041回｜回目总判｜栊翠庵品茶与刘姥姥醉卧诗社期/年序待补秋八月二十五外部波段后续承第40回宴游同波段栊翠庵品茶；刘姥姥醉卧怡红院事件波段级,季节级,待判承第40回两宴大观园，是刘姥姥二进事件湖的同日或连续日推进。{""坐标标题"":""第041回｜回目总判｜栊翠庵品茶与刘姥姥醉卧"",""坐标类型"":""回目总判"",""书内年序"":""诗社期/年序待补"",""叙事阶段"":""大观园期"",""季节定位"":""秋"",""月令/节令"":""八月二十五外部波段后续"",""日期/日序"":""承第40回宴游同波段"",""日内时段"":"""",""事件/时间节点""",外部节点不进主轴；只有回原文后形成的内部证据可设主轴点,回原文窗口复核
EXT-WIKI-YEAR-0081,前八十回,十五年,15,八月二十五,刘姥姥给大姐儿（9岁 ）起名巧哥儿。,模糊待复核,中/弱,有候选但可能是日期词或人物词误撞；不得入主轴,time_axis,time_00103,39,,,,第039回｜回目总判｜刘姥姥二进前奏,D｜外部模型辅助,外部校准,32,八月二十五 / 刘姥 / 刘姥姥 / 姥姥,"第039回｜回目总判｜刘姥姥二进前奏诗社期/年序待补秋八月二十五外部波段前后刘姥姥二进前后待校刘姥姥二进大观园前奏；村老妪谎谈事件波段级,季节级,待判第39—41回为刘姥姥二进大观园秋季事件湖。{""坐标标题"":""第039回｜回目总判｜刘姥姥二进前奏"",""坐标类型"":""回目总判"",""书内年序"":""诗社期/年序待补"",""叙事阶段"":""大观园期"",""季节定位"":""秋"",""月令/节令"":""八月二十五外部波段前后"",""日期/日序"":""刘姥姥二进前后待校"",""日内时段"":"""",""事件/时间节点"":""刘姥姥二进大观园前奏；村老妪",外部节点不进主轴；只有回原文后形成的内部证据可设主轴点,回原文窗口复核
EXT-WIKI-YEAR-0082,前八十回,十五年,15,八月二十五,宝钗审黛玉，惜春开始画大观园。,模糊待复核,中/弱,有候选但可能是日期词或人物词误撞；不得入主轴,time_axis,time_00109,42,,,,第042回｜回目总判｜刘姥姥二进后余波与惜春画园,C｜事件连续推定,工程推定,50,八月二十五 / 春 / 大观 / 惜春 / 画大 / 画大观园 / 观园,"第042回｜回目总判｜刘姥姥二进后余波与惜春画园诗社期/年序待补秋承八月二十五后宴游后续日/待校宝钗解疑；黛玉雅谑；惜春画大观园余波事件波段级,季节级,待判承刘姥姥二进后续，作为事件湖收束坐标。{""坐标标题"":""第042回｜回目总判｜刘姥姥二进后余波与惜春画园"",""坐标类型"":""回目总判"",""书内年序"":""诗社期/年序待补"",""叙事阶段"":""大观园期"",""季节定位"":""秋"",""月令/节令"":""承八月二十五后"",""日期/日序"":""宴游后续日/待校"",""日内时段"":"""",""事件/时间节点"":""宝钗解疑；黛玉雅谑；惜春画",外部节点不进主轴；只有回原文后形成的内部证据可设主轴点,回原文窗口复核
EXT-WIKI-YEAR-0083,前八十回,十五年,15,八月二十七,贾母策划凤姐生日，让尤氏管份子钱操办。,模糊待复核,中/弱,有候选但可能是日期词或人物词误撞；不得入主轴,time_blocks,TB-043-001,43,43-001..43-008,,TB-043-001,第43回开端时段,high,回内时间块,20,凤姐 / 凤姐生日 / 姐生 / 尤氏 / 贾母,第43回开端时段起：王夫人问安贾母并说凤姐野鸡汤孝敬；承/结：贾母提议为凤姐做生日并邀众人凑分子；起：众人齐集上房排坐候议凤姐生日；承/结：尤氏至荣府收银并退还平儿鸳鸯等分子第四十三回閒取樂偶攢金慶壽不了情暫撮土為香由W33事件按回内顺序聚合；本时段含2个场组候选。,外部节点不进主轴；只有回原文后形成的内部证据可设主轴点,回原文窗口复核
EXT-WIKI-YEAR-0084,前八十回,十五年,15,九月初二,已故金钏生日 ，宝玉祭奠。王熙凤（27岁）生日 ，贾琏和鲍二家的通奸， 平儿 挨打。,模糊待复核,中/弱,有候选但可能是日期词或人物词误撞；不得入主轴,segments,44-002,44,44-002,44-叙事-002,,凤姐离席审问丫鬟得知贾琏私召鲍二家的,原文段候选,原文段,20,二家 / 家的 / 贾琏 / 鲍二 / 鲍二家的,凤姐离席审问丫鬟得知贾琏私召鲍二家的二爺就開了箱子，拿了兩塊銀子，還有兩根簪子。,外部节点不进主轴；只有回原文后形成的内部证据可设主轴点,回原文窗口复核
EXT-WIKI-YEAR-0085,前八十回,十五年,15,九月初三,鲍二家的上吊，众姐妹邀凤姐入诗社出银子。,模糊待复核,中/弱,有候选但可能是日期词或人物词误撞；不得入主轴,time_axis,time_00022,7,,,,第7回前后｜红楼十年九月初三｜凤姐宝玉访宁府,D｜外部模型辅助,外部校准,21,九月初三 / 凤姐,"第7回前后｜红楼十年九月初三｜凤姐宝玉访宁府红楼十年秋九月九月初三/外部参照王熙凤带宝玉访宁府；焦大骂街；宝玉认识秦钟事件波段级,年序级,日期级作为刘姥姥一进后宁府访亲、识秦钟、焦大骂街波段坐标。{""坐标标题"":""第7回前后｜红楼十年九月初三｜凤姐宝玉访宁府"",""坐标类型"":""事件波段"",""书内年序"":""红楼十年"",""叙事阶段"":""入府后"",""季节定位"":""秋"",""月令/节令"":""九月"",""日期/日序"":""九月初三/外部参照"",""日内时段"":"""",""事件/时间节点"":""王熙凤带宝玉访宁府；焦大骂街；宝玉认识秦钟"",",外部节点不进主轴；只有回原文后形成的内部证据可设主轴点,回原文窗口复核
EXT-WIKI-YEAR-0086,前八十回,十五年,15,九月,黛玉做《秋窗风雨夕》，14岁（15岁 ），宝钗送燕窝。,模糊待复核,中/弱,有候选但可能是日期词或人物词误撞；不得入主轴,time_axis,time_00115,45,,,,第045回｜回目总判｜九月秋窗风雨夕与燕窝,D｜外部模型辅助,外部校准,36,九月 / 秋 / 宝钗送燕窝 / 秋窗风雨夕,"第045回｜回目总判｜九月秋窗风雨夕与燕窝诗社期/年序待补秋九月外部参照秋雨夜/待校风雨夕/夜间语境宝钗送燕窝；黛玉作秋窗风雨夕季节级,日内级,月令级外部模型九月节点；秋窗、风雨、夜夕构成强季节时段坐标。{""坐标标题"":""第045回｜回目总判｜九月秋窗风雨夕与燕窝"",""坐标类型"":""回目总判"",""书内年序"":""诗社期/年序待补"",""叙事阶段"":""大观园期"",""季节定位"":""秋"",""月令/节令"":""九月外部参照"",""日期/日序"":""秋雨夜/待校"",""日内时段"":""风雨夕/夜间语境"",""事件/时间节点"":""宝钗送燕窝；",外部节点不进主轴；只有回原文后形成的内部证据可设主轴点,回原文窗口复核
EXT-WIKI-YEAR-0087,前八十回,十五年,15,九月,贾赦 （53岁 ）欲讨 鸳鸯 （20岁 ）。,暂未设定,弱,外部有时间说法，但内部证据不足；保留旁路,variable_points,LK-446F2DAA1DE3B6,46,46-001,C046-A0001,TB-046-001,event=贾赦欲讨鸳鸯邢夫人传意,变量点候选,event,14,欲讨 / 贾赦 / 鸳鸯,event贾赦欲讨鸳鸯邢夫人传意起：邢夫人受贾赦之托欲讨鸳鸯，凤姐极言不可；止：凤姐顺势迎合邢夫人，定先说鸳鸯之计。邢夫人受贾赦之托欲讨鸳鸯凤姐极言不可老太太離了鴛鴦，飯也吃不下去的。,外部节点不进主轴；只有回原文后形成的内部证据可设主轴点,保留外部旁路，等待别法复核
EXT-WIKI-YEAR-0088,前八十回,十五年,15,九月十四,柳湘莲 打薛蟠。,暂未设定,弱,外部有时间说法，但内部证据不足；保留旁路,segments,47-010,47,47-010,47-叙事-010,,北门外葦塘设誓柳湘莲痛打薛蟠,原文段候选,原文段,14,打薛蟠 / 柳湘莲 / 薛蟠,北门外葦塘设誓柳湘莲痛打薛蟠你認認柳大爺是誰！,外部节点不进主轴；只有回原文后形成的内部证据可设主轴点,保留外部旁路，等待别法复核
EXT-WIKI-YEAR-0089,前八十回,十五年,15,十月,薛蟠南下，香菱入大观园。,模糊待复核,中/弱,有候选但可能是日期词或人物词误撞；不得入主轴,time_axis,time_00122,48,,,,第048回｜回目总判｜十月薛蟠南下与香菱学诗,D｜外部模型辅助,外部校准,35,十月 / 薛蟠 / 薛蟠南下 / 香菱 / 香菱入大观园,"第048回｜回目总判｜十月薛蟠南下与香菱学诗年序待补/大观园中段秋冬之交十月外部参照薛蟠南下后香菱入园薛蟠南下；香菱入大观园学诗事件波段级,月令级外部模型十月节点，香菱学诗为大观园中段秋冬之交坐标。{""坐标标题"":""第048回｜回目总判｜十月薛蟠南下与香菱学诗"",""坐标类型"":""回目总判"",""书内年序"":""年序待补/大观园中段"",""叙事阶段"":""大观园期"",""季节定位"":""秋冬之交"",""月令/节令"":""十月外部参照"",""日期/日序"":""薛蟠南下后香菱入园"",""日内时段"":"""",""事件/时间节点"":""薛蟠南下；香菱入",外部节点不进主轴；只有回原文后形成的内部证据可设主轴点,回原文窗口复核
EXT-WIKI-YEAR-0090,前八十回,十五年,15,十月,贾雨村没收石呆子古扇，贾赦打贾琏，香菱（18岁）学诗。,模糊待复核,中/弱,有候选但可能是日期词或人物词误撞；不得入主轴,variable_points,LK-25FCB4804A1B5E,48,48-007,C048-A0007,TB-048-002,time_axis=第048回｜回目总判｜十月薛蟠南下与香菱学诗,变量点候选,time_axis,47,十月 / 古扇 / 呆子 / 呆子古扇 / 子古 / 学诗 / 石呆 / 石呆子古 / 香菱,time_axis第048回｜回目总判｜十月薛蟠南下与香菱学诗外部模型十月节点，香菱学诗为大观园中段秋冬之交坐标。平儿详说石呆子古扇案与贾琏因直言挨打為這點子小事，弄得人坑家敗業，也不算什麼能為！,外部节点不进主轴；只有回原文后形成的内部证据可设主轴点,回原文窗口复核
EXT-WIKI-YEAR-0091,前八十回,十五年,15,十月,薛宝琴 、 邢岫烟 、 李纹 、 李绮 进贾府，宝琴住贾母处，岫烟住迎春处，李纹李绮住李纨处，薛蝌住薛蟠处。史侯外任，贾母让湘云留住贾府，与宝钗同住。,内部证据可候选,中强,变量点命中明确事件短语；需回原文窗口复核后才可由内部证据设点,variable_points,LK-AA6EC852DAB7DE,94,94-017,C094-A0017,TB-094-001,person=薛宝琴,变量点候选,person,35,春 / 湘云 / 薛宝琴 / 贾母 / 邢岫烟,person薛宝琴薛宝琴邢岫烟·同行看花·行动主体黛玉更衣至怡红院请安贾母，见邢王二夫人及李纫探春惜春岫烟；凤姐湘云宝琵李家姐妹均未在。黛玉至怡红院请安见众人齐坐,外部节点不进主轴；只有回原文后形成的内部证据可设主轴点,回原文窗口复核
EXT-WIKI-YEAR-0092,前八十回,十五年,15,十月底,下雪，湘云芦雪庵烤鹿肉，平儿丢镯，贾母问薛宝琴的生辰八字。,模糊待复核,中/弱,有候选但可能是日期词或人物词误撞；不得入主轴,time_axis,time_00124,49,,,,第049回｜回目总判｜十月宝琴岫烟等入府与雪景,D｜外部模型辅助,外部校准,24,十月 / 宝琴 / 薛宝,"第049回｜回目总判｜十月宝琴岫烟等入府与雪景年序待补/大观园中段秋冬之交/雪景十月外部参照宝琴等进贾府阶段宝琴、邢岫烟、李纹、李绮进贾府；琉璃世界白雪红梅事件波段级,季节级,月令级外部模型十月节点，题目雪景提示秋冬之交或初冬。{""坐标标题"":""第049回｜回目总判｜十月宝琴岫烟等入府与雪景"",""坐标类型"":""回目总判"",""书内年序"":""年序待补/大观园中段"",""叙事阶段"":""大观园期"",""季节定位"":""秋冬之交/雪景"",""月令/节令"":""十月外部参照"",""日期/日序"":""宝琴等进贾府阶段"",""日内时段"":"""",""",外部节点不进主轴；只有回原文后形成的内部证据可设主轴点,回原文窗口复核
EXT-WIKI-YEAR-0093,前八十回,十五年,15,十一月中,袭人母丧回家，晴雯着凉。,暂未设定,无内部证据,内部未召回足够候选；保留外部旁路节点，等待别法复核,,,,,,,,,,0,,,外部节点不进主轴；只有回原文后形成的内部证据可设主轴点,保留外部旁路，等待别法复核
EXT-WIKI-YEAR-0094,前八十回,十五年,15,十一月中,晴雯撵 坠儿 ，补裘。,暂未设定,弱,外部有时间说法，但内部证据不足；保留旁路,variable_points,LK-9B4887DFD17397,52,52-004,C052-A0004,TB-052-001,time_axis=第052回｜时间窗口｜冬寒病补雀金裘,变量点候选,time_axis,14,坠儿 / 晴雯 / 补裘,time_axis第052回｜时间窗口｜冬寒病补雀金裘补裘、病寒与冬季服饰语境强。宝玉告知晴雯坠儿偷镯晴雯怒极欲发晴雯聽了，果然氣的蛾眉倒蹙，鳳眼圓睜。,外部节点不进主轴；只有回原文后形成的内部证据可设主轴点,保留外部旁路，等待别法复核
EXT-WIKI-YEAR-0095,前八十回,十五年,15,腊月,贾雨村补授大司马，乌进孝宁府送年货。,模糊待复核,中/弱,有候选但可能是日期词或人物词误撞；不得入主轴,segments,53-002,53,53-002,53-叙事-002,,腊月将近尤氏打点宁府年事,原文段候选,原文段,21,腊月 / 宁府,腊月将近尤氏打点宁府年事當下已是腊月，離年日近，王夫人與鳳姐治辦年事。,外部节点不进主轴；只有回原文后形成的内部证据可设主轴点,回原文窗口复核
EXT-WIKI-YEAR-0096,前八十回,十五年,15,除夕,在宁府祭祖，出现贾蓉妻子。,暂未设定,无内部证据,内部未召回足够候选；保留外部旁路节点，等待别法复核,,,,,,,,,,0,,,外部节点不进主轴；只有回原文后形成的内部证据可设主轴点,保留外部旁路，等待别法复核
EXT-WIKI-YEAR-0097,前八十回,十六年,16,正月十五,荣国府元宵夜宴，鸳鸯袭人诉苦，贾母评论女先儿说书。,内部强证可设点,强,内部 time_axis 有强证候选；仍需回原文窗口复核后由内部证据设点,time_axis,time_00138,54,,,,第054回｜时间窗口｜正月元宵夜宴,A｜原文明示,原文明示,65,元宵 / 正月 / 元宵 / 元宵夜宴 / 国府 / 国府元宵 / 夜宴 / 宵夜 / 府元 / 府元宵夜 / 荣国 / 荣国府元,"第054回｜时间窗口｜正月元宵夜宴红楼次年正月/元宵新春/正月元宵；正月；夜宴；灯节正月十五前后候选夜宴荣国府元宵夜宴事件波段级,日内级,日期级,节令级题目明示元宵，与第53回除夕连续构成年节波段。{""坐标标题"":""第054回｜时间窗口｜正月元宵夜宴"",""坐标类型"":""时间窗口"",""书内年序"":""红楼次年正月/元宵"",""叙事阶段"":""大观园期"",""季节定位"":""新春/正月"",""月令/节令"":""元宵；正月；夜宴；灯节"",""日期/日序"":""正月十五前后候选"",""日内时段"":""夜宴"",""事件/时间节点"":""荣国府元宵夜宴",外部节点不进主轴；只有回原文后形成的内部证据可设主轴点,回原文窗口复核
EXT-WIKI-YEAR-0098,前八十回,十六年,16,正月十五后,太妃病，王熙凤小产。,模糊待复核,中/弱,有候选但可能是日期词或人物词误撞；不得入主轴,variable_points,LK-19581553AC65BE,18,18-006,C018-A0006,TB-018-001,person=王熙凤,变量点候选,person,21,正月 / 王熙凤,person王熙凤王熙凤·18-006·省亲筹备·被提及元宵将近，太监与官员连日布置省亲仪注与街巷清道自正月初八日，就有太監出來先看方向。,外部节点不进主轴；只有回原文后形成的内部证据可设主轴点,回原文窗口复核
EXT-WIKI-YEAR-0099,前八十回,十六年,16,二月,李纨探春宝钗理家。,内部证据可候选,中强,变量点命中明确事件短语；需回原文窗口复核后才可由内部证据设点,variable_points,LK-6AD9C2C83223A4,55,55-017,C055-A0017,TB-055-003,scene_person_hint=探春,变量点候选,scene_person_hint,44,春 / 宝钗 / 探春 / 探春宝钗 / 春宝 / 李纨 / 李纨探春 / 纨探,scene_person_hint探春宝钗、凤姐、探春、平儿、李纨探春饭后约平儿再来与凤姐宝钗李纨商议大事偺們四個人商議了，再細細的問你奶奶可行可止。,外部节点不进主轴；只有回原文后形成的内部证据可设主轴点,回原文窗口复核
EXT-WIKI-YEAR-0100,前八十回,十六年,16,二月,江南甄家家眷来访，贾宝玉梦 甄宝玉 。,模糊待复核,中/弱,有候选但可能是日期词或人物词误撞；不得入主轴,time_axis,time_00042,14,,,,第014回｜回目总判｜林如海九月初三死与秦出殡,A｜原文明示,原文明示,21,二月 / 贾宝玉,"第014回｜回目总判｜林如海九月初三死与秦出殡红楼十一年秋至冬九月初三、十二月初两层并存九月初三巳时/十二月初出殡巳时；出殡日时段待校林如海去世消息；秦可卿出殡；宝玉路谒北静王事件波段级,日内级,日期级该回跨接林如海死讯与秦可卿丧事公开节点，应拆成双锚点。{""坐标标题"":""第014回｜回目总判｜林如海九月初三死与秦出殡"",""坐标类型"":""回目总判"",""书内年序"":""红楼十一年"",""叙事阶段"":""入府后"",""季节定位"":""秋至冬"",""月令/节令"":""九月初三、十二月初两层并存"",""日期/日序"":""九月初三巳时/十二月",外部节点不进主轴；只有回原文后形成的内部证据可设主轴点,回原文窗口复核
EXT-WIKI-YEAR-0101,前八十回,十六年,16,二月,紫鹃 试宝玉。,模糊待复核,中/弱,有候选但可能是日期词或人物词误撞；不得入主轴,variable_points,LK-384E22465990CF,95,95-027,C095-A0027,TB-095-002,scene_person_hint=凤姐,变量点候选,scene_person_hint,21,二月 / 紫鹃,scene_person_hint凤姐宝玉、黛玉、贾母、王夫人、凤姐、袭人、探春、贾政、贾琏、薛姨妈、紫鹃、妙玉不多时太监出来立传钦天监，贾母便知不好尚未敢动；稍刻小太监传谕说贾娘娘薨逝；是年甲寅年十二月十八日立春元妃薨日是十二月十九日已交卯年寅月存年四十三岁。小太监传谕元妃薨逝·日期年岁记述,外部节点不进主轴；只有回原文后形成的内部证据可设主轴点,回原文窗口复核
EXT-WIKI-YEAR-0102,前八十回,十六年,16,二月,薛姨妈 生日 （七月也是薛姨妈生日 ）， 薛蝌 邢岫烟定亲。,内部证据可候选,中强,内部原文段/时间块/变量点召回较强；需人工复核后决定是否由内部证据设点,time_blocks,TB-057-002,57,57-013..57-016,,TB-057-002,第57回第2叙事时段,high,回内时间块,26,妈生 / 姨妈 / 姨妈生日 / 薛姨 / 薛姨妈 / 薛姨妈生 / 薛蝌,第57回第2叙事时段起：湘云笑说病态宝玉向紫鹃剖白愿与黛玉同化灰烟；承/结：紫鹃夜劝黛玉早作终身打算黛玉口驳心伤哭到天明；起：薛姨妈生日设戏受贺宝黛未去薛家又忙了数日；承/结：薛姨妈看中邢岫烟经凤姐贾母撮合最终定与薛蝌第五十七回慧紫鵑情辭試莽玉慈姨媽愛語慰痴顰由W33事件按回内顺序聚合；本时段含2个场组候选。,外部节点不进主轴；只有回原文后形成的内部证据可设主轴点,回原文窗口复核
EXT-WIKI-YEAR-0103,前八十回,十六年,16,二月,岫烟当衣。,暂未设定,无内部证据,内部未召回足够候选；保留外部旁路节点，等待别法复核,,,,,,,,,,0,,,外部节点不进主轴；只有回原文后形成的内部证据可设主轴点,保留外部旁路，等待别法复核
EXT-WIKI-YEAR-0104,前八十回,十六年,16,三月,“老”太妃薨，十二官解散。,暂未设定,无内部证据,内部未召回足够候选；保留外部旁路节点，等待别法复核,,,,,,,,,,0,,,外部节点不进主轴；只有回原文后形成的内部证据可设主轴点,保留外部旁路，等待别法复核
EXT-WIKI-YEAR-0105,前八十回,十六年,16,清明,宝玉未痊愈，走路拄杖，藕官祭菂官，芳官吹汤。,模糊待复核,中/弱,有候选但可能是日期词或人物词误撞；不得入主轴,variable_points,LK-0E9FDEAED36CEC,58,58-018,C058-A0018,TB-058-003,season=春,变量点候选,season,21,清明 / 藕官祭菂官,season春春/清明芳官道出藕官祭菂官旧情并解释与蕊官续缘之理說他自己是小生，菂官是小旦，常做夫妻。,外部节点不进主轴；只有回原文后形成的内部证据可设主轴点,回原文窗口复核
EXT-WIKI-YEAR-0106,前八十回,十六年,16,四月,平儿修理春燕娘。,模糊待复核,中/弱,有候选但可能是日期词或人物词误撞；不得入主轴,segments,56-004,56,56-004,56-叙事-004,,探春提议园中承包生发宝钗平儿论其利弊并安抚其伤怀,原文段候选,原文段,24,春 / 修理 / 平儿,探春提议园中承包生发宝钗平儿论其利弊并安抚其伤怀一則園子有專定之人修理，花木自有一年好似一年的，也不用臨時忙亂。,外部节点不进主轴；只有回原文后形成的内部证据可设主轴点,回原文窗口复核
EXT-WIKI-YEAR-0107,前八十回,十六年,16,四月,司棋 砸厨房。,暂未设定,无内部证据,内部未召回足够候选；保留外部旁路节点，等待别法复核,,,,,,,,,,0,,,外部节点不进主轴；只有回原文后形成的内部证据可设主轴点,保留外部旁路，等待别法复核
EXT-WIKI-YEAR-0108,前八十回,十六年,16,四月,平儿安抚玫瑰露事件，贾环误会彩云。,模糊待复核,中/弱,有候选但可能是日期词或人物词误撞；不得入主轴,time_axis,time_00157,62,,,,第062回｜回目总判｜宝玉生日与群芳生日谈话,A｜原文明示,原文明示,24,四月 / 事件 / 平儿,"第062回｜回目总判｜宝玉生日与群芳生日谈话大观园中段/年序待补初夏/芍药花时待校四月下旬待定；生辰清单含正月、二月、三月等回溯宝玉生日当日清晨拜寿至日间宴饮，夜宴接第63回宝玉生日；宝琴、岫烟、平儿等同日；生日清单建立事件波段级,待判,日内级,日期级生日系统关键回，后续需细拆人物生辰与宝玉生日精确日疑点。{""坐标标题"":""第062回｜回目总判｜宝玉生日与群芳生日谈话"",""坐标类型"":""回目总判"",""书内年序"":""大观园中段/年序待补"",""叙事阶段"":""大观园期"",""季节定位"":""初夏/芍药花时待校"",""月令/节令",外部节点不进主轴；只有回原文后形成的内部证据可设主轴点,回原文窗口复核
EXT-WIKI-YEAR-0109,前八十回,十六年,16,四月二十六,宝玉生日，也是宝琴、岫烟、平儿、 四儿 的生日，湘云醉卧，香菱换裙，怡红院庆寿，麝月抽荼蘼花签。,内部强证可设点,强,内部 time_axis 有强证候选；仍需回原文窗口复核后由内部证据设点,time_axis,time_00157,62,,,,第062回｜回目总判｜宝玉生日与群芳生日谈话,A｜原文明示,原文明示,17,宝玉生日 / 岫烟 / 平儿 / 香菱,"第062回｜回目总判｜宝玉生日与群芳生日谈话大观园中段/年序待补初夏/芍药花时待校四月下旬待定；生辰清单含正月、二月、三月等回溯宝玉生日当日清晨拜寿至日间宴饮，夜宴接第63回宝玉生日；宝琴、岫烟、平儿等同日；生日清单建立事件波段级,待判,日内级,日期级生日系统关键回，后续需细拆人物生辰与宝玉生日精确日疑点。{""坐标标题"":""第062回｜回目总判｜宝玉生日与群芳生日谈话"",""坐标类型"":""回目总判"",""书内年序"":""大观园中段/年序待补"",""叙事阶段"":""大观园期"",""季节定位"":""初夏/芍药花时待校"",""月令/节令",外部节点不进主轴；只有回原文后形成的内部证据可设主轴点,回原文窗口复核
EXT-WIKI-YEAR-0110,前八十回,十六年,16,四月二十七,宝玉发现“槛外人妙玉恭肃遥叩芳辰”贴，贾敬吃丹砂而死。,暂未设定,弱,外部有时间说法，但内部证据不足；保留旁路,variable_points,LK-58366B6CBBACC0,63,63-007,C063-A0007,TB-063-002,time_axis=第063回｜回目总判｜怡红夜宴与贾敬死讯,变量点候选,time_axis,14,外人 / 妙玉 / 贾敬,time_axis第063回｜回目总判｜怡红夜宴与贾敬死讯第62—63回为宝玉生日事件湖，夜宴后转入贾敬丧事。妙玉寄帖宝玉求教岫烟得知檻外人缘故如今他自稱『檻外之人』，是自謂蹈于鐵檻之外了。,外部节点不进主轴；只有回原文后形成的内部证据可设主轴点,保留外部旁路，等待别法复核
EXT-WIKI-YEAR-0111,前八十回,十六年,16,五月初四,贾敬灵柩进城。,暂未设定,无内部证据,内部未召回足够候选；保留外部旁路节点，等待别法复核,,,,,,,,,,0,,,外部节点不进主轴；只有回原文后形成的内部证据可设主轴点,保留外部旁路，等待别法复核
EXT-WIKI-YEAR-0112,前八十回,十六年,16,七月初,黛玉祭五美。,暂未设定,无内部证据,内部未召回足够候选；保留外部旁路节点，等待别法复核,,,,,,,,,,0,,,外部节点不进主轴；只有回原文后形成的内部证据可设主轴点,保留外部旁路，等待别法复核
EXT-WIKI-YEAR-0113,前八十回,十六年,16,六月初三,贾琏（29岁）偷娶 尤二姐 （不到24岁 ，或19岁 ）。,模糊待复核,中/弱,有候选但可能是日期词或人物词误撞；不得入主轴,time_axis,time_00164,65,,,,第065回｜回目总判｜贾琏偷娶尤二姐,E｜疑点待判,工程推定,32,六月初三 / 偷娶 / 尤二姐 / 贾琏,"第065回｜回目总判｜贾琏偷娶尤二姐大观园中段/年序待补夏秋之间待校六月初三外部疑点待校偷娶尤二姐阶段贾琏偷娶尤二姐；尤三姐思嫁柳湘莲待判,日期级,阶段级尤二姐婚事波段关键回，外部年谱提示六月初三与丧制冲突需挂疑。{""坐标标题"":""第065回｜回目总判｜贾琏偷娶尤二姐"",""坐标类型"":""回目总判"",""书内年序"":""大观园中段/年序待补"",""叙事阶段"":""大观园期"",""季节定位"":""夏秋之间待校"",""月令/节令"":""六月初三外部疑点待校"",""日期/日序"":""偷娶尤二姐阶段"",""日内时段"":"""",""事件/时间节点"":""",外部节点不进主轴；只有回原文后形成的内部证据可设主轴点,回原文窗口复核
EXT-WIKI-YEAR-0114,前八十回,十六年,16,七月,贾琏一赴平安州见节度，路上遇薛蟠柳湘莲，为三姐订亲。,模糊待复核,中/弱,有候选但可能是日期词或人物词误撞；不得入主轴,segments,66-011,66,66-011,66-叙事-011,,贾琏路遇薛蟠柳湘蓮结拜同行,原文段候选,原文段,26,柳湘 / 薛蟠 / 薛蟠柳湘 / 蟠柳 / 贾琏 / 遇薛 / 遇薛蟠柳,贾琏路遇薛蟠柳湘蓮结拜同行我謝他又不受，所以我們結拜了生死弟兄。,外部节点不进主轴；只有回原文后形成的内部证据可设主轴点,回原文窗口复核
EXT-WIKI-YEAR-0115,前八十回,十六年,16,八月底,尤三姐 自刎。,模糊待复核,中/弱,有候选但可能是日期词或人物词误撞；不得入主轴,variable_points,LK-67AB4478D43C6B,66,66-016,C066-A0016,TB-066-002,event=EV-066-04｜湘莲进京听宝玉言东府不净而索剑,变量点候选,event,24,八月 / 尤三姐 / 自刎,eventEV-066-04｜湘莲进京听宝玉言东府不净而索剑覆盖湘莲由宝玉言语生疑到向贾琏索剑，不并入尤三姐自刎。八月湘蓮进京拜见薛姨妈感救命之恩薛姨媽也不念舊事，只感救命之恩。,外部节点不进主轴；只有回原文后形成的内部证据可设主轴点,回原文窗口复核
EXT-WIKI-YEAR-0116,前八十回,十六年,16,十月初,贾琏二赴平安州。,暂未设定,弱,外部有时间说法，但内部证据不足；保留旁路,segments,66-005,66,66-005,66-叙事-005,,隆儿来报贾琏奉命往平安州远差,原文段候选,原文段,14,安州 / 平安 / 贾琏,隆儿来报贾琏奉命往平安州远差老爺有事，是件機宻大事，要遣二爺徃平安州去。,外部节点不进主轴；只有回原文后形成的内部证据可设主轴点,保留外部旁路，等待别法复核
EXT-WIKI-YEAR-0117,前八十回,十六年,16,十月十五,王熙凤接尤二姐入贾府。,模糊待复核,中/弱,有候选但可能是日期词或人物词误撞；不得入主轴,time_axis,time_00170,68,,,,第068回｜回目总判｜凤姐赚尤二姐入园,C｜事件连续推定,工程推定,17,二姐 / 姐入 / 尤二 / 尤二姐入,"第068回｜回目总判｜凤姐赚尤二姐入园大观园中段/年序待补秋前后待校承第67回后凤姐筹划与迎尤入园阶段凤姐赚尤二姐入大观园；大闹宁国府事件波段级,阶段级尤二姐线进入荣府/大观园空间，时间上为连续事件波段。{""坐标标题"":""第068回｜回目总判｜凤姐赚尤二姐入园"",""坐标类型"":""回目总判"",""书内年序"":""大观园中段/年序待补"",""叙事阶段"":""大观园期"",""季节定位"":""秋前后待校"",""月令/节令"":""承第67回后"",""日期/日序"":""凤姐筹划与迎尤入园阶段"",""日内时段"":"""",""事件/时间节点"":""凤姐赚尤二",外部节点不进主轴；只有回原文后形成的内部证据可设主轴点,回原文窗口复核
EXT-WIKI-YEAR-0118,前八十回,十六年,16,十月底,王熙凤闹宁府。,模糊待复核,中/弱,有候选但可能是日期词或人物词误撞；不得入主轴,time_axis,time_00038,13,,,,第13回｜红楼十一年十月中｜秦可卿死 / 托梦凤姐,D｜外部模型辅助,外部校准,21,十月 / 王熙凤,"第13回｜红楼十一年十月中｜秦可卿死/托梦凤姐红楼十一年深秋/初冬待判十月中秦可卿死亡；托梦王熙凤事件波段级,年序级,月令级外部模型给十月中；作为秦可卿病程—死亡—丧事波段的死亡节点。{""坐标标题"":""第13回｜红楼十一年十月中｜秦可卿死/托梦凤姐"",""坐标类型"":""事件波段"",""书内年序"":""红楼十一年"",""叙事阶段"":""入府后"",""季节定位"":""深秋/初冬待判"",""月令/节令"":""十月中"",""日期/日序"":"""",""日内时段"":"""",""事件/时间节点"":""秦可卿死亡；托梦王熙凤"",""坐标精度"":""事件波段级,年序",外部节点不进主轴；只有回原文后形成的内部证据可设主轴点,回原文窗口复核
EXT-WIKI-YEAR-0119,前八十回,十六年,16,十一月中,贾琏回，娶秋桐为妾，秋桐属兔，17岁。当年为羊年，红楼一年为龙年。,模糊待复核,中/弱,有候选但可能是日期词或人物词误撞；不得入主轴,time_axis,time_00038,13,,,,第13回｜红楼十一年十月中｜秦可卿死 / 托梦凤姐,D｜外部模型辅助,外部校准,24,秋 / 一年 / 红楼,"第13回｜红楼十一年十月中｜秦可卿死/托梦凤姐红楼十一年深秋/初冬待判十月中秦可卿死亡；托梦王熙凤事件波段级,年序级,月令级外部模型给十月中；作为秦可卿病程—死亡—丧事波段的死亡节点。{""坐标标题"":""第13回｜红楼十一年十月中｜秦可卿死/托梦凤姐"",""坐标类型"":""事件波段"",""书内年序"":""红楼十一年"",""叙事阶段"":""入府后"",""季节定位"":""深秋/初冬待判"",""月令/节令"":""十月中"",""日期/日序"":"""",""日内时段"":"""",""事件/时间节点"":""秦可卿死亡；托梦王熙凤"",""坐标精度"":""事件波段级,年序",外部节点不进主轴；只有回原文后形成的内部证据可设主轴点,回原文窗口复核
EXT-WIKI-YEAR-0120,前八十回,十六年,16,十二月底,尤二姐吞金。,暂未设定,无内部证据,内部未召回足够候选；保留外部旁路节点，等待别法复核,,,,,,,,,,0,,,外部节点不进主轴；只有回原文后形成的内部证据可设主轴点,保留外部旁路，等待别法复核
EXT-WIKI-YEAR-0121,前八十回,十七年,17,三月初一,黛玉做《桃花行》，重建诗社，湘云建议改名桃花社 。,模糊待复核,中/弱,有候选但可能是日期词或人物词误撞；不得入主轴,segments,70-006,70,70-006,70-叙事-006,,翠缕报好诗，众姐妹传看宝琴《桃花行》，议改桃花社,原文段候选,原文段,17,桃花 / 桃花行 / 花社 / 议改,翠缕报好诗，众姐妹传看宝琴《桃花行》，议改桃花社翠縷笑道：「姑娘們都在沁芳亭上，你去了便知。」……都笑說：「咱們的詩社散了一年……如今正是初春時節……正該鼓舞另立起來纔好。」,外部节点不进主轴；只有回原文后形成的内部证据可设主轴点,回原文窗口复核
EXT-WIKI-YEAR-0122,前八十回,十七年,17,三月初三,探春生日。,模糊待复核,中/弱,有候选但可能是日期词或人物词误撞；不得入主轴,time_axis,time_00140,55,,,,第055回｜回目总判｜探春理家与园中制度加压,C｜事件连续推定,工程推定,21,春 / 探春,"第055回｜回目总判｜探春理家与园中制度加压大观园中段/年序待补元宵后/待校承新春后王熙凤病后理家阶段探春暂理家政；刁奴欺幼主；制度压力进入园内事件波段级,阶段级该回以制度治理阶段为时间坐标，非单日事件。{""坐标标题"":""第055回｜回目总判｜探春理家与园中制度加压"",""坐标类型"":""回目总判"",""书内年序"":""大观园中段/年序待补"",""叙事阶段"":""大观园期"",""季节定位"":""元宵后/待校"",""月令/节令"":""承新春后"",""日期/日序"":""王熙凤病后理家阶段"",""日内时段"":"""",""事件/时间节点"":""探春暂理家",外部节点不进主轴；只有回原文后形成的内部证据可设主轴点,回原文窗口复核
EXT-WIKI-YEAR-0123,前八十回,十七年,17,三月下旬,宝玉应付功课。,暂未设定,无内部证据,内部未召回足够候选；保留外部旁路节点，等待别法复核,,,,,,,,,,0,,,外部节点不进主轴；只有回原文后形成的内部证据可设主轴点,保留外部旁路，等待别法复核
EXT-WIKI-YEAR-0124,前八十回,十七年,17,三月下旬,史湘云填《柳絮词》。,模糊待复核,中/弱,有候选但可能是日期词或人物词误撞；不得入主轴,variable_points,LK-5E5DEEFE15626C,70,70-008,C070-A0008,TB-070-002,time_axis=第070回｜回目总判｜桃花社与柳絮词,变量点候选,time_axis,21,三月 / 柳絮词,time_axis第070回｜回目总判｜桃花社与柳絮词尤二姐线后转入春日诗社复兴，形成季节跳转疑点。稻香村议定桃花社，因探春寿日改至初五已至稻香村中……大家議定：明日乃三月初二日，就起社，便改「海棠社」為「桃花社」，林黛玉就為社主。……因此改至初五。,外部节点不进主轴；只有回原文后形成的内部证据可设主轴点,回原文窗口复核
EXT-WIKI-YEAR-0125,前八十回,十七年,17,三月下旬,众钗大观园潇湘馆外放风筝。,模糊待复核,中/弱,有候选但可能是日期词或人物词误撞；不得入主轴,time_axis,time_00157,62,,,,第062回｜回目总判｜宝玉生日与群芳生日谈话,A｜原文明示,原文明示,24,三月 / 大观 / 观园,"第062回｜回目总判｜宝玉生日与群芳生日谈话大观园中段/年序待补初夏/芍药花时待校四月下旬待定；生辰清单含正月、二月、三月等回溯宝玉生日当日清晨拜寿至日间宴饮，夜宴接第63回宝玉生日；宝琴、岫烟、平儿等同日；生日清单建立事件波段级,待判,日内级,日期级生日系统关键回，后续需细拆人物生辰与宝玉生日精确日疑点。{""坐标标题"":""第062回｜回目总判｜宝玉生日与群芳生日谈话"",""坐标类型"":""回目总判"",""书内年序"":""大观园中段/年序待补"",""叙事阶段"":""大观园期"",""季节定位"":""初夏/芍药花时待校"",""月令/节令",外部节点不进主轴；只有回原文后形成的内部证据可设主轴点,回原文窗口复核
EXT-WIKI-YEAR-0126,前八十回,十七年,17,五月初,王子騰之女許與保宁侯之子為妻。,内部证据可候选,中强,内部原文段/时间块/变量点召回较强；需人工复核后决定是否由内部证据设点,segments,70-009,70,70-009,70-叙事-009,,贾政书信报六月回京，王子腾夫人接凤姐等闲乐,原文段候选,原文段,47,之女 / 之女許與 / 之子 / 侯之 / 女許 / 女許與保 / 子騰 / 子騰之女 / 王子 / 王子騰之 / 與保 / 許與 / 騰之 / 騰之女許,贾政书信报六月回京，王子腾夫人接凤姐等闲乐這日眾姊妹皆在房中侍早膳畢，便有賈政書信到了……偏生近日王子騰之女許與保寧侯之子……鳳姐兒又忙著張羅。,外部节点不进主轴；只有回原文后形成的内部证据可设主轴点,回原文窗口复核
EXT-WIKI-YEAR-0127,前八十回,十七年,17,七月,贾政回京休假。,模糊待复核,中/弱,有候选但可能是日期词或人物词误撞；不得入主轴,segments,70-011,70,70-011,70-叙事-011,,黛玉探春宝钗紫鹃湘云宝琴代临字；贾政因海啸奏看赈济延期至七月底,原文段候选,原文段,21,七月 / 贾政,黛玉探春宝钗紫鹃湘云宝琴代临字；贾政因海啸奏看赈济延期至七月底探春寶釵等都笑說：「……字卻替得的。我們每人每日臨一篇給他……」……奉旨就著賈政順路查看賑濟回來。如此算去，至冬底方回。,外部节点不进主轴；只有回原文后形成的内部证据可设主轴点,回原文窗口复核
EXT-WIKI-YEAR-0128,前八十回,十七年,17,七月二十八,招待南安王太妃等，八月初三贾母80大寿，七月二十八开庆至八月初五 。,内部证据可候选,中强,内部原文段/时间块/变量点召回较强；需人工复核后决定是否由内部证据设点,segments,71-003,71,71-003,71-003,,议定贾母八旬大庆筵宴日程与礼部元春赐礼,原文段候选,原文段,68,七月二十八 / 八月初五 / 七月二十 / 二十 / 八月初五 / 初五 / 十八 / 月二 / 月二十八 / 月初 / 至八 / 至八月初 / 贾母,议定贾母八旬大庆筵宴日程与礼部元春赐礼七月二十八日起，至八月初五日止，荣宁两处齐开筵宴,外部节点不进主轴；只有回原文后形成的内部证据可设主轴点,回原文窗口复核
EXT-WIKI-YEAR-0129,前八十回,十七年,17,八月初三,贾母（80岁）生日。,暂未设定,无内部证据,内部未召回足够候选；保留外部旁路节点，等待别法复核,,,,,,,,,,0,,,外部节点不进主轴；只有回原文后形成的内部证据可设主轴点,保留外部旁路，等待别法复核
EXT-WIKI-YEAR-0130,前八十回,十七年,17,八月初三,周瑞家的绑两婆子，林之孝家的为求情小丫头支招。,内部证据可候选,中强,变量点命中明确事件短语；需回原文窗口复核后才可由内部证据设点,variable_points,LK-2FB62D3AC91389,71,71-013,C071-A0013,TB-071-002,scene_person_hint=凤姐,变量点候选,scene_person_hint,50,两婆 / 丫头 / 之孝 / 之孝家的 / 周瑞 / 周瑞家的 / 婆子 / 孝家 / 家的 / 小丫 / 林之 / 林之孝家 / 瑞家 / 绑两 / 绑两婆子,scene_person_hint凤姐贾母、凤姐、袭人、尤氏、鸳鸯、平儿、邢夫人、林之孝家的、邢夫人陪房、周瑞家的、四姐儿、小丫头周瑞回凤姐，凤姐命绑两婆子送宁府，传林之孝家的将那两个的名字记上，等过了这几日，捆了送到那府里,外部节点不进主轴；只有回原文后形成的内部证据可设主轴点,回原文窗口复核
EXT-WIKI-YEAR-0131,前八十回,十七年,17,八月初四,贾府家宴，邢夫人为两婆子求情。,模糊待复核,中/弱,有候选但可能是日期词或人物词误撞；不得入主轴,segments,71-015,71,71-015,71-015,,婆子女儿求情，林之孝家的指点找邢夫人陪房费婆子,原文段候选,原文段,17,夫人 / 婆子 / 求情 / 邢夫,婆子女儿求情，林之孝家的指点找邢夫人陪房费婆子他过去一说，自然都完了,外部节点不进主轴；只有回原文后形成的内部证据可设主轴点,回原文窗口复核
EXT-WIKI-YEAR-0132,前八十回,十七年,17,八月初四,鸳鸯看见司棋与人相会。,模糊待复核,中/弱,有候选但可能是日期词或人物词误撞；不得入主轴,segments,71-024,71,71-024,71-024,,鸳鸯归途大桂树下无意撞见司棋与姑舅兄弟潘又安私会,原文段候选,原文段,20,司棋 / 棋与 / 见司 / 见司棋与 / 鸳鸯,鸳鸯归途大桂树下无意撞见司棋与姑舅兄弟潘又安私会我们的性命，都在姐姐身上，只求姐姐超生我们罢,外部节点不进主轴；只有回原文后形成的内部证据可设主轴点,回原文窗口复核
EXT-WIKI-YEAR-0133,前八十回,十七年,17,八月初八,鸳鸯安慰司棋。,暂未设定,无内部证据,内部未召回足够候选；保留外部旁路节点，等待别法复核,,,,,,,,,,0,,,外部节点不进主轴；只有回原文后形成的内部证据可设主轴点,保留外部旁路，等待别法复核
EXT-WIKI-YEAR-0134,前八十回,十七年,17,八月初八,贾琏求鸳鸯借用贾母金器做抵押。,内部证据可候选,中强,内部原文段/时间块/变量点召回较强；需人工复核后决定是否由内部证据设点,segments,72-009,72,72-009,72-009,,贾琏求鸳鸯暗押贾母金银家伙周转,原文段候选,原文段,29,母金 / 求鸳 / 琏求 / 琏求鸳鸯 / 贾母 / 贾琏 / 贾琏求鸳 / 鸳鸯,贾琏求鸳鸯暗押贾母金银家伙周转说不得，姐姐担个不是，暂且把老太太查不着的金银家伙，咱们运出一箱子来，暂押千数两银子，支腾过去。,外部节点不进主轴；只有回原文后形成的内部证据可设主轴点,回原文窗口复核
EXT-WIKI-YEAR-0135,前八十回,十七年,17,八月初八,来旺家求凤姐说情娶彩霞为儿媳。,模糊待复核,中/弱,有候选但可能是日期词或人物词误撞；不得入主轴,segments,88-024,88,88-024,U06,,贾芸献礼请凤姐说情,原文段候选,原文段,17,凤姐 / 凤姐说情 / 姐说 / 说情,贾芸献礼请凤姐说情贾芸献礼请凤姐说情,外部节点不进主轴；只有回原文后形成的内部证据可设主轴点,回原文窗口复核
EXT-WIKI-YEAR-0136,前八十回,十七年,17,八月初八,晴雯献计让宝玉装病。,内部证据可候选,中强,变量点命中明确事件短语；需回原文窗口复核后才可由内部证据设点,variable_points,LK-4EEDC4533ACD86,73,73-005,C073-A0005,TB-073-001,event=夜读惊魂·晴雯设计宝玉装病,变量点候选,event,29,宝玉 / 宝玉装病 / 晴雯 / 晴雯献计 / 献计 / 玉装 / 装病 / 雯献,event夜读惊魂·晴雯设计宝玉装病从宝玉夜读盘点各熟程度起，至园内灯火大搜、五更传管家细查为止春燕秋纹报墙上下来人；晴雯献计装病；一夜灯火大搜，王夫人宣药；五更传管家细查发端。只聽金星玻璃從後房門跑進來，喊說：「不好了，一個人從牆上跳下來了！」……晴雯道：「別放謅屁！……寶玉唬的顏色都變了……我如今還要上房裡取安魂丸藥去。」,外部节点不进主轴；只有回原文后形成的内部证据可设主轴点,回原文窗口复核
EXT-WIKI-YEAR-0137,前八十回,十七年,17,八月初九,探春告状。,模糊待复核,中/弱,有候选但可能是日期词或人物词误撞；不得入主轴,time_axis,time_00140,55,,,,第055回｜回目总判｜探春理家与园中制度加压,C｜事件连续推定,工程推定,21,春 / 探春,"第055回｜回目总判｜探春理家与园中制度加压大观园中段/年序待补元宵后/待校承新春后王熙凤病后理家阶段探春暂理家政；刁奴欺幼主；制度压力进入园内事件波段级,阶段级该回以制度治理阶段为时间坐标，非单日事件。{""坐标标题"":""第055回｜回目总判｜探春理家与园中制度加压"",""坐标类型"":""回目总判"",""书内年序"":""大观园中段/年序待补"",""叙事阶段"":""大观园期"",""季节定位"":""元宵后/待校"",""月令/节令"":""承新春后"",""日期/日序"":""王熙凤病后理家阶段"",""日内时段"":"""",""事件/时间节点"":""探春暂理家",外部节点不进主轴；只有回原文后形成的内部证据可设主轴点,回原文窗口复核
EXT-WIKI-YEAR-0138,前八十回,十七年,17,八月十二,贾母罚赌，邢夫人见傻大姐捡荷包，王善宝家的告晴雯，晴雯顶撞王夫人，抄检大观园，晴雯摔箱，探春保护丫鬟，打王善宝家的耳光。,内部证据可候选,中强,内部原文段/时间块/变量点召回较强；需人工复核后决定是否由内部证据设点,time_blocks,TB-074-001,74,74-001..74-009,,TB-074-001,第74回开端时段,high,回内时间块,50,春 / 傻大 / 大姐 / 夫人 / 家的 / 抄检大观园 / 晴雯 / 王善 / 王夫 / 邢夫,第74回开端时段起：开篇：柳家媳妇因开赌案求晴雯芳官转告宝玉；宝玉约迎春同去讨情，见众人只说来看二姐姐。；平儿出外办“累金凤”一事；玉柱儿媳妇紧跟央求；平儿指责“既有今日何必当初”，命赎回交她。；平儿回凤姐处；凤姐说柳二媳妇与妹子通同开局案，悔不听“多一事不如省一事”，表示随她们闹去、保养身体。；承/结：贾琏叹气：太太知道借当一事责他；凤姐平儿追问走风者；傻大姐娘见箱子，小丫头说漏；凤姐命再押首饰二百。；起：王夫人突至掏出十锦春意香袋掷到凤姐面前问是不是她的，凤姐变色问从何得来。；凤姐跪诉五层剖白：香袋不常带、园内,外部节点不进主轴；只有回原文后形成的内部证据可设主轴点,回原文窗口复核
EXT-WIKI-YEAR-0139,前八十回,十七年,17,八月十三,惜春要尤氏领回丫鬟入画，尤氏听说甄家被抄，有家人来榮府。,内部证据可候选,中强,内部原文段/时间块/变量点召回较强；需人工复核后决定是否由内部证据设点,segments,75-001,75,75-001,75-叙事-001,,尤氏从惜春处赌气欲往王夫人处，闻甘家来人报怨，回忆甘家获罪抄没入京治罪。,原文段候选,原文段,32,春 / 尤氏 / 惜春 / 甄家,尤氏从惜春处赌气欲往王夫人处，闻甘家来人报怨，回忆甘家获罪抄没入京治罪。尤氏從惜春處賭氣出來……老嬤嬤悄回道：「奶奶且別往上房去。才有甄家的幾個人來……」尤氏道：「昨日聽見你爺說……甄家犯了罪……怎麼又有人來？」,外部节点不进主轴；只有回原文后形成的内部证据可设主轴点,回原文窗口复核
EXT-WIKI-YEAR-0140,前八十回,十七年,17,八月十四,贾珍聚赌，尤氏将近40岁 。,暂未设定,无内部证据,内部未召回足够候选；保留外部旁路节点，等待别法复核,,,,,,,,,,0,,,外部节点不进主轴；只有回原文后形成的内部证据可设主轴点,保留外部旁路，等待别法复核
EXT-WIKI-YEAR-0141,前八十回,十七年,17,八月十五,贾母凸碧山庄中秋赏月，黛玉、湘云凹晶馆对联，王熙凤和李纨生病，晴雯病重，宝玉牵挂。,内部证据可候选,中强,内部原文段/时间块/变量点召回较强；需人工复核后决定是否由内部证据设点,time_blocks,TB-075-004,75,75-020..75-024,,TB-075-004,第75回收束时段,high,回内时间块,44,中秋 / 中秋 / 凸碧 / 凸碧山庄 / 山庄 / 碧山 / 贾母 / 赏月,第75回收束时段起：贾母房谈话，问宝玉习箭进步命别贪力；又赞月饼新厨子，议西瓜多雨。；承/结：众人至凸碧山庄赏月，贾母命折桂花击鼓传花，贾政讲怕老婆笑话，众皆笑。；起：传花到宝玉，限“秋”字即景作诗；贾政嫌其不习正书仍命取海南扇；贾兰作诗贾政喜。；承/结：传花到贾环，作诗；贾政以其“邪派”不悦，贾赦却赞其气骨并许世袭前程。第七十五回開夜宴异兆發悲音賞中秋新詞得佳讖由W33事件按回内顺序聚合；本时段含2个场组候选。,外部节点不进主轴；只有回原文后形成的内部证据可设主轴点,回原文窗口复核
EXT-WIKI-YEAR-0142,前八十回,十七年,17,八月十七,王夫人撵晴雯，四儿，芳官。,暂未设定,弱,外部有时间说法，但内部证据不足；保留旁路,variable_points,LK-53A90B774B5A57,77,77-013,C077-A0013,TB-077-002,event=王夫人查抄怡红院·晴雯四儿芳官被逐,变量点候选,event,14,四儿 / 晴雯 / 芳官,event王夫人查抄怡红院·晴雯四儿芳官被逐自宝玉飞驰怡红院起至王夫人吐吺明年搬出止晴雯四五日不进米·拖下炕蹬头垄面攒架而出寶玉及到了怡紅院……晴雯四五日水米不曾沾牙，懨懨弱息，如今現從炕上拉了下來，蓬頭垢面，兩個女人才架起來去了。,外部节点不进主轴；只有回原文后形成的内部证据可设主轴点,保留外部旁路，等待别法复核
EXT-WIKI-YEAR-0143,前八十回,十七年,17,八月十九,王夫人告知贾母撵走晴雯之事，晴雯16岁 （19岁 ）死。,内部证据可候选,中强,内部原文段/时间块/变量点召回较强；需人工复核后决定是否由内部证据设点,segments,103-001,103,103-001,贾政改京回奏,,贾琏到王夫人处一一汇报贾政改京事·次日打点吏部停妥·回来再向王夫人告知打点之事,原文段候选,原文段,26,之事 / 人告 / 告知 / 夫人 / 夫人告知 / 王夫 / 王夫人告,贾琏到王夫人处一一汇报贾政改京事·次日打点吏部停妥·回来再向王夫人告知打点之事贾琏向王夫人汇报贾政改京事并打点吏部停妥,外部节点不进主轴；只有回原文后形成的内部证据可设主轴点,回原文窗口复核
EXT-WIKI-YEAR-0144,前八十回,十七年,17,八月二十,贾政征林四娘诗，贾兰14岁 （13岁 ），贾环15岁 。宝玉做《芙蓉女儿诔》。,模糊待复核,中/弱,有候选但可能是日期词或人物词误撞；不得入主轴,segments,37-001,37,37-001,37-贾政离家,,贾政奉旨出任学差离家,原文段候选,原文段,21,八月二十 / 贾政,贾政奉旨出任学差离家這賈政只得奉了㫖，擇于八月二十日起身。,外部节点不进主轴；只有回原文后形成的内部证据可设主轴点,回原文窗口复核
EXT-WIKI-YEAR-0145,前八十回,十七年,17,八月下旬,迎春要出嫁，搬出大观园，宝玉到紫菱洲一带地方徘徊瞻顾，遇到香菱。,内部证据可候选,中强,内部原文段/时间块/变量点召回较强；需人工复核后决定是否由内部证据设点,segments,79-010,79,79-010,79-叙事-010,,宝玉徘徊紫菱洲见轩窗寂寞，蓼花菱叶摇落，有追忆故人之态。,原文段候选,原文段,44,到紫 / 到紫菱洲 / 地方 / 地方徘徊 / 宝玉 / 徊瞻 / 徘徊 / 方徘 / 方徘徊瞻 / 洲一 / 紫菱 / 紫菱洲一 / 菱洲,宝玉徘徊紫菱洲见轩窗寂寞，蓼花菱叶摇落，有追忆故人之态。因此天天到紫菱洲一帶地方徘徊瞻顧，見其軒窗寂寞……再看那岸上的蓼花葦葉……也都覺搖搖落落……既領略得如此寥落淒慘之景，是以情不自禁。,外部节点不进主轴；只有回原文后形成的内部证据可设主轴点,回原文窗口复核
EXT-WIKI-YEAR-0146,前八十回,十七年,17,八月下旬,宝玉生病。,暂未设定,无内部证据,内部未召回足够候选；保留外部旁路节点，等待别法复核,,,,,,,,,,0,,,外部节点不进主轴；只有回原文后形成的内部证据可设主轴点,保留外部旁路，等待别法复核
EXT-WIKI-YEAR-0147,前八十回,十七年,17,九月,薛蟠（21岁）回来，娶 夏金桂 （17岁 ）。香菱19岁。,模糊待复核,中/弱,有候选但可能是日期词或人物词误撞；不得入主轴,time_axis,time_00247,103,,,,第103回｜时间窗口｜金桂自焚雨村遇旧,E｜疑点待判,工程推定,32,夏 / 夏金桂 / 薛蟠 / 香菱,"第103回｜时间窗口｜金桂自焚雨村遇旧后40败落期/薛家败落线收束待判待回原文复验金桂施毒计失败与自焚阶段夏金桂施毒计反害己身；贾雨村空遇旧人事件波段级,待判,阶段级薛家内宅恶业收束，与雨村真禅遇旧并置；精确季节待回原文校。{""坐标标题"":""第103回｜时间窗口｜金桂自焚雨村遇旧"",""坐标类型"":""时间窗口"",""书内年序"":""后40败落期/薛家败落线收束"",""叙事阶段"":""败落期"",""季节定位"":""待判"",""月令/节令"":""待回原文复验"",""日期/日序"":""金桂施毒计失败与自焚阶段"",""日内时段"":"""",""事件/时",外部节点不进主轴；只有回原文后形成的内部证据可设主轴点,回原文窗口复核
EXT-WIKI-YEAR-0148,前八十回,十七年,17,九月,迎春（18岁）出嫁。,内部证据可候选,中强,内部原文段/时间块/变量点召回较强；需人工复核后决定是否由内部证据设点,segments,99-012,99,99-012,99-叙事-005 园中寂寥,,邢岫烟因迎春出嫁后随邢夫人过去·李家姐妹另住在外·随李孶娘过来请安。,原文段候选,原文段,24,春 / 出嫁 / 迎春,邢岫烟因迎春出嫁后随邢夫人过去·李家姐妹另住在外·随李孶娘过来请安。岫烟随邢夫人去·李家姐妹另住外随母来请安,外部节点不进主轴；只有回原文后形成的内部证据可设主轴点,回原文窗口复核
EXT-WIKI-YEAR-0149,前八十回,十七年,17,九月,迎春回门。,模糊待复核,中/弱,有候选但可能是日期词或人物词误撞；不得入主轴,time_axis,time_00018,6,,,,第006回｜回目总判｜秋尽冬初刘姥姥一进荣府,E｜疑点待判,工程推定,20,九月 / 春,"第006回｜回目总判｜秋尽冬初刘姥姥一进荣府红楼十年外部参照/待校秋尽冬初外部模型九月初二待校这日进府/同日推进刘姥姥一进荣国府；宝玉初试云雨情作为前置青春节点季节级,待判,日期级该回有季节锚点，应优先用“秋尽冬初”定位，再与外部九月初二校准。{""坐标标题"":""第006回｜回目总判｜秋尽冬初刘姥姥一进荣府"",""坐标类型"":""回目总判"",""书内年序"":""红楼十年外部参照/待校"",""叙事阶段"":""入府后"",""季节定位"":""秋尽冬初"",""月令/节令"":""外部模型九月初二待校"",""日期/日序"":""这日进府/同日推进"",""日",外部节点不进主轴；只有回原文后形成的内部证据可设主轴点,回原文窗口复核
EXT-WIKI-YEAR-0150,后四十回,十七年,17,九月,四美钓鱼。,暂未设定,无内部证据,内部未召回足够候选；保留外部旁路节点，等待别法复核,,,,,,,,,,0,,,外部节点不进主轴；只有回原文后形成的内部证据可设主轴点,保留外部旁路，等待别法复核
EXT-WIKI-YEAR-0151,后四十回,十七年,17,九月,宝玉再入家塾。,暂未设定,无内部证据,内部未召回足够候选；保留外部旁路节点，等待别法复核,,,,,,,,,,0,,,外部节点不进主轴；只有回原文后形成的内部证据可设主轴点,保留外部旁路，等待别法复核
EXT-WIKI-YEAR-0152,后四十回,十七年,17,九月,黛玉惊梦，元春染恙。,模糊待复核,中/弱,有候选但可能是日期词或人物词误撞；不得入主轴,time_axis,time_00048,16,,,,第016回｜回目总判｜元春才选与秦钟夭逝,D｜外部模型辅助,工程推定,21,春 / 元春,"第016回｜回目总判｜元春才选与秦钟夭逝红楼十一年年底/待校冬/年底十二月底外部参照年底返府与秦钟死并行待校元春才选凤藻宫；黛玉回府；秦钟夭逝；大观园修造起点事件波段级,月令级该回是丧事后收束、元妃省亲准备、大观园前史启动的桥接回。{""坐标标题"":""第016回｜回目总判｜元春才选与秦钟夭逝"",""坐标类型"":""回目总判"",""书内年序"":""红楼十一年年底/待校"",""叙事阶段"":""入府后"",""季节定位"":""冬/年底"",""月令/节令"":""十二月底外部参照"",""日期/日序"":""年底返府与秦钟死并行待校"",""日内时段"":"""",",外部节点不进主轴；只有回原文后形成的内部证据可设主轴点,回原文窗口复核
EXT-WIKI-YEAR-0153,后四十回,十七年,17,九月,贾环摔药。,暂未设定,无内部证据,内部未召回足够候选；保留外部旁路节点，等待别法复核,,,,,,,,,,0,,,外部节点不进主轴；只有回原文后形成的内部证据可设主轴点,保留外部旁路，等待别法复核
EXT-WIKI-YEAR-0154,后四十回,十七年,17,九月,北静王生日。,暂未设定,无内部证据,内部未召回足够候选；保留外部旁路节点，等待别法复核,,,,,,,,,,0,,,外部节点不进主轴；只有回原文后形成的内部证据可设主轴点,保留外部旁路，等待别法复核
EXT-WIKI-YEAR-0155,后四十回,十七年,17,九月（或二月十二 ）,贾政 升郎中，贾府摆堂会，林黛玉过生日 。,模糊待复核,中/弱,有候选但可能是日期词或人物词误撞；不得入主轴,variable_points,LK-C9F72D3D4FFAAF,96,96-018,C096-A0018,TB-096-001,person=贾政,变量点候选,person,21,九月 / 贾政,person贾政贾政·96-018·哥哥在监妹子怎出嫁贵妃功服九月起身日期已奉明·对话者贾政又道「他哥哥在监里妹子怎么出嫁，况且贵妃的事虽不禁婚嫁，宝玉应照已出嫁姐姐有九个月功服起身日期已奉明」。贾政言薛蟠在监妹子难出嫁且贵妃功服未满,外部节点不进主轴；只有回原文后形成的内部证据可设主轴点,回原文窗口复核
EXT-WIKI-YEAR-0156,后四十回,十七年,17,九月,薛蟠入狱。,模糊待复核,中/弱,有候选但可能是日期词或人物词误撞；不得入主轴,variable_points,LK-C9F72D3D4FFAAF,96,96-018,C096-A0018,TB-096-001,person=贾政,变量点候选,person,21,九月 / 薛蟠,person贾政贾政·96-018·哥哥在监妹子怎出嫁贵妃功服九月起身日期已奉明·对话者贾政又道「他哥哥在监里妹子怎么出嫁，况且贵妃的事虽不禁婚嫁，宝玉应照已出嫁姐姐有九个月功服起身日期已奉明」。贾政言薛蟠在监妹子难出嫁且贵妃功服未满,外部节点不进主轴；只有回原文后形成的内部证据可设主轴点,回原文窗口复核
EXT-WIKI-YEAR-0157,后四十回,十七年,17,九月,周贵妃薨。,暂未设定,无内部证据,内部未召回足够候选；保留外部旁路节点，等待别法复核,,,,,,,,,,0,,,外部节点不进主轴；只有回原文后形成的内部证据可设主轴点,保留外部旁路，等待别法复核
EXT-WIKI-YEAR-0158,后四十回,十七年,17,九月,宝玉黛玉潇湘馆论琴。,内部证据可候选,中强,内部原文段/时间块/变量点召回较强；需人工复核后决定是否由内部证据设点,time_blocks,TB-052-002,52,52-006..52-009,,TB-052-002,第52回第2叙事时段,high,回内时间块,23,宝玉 / 宝玉黛玉 / 湘馆 / 潇湘 / 玉黛 / 黛玉,第52回第2叙事时段起：潇湘馆冬闺群聚共赏水仙并谈花香；承/结：众人论诗社与真真国美人诗湘云香菱来听；起：宝玉黛玉临别低语问袭人燕窝话被打断；承/结：次日宝玉起身出门贾母赐雀金呢并上马第五十二回俏平兒情掩蝦鬚鐲勇晴雯病補雀金裘由W33事件按回内顺序聚合；本时段含2个场组候选。,外部节点不进主轴；只有回原文后形成的内部证据可设主轴点,回原文窗口复核
EXT-WIKI-YEAR-0159,后四十回,十七年,17,九月,宝钗转信黛玉祝贺生日。,模糊待复核,中/弱,有候选但可能是日期词或人物词误撞；不得入主轴,time_axis,time_00115,45,,,,第045回｜回目总判｜九月秋窗风雨夕与燕窝,D｜外部模型辅助,外部校准,24,九月 / 宝钗 / 黛玉,"第045回｜回目总判｜九月秋窗风雨夕与燕窝诗社期/年序待补秋九月外部参照秋雨夜/待校风雨夕/夜间语境宝钗送燕窝；黛玉作秋窗风雨夕季节级,日内级,月令级外部模型九月节点；秋窗、风雨、夜夕构成强季节时段坐标。{""坐标标题"":""第045回｜回目总判｜九月秋窗风雨夕与燕窝"",""坐标类型"":""回目总判"",""书内年序"":""诗社期/年序待补"",""叙事阶段"":""大观园期"",""季节定位"":""秋"",""月令/节令"":""九月外部参照"",""日期/日序"":""秋雨夜/待校"",""日内时段"":""风雨夕/夜间语境"",""事件/时间节点"":""宝钗送燕窝；",外部节点不进主轴；只有回原文后形成的内部证据可设主轴点,回原文窗口复核
EXT-WIKI-YEAR-0160,后四十回,十七年,17,九月,探春等看望黛玉。,内部证据可候选,中强,内部原文段/时间块/变量点召回较强；需人工复核后决定是否由内部证据设点,segments,102-005,102,102-005,尤氏过园得病,,先前众姐妹住大观园，贾妃薨后不修葡。到宝玉娶亲、黛玉一死、湘云回去、宝琵在家住着，园中人少兼天气寒冷。李纺姐妹、探春、惜春等俱挥回旧所。到花朝月夕依旧相约玩耀。今探春一去，宝玉病后不出屋门，益发没有高兴的人。园中寂寞只有几家看园人住着。,原文段候选,原文段,32,春 / 探春 / 春等 / 黛玉,先前众姐妹住大观园，贾妃薨后不修葡。到宝玉娶亲、黛玉一死、湘云回去、宝琵在家住着，园中人少兼天气寒冷。李纺姐妹、探春、惜春等俱挥回旧所。到花朝月夕依旧相约玩耀。今探春一去，宝玉病后不出屋门，益发没有高兴的人。园中寂寞只有几家看园人住着。姐妹散去园中人少天寒众人挥回旧所·探春一去宝玉不出屋门园中寂寞,外部节点不进主轴；只有回原文后形成的内部证据可设主轴点,回原文窗口复核
EXT-WIKI-YEAR-0161,后四十回,十七年,17,九月,黛玉看见儿时与宝玉吵架剪断的香袋。,模糊待复核,中/弱,有候选但可能是日期词或人物词误撞；不得入主轴,time_axis,time_00018,6,,,,第006回｜回目总判｜秋尽冬初刘姥姥一进荣府,E｜疑点待判,工程推定,21,九月 / 宝玉,"第006回｜回目总判｜秋尽冬初刘姥姥一进荣府红楼十年外部参照/待校秋尽冬初外部模型九月初二待校这日进府/同日推进刘姥姥一进荣国府；宝玉初试云雨情作为前置青春节点季节级,待判,日期级该回有季节锚点，应优先用“秋尽冬初”定位，再与外部九月初二校准。{""坐标标题"":""第006回｜回目总判｜秋尽冬初刘姥姥一进荣府"",""坐标类型"":""回目总判"",""书内年序"":""红楼十年外部参照/待校"",""叙事阶段"":""入府后"",""季节定位"":""秋尽冬初"",""月令/节令"":""外部模型九月初二待校"",""日期/日序"":""这日进府/同日推进"",""日",外部节点不进主轴；只有回原文后形成的内部证据可设主轴点,回原文窗口复核
EXT-WIKI-YEAR-0162,后四十回,十七年,17,九月,妙玉走火入魔。,暂未设定,无内部证据,内部未召回足够候选；保留外部旁路节点，等待别法复核,,,,,,,,,,0,,,外部节点不进主轴；只有回原文后形成的内部证据可设主轴点,保留外部旁路，等待别法复核
EXT-WIKI-YEAR-0163,后四十回,十七年,17,十月中旬,雪雁告诉紫鹃听人说宝玉定亲了。,模糊待复核,中/弱,有候选但可能是日期词或人物词误撞；不得入主轴,time_axis,time_00053,17,,,,第017回｜回目总判｜大观园题额试才,C｜事件连续推定,工程推定,21,十月 / 宝玉,"第017回｜回目总判｜大观园题额试才红楼12年模型参照/年序待补省亲前/待判十月将尽前后待校大观园工程验看日大观园试才题对额；省亲空间成形事件波段级,阶段级该回是大观园修造到省亲之间的空间验看坐标。{""坐标标题"":""第017回｜回目总判｜大观园题额试才"",""坐标类型"":""回目总判"",""书内年序"":""红楼12年模型参照/年序待补"",""叙事阶段"":""大观园前"",""季节定位"":""省亲前/待判"",""月令/节令"":""十月将尽前后待校"",""日期/日序"":""大观园工程验看日"",""日内时段"":"""",""事件/时间节点"":""大观园试才",外部节点不进主轴；只有回原文后形成的内部证据可设主轴点,回原文窗口复核
EXT-WIKI-YEAR-0164,后四十回,十七年,17,十一月初一,巧姐读《女孝经》。,模糊待复核,中/弱,有候选但可能是日期词或人物词误撞；不得入主轴,segments,92-011,92,92-011,U03-巧姐评女传,,巧姐报学业进度：三千字·女孝经·刚上列女传。,原文段候选,原文段,21,十一月初一 / 女孝经,巧姐报学业进度：三千字·女孝经·刚上列女传。巧姐报学业：三千字·女孝经·列女传十一月初一·消寒会当日上午,外部节点不进主轴；只有回原文后形成的内部证据可设主轴点,回原文窗口复核
EXT-WIKI-YEAR-0165,后四十回,十七年,17,十一月初一,冯紫英卖母珠。,暂未设定,无内部证据,内部未召回足够候选；保留外部旁路节点，等待别法复核,,,,,,,,,,0,,,外部节点不进主轴；只有回原文后形成的内部证据可设主轴点,保留外部旁路，等待别法复核
EXT-WIKI-YEAR-0166,后四十回,十七年,17,十一月,包勇 投奔贾府。,暂未设定,无内部证据,内部未召回足够候选；保留外部旁路节点，等待别法复核,,,,,,,,,,0,,,外部节点不进主轴；只有回原文后形成的内部证据可设主轴点,保留外部旁路，等待别法复核
EXT-WIKI-YEAR-0167,后四十回,十七年,17,十一月,匿名帖揭发水月庵 贾芹 丑闻。,暂未设定,弱,外部有时间说法，但内部证据不足；保留旁路,time_blocks,TB-094-001,94,94-001..94-023,,TB-094-001,第94回开端时段,high,回内时间块,14,月庵 / 水月 / 贾芹,第94回开端时段起：赖大带贾芹出来静候贾政，婆子和小厹看守园里女尼不准走开，女孩子们坐等天亮。；贾政因堂上发下工佑锁册子不能回家，令人回传贾琏按宜查办芹儿事，不等他。；承/结：贾琏先替芹儿喜欢又恐贾政生疑，决计先进内讨王夫人的主意了再办。；王夫人咤异贴帖者渾噪亦可恶，问贾琏是否查过芹儿确无此事。；贾琏答芹儿不敢行此事亦不肯承，王夫人问女孩子位置及姑娘知情。；王夫人定策查文书僱船送女尼回本地，芹儿狠训非祭事不上门，水月庵除上坟禁爷们接待再不好则攒逐老姑…；起：紫鹃到贾母处打听女尼事遇鸳鸯，傅试家两女人来请安，因贾母睡,外部节点不进主轴；只有回原文后形成的内部证据可设主轴点,保留外部旁路，等待别法复核
EXT-WIKI-YEAR-0168,后四十回,十七年,17,十一月,海棠开花。,暂未设定,无内部证据,内部未召回足够候选；保留外部旁路节点，等待别法复核,,,,,,,,,,0,,,外部节点不进主轴；只有回原文后形成的内部证据可设主轴点,保留外部旁路，等待别法复核
EXT-WIKI-YEAR-0169,后四十回,十七年,17,十一月,宝玉失玉。,暂未设定,无内部证据,内部未召回足够候选；保留外部旁路节点，等待别法复核,,,,,,,,,,0,,,外部节点不进主轴；只有回原文后形成的内部证据可设主轴点,保留外部旁路，等待别法复核
EXT-WIKI-YEAR-0170,后四十回,十七年,17,十二月十九,元春薨，43岁 （33岁 ）。,模糊待复核,中/弱,有候选但可能是日期词或人物词误撞；不得入主轴,time_axis,time_00048,16,,,,第016回｜回目总判｜元春才选与秦钟夭逝,D｜外部模型辅助,工程推定,21,春 / 元春,"第016回｜回目总判｜元春才选与秦钟夭逝红楼十一年年底/待校冬/年底十二月底外部参照年底返府与秦钟死并行待校元春才选凤藻宫；黛玉回府；秦钟夭逝；大观园修造起点事件波段级,月令级该回是丧事后收束、元妃省亲准备、大观园前史启动的桥接回。{""坐标标题"":""第016回｜回目总判｜元春才选与秦钟夭逝"",""坐标类型"":""回目总判"",""书内年序"":""红楼十一年年底/待校"",""叙事阶段"":""入府后"",""季节定位"":""冬/年底"",""月令/节令"":""十二月底外部参照"",""日期/日序"":""年底返府与秦钟死并行待校"",""日内时段"":"""",",外部节点不进主轴；只有回原文后形成的内部证据可设主轴点,回原文窗口复核
EXT-WIKI-YEAR-0171,后四十回,十八年,18,正月十五或十六,王子腾 回京途中暴病而亡。,模糊待复核,中/弱,有候选但可能是日期词或人物词误撞；不得入主轴,segments,96-006,96,96-006,王腾病故,,正月十七日凤姐回王夫人：「今日二爷外听得人传我们大老爷赶着进京离城只二百多里在路上没了。」王夫人吃惊拭泪。,原文段候选,原文段,24,正月 / 王子腾 / 途中,正月十七日凤姐回王夫人：「今日二爷外听得人传我们大老爷赶着进京离城只二百多里在路上没了。」王夫人吃惊拭泪。凤姐报王子腾赶路进京离城二百里途中没了,外部节点不进主轴；只有回原文后形成的内部证据可设主轴点,回原文窗口复核
EXT-WIKI-YEAR-0172,后四十回,十八年,18,二月,贾政放江西粮道。,内部证据可候选,中强,内部原文段/时间块/变量点召回较强；需人工复核后决定是否由内部证据设点,segments,96-009,96,96-009,贾政放外任,,贾政已知心不受用又知宝玉失玉神志愧愧；那年京察工部保列一等，二月吴部引见、皇上即放了江西粮道即日谢恩。,原文段候选,原文段,44,二月 / 放江 / 放江西粮 / 江西 / 江西粮道 / 粮道 / 西粮 / 贾政,贾政已知心不受用又知宝玉失玉神志愧愧；那年京察工部保列一等，二月吴部引见、皇上即放了江西粮道即日谢恩。贾政京察保列一等即放江西粮道即日谢恩,外部节点不进主轴；只有回原文后形成的内部证据可设主轴点,回原文窗口复核
EXT-WIKI-YEAR-0173,后四十回,十八年,18,二月,黛玉焚稿。,暂未设定,无内部证据,内部未召回足够候选；保留外部旁路节点，等待别法复核,,,,,,,,,,0,,,外部节点不进主轴；只有回原文后形成的内部证据可设主轴点,保留外部旁路，等待别法复核
EXT-WIKI-YEAR-0174,后四十回,十八年,18,二月,薛宝钗（20岁）嫁宝玉。,暂未设定,无内部证据,内部未召回足够候选；保留外部旁路节点，等待别法复核,,,,,,,,,,0,,,外部节点不进主轴；只有回原文后形成的内部证据可设主轴点,保留外部旁路，等待别法复核
EXT-WIKI-YEAR-0175,后四十回,十八年,18,二月,林黛玉（17岁）死。,暂未设定,无内部证据,内部未召回足够候选；保留外部旁路节点，等待别法复核,,,,,,,,,,0,,,外部节点不进主轴；只有回原文后形成的内部证据可设主轴点,保留外部旁路，等待别法复核
EXT-WIKI-YEAR-0176,后四十回,十八年,18,秋,王熙凤大观园遇秦可卿幻影，29岁（25岁 ）。,模糊待复核,中/弱,有候选但可能是日期词或人物词误撞；不得入主轴,time_axis,time_00040,13,,,,第013回｜时间窗口｜十一年十月中秦可卿死,D｜外部模型辅助,外部校准,47,秋 / 可卿 / 大观 / 熙凤 / 王熙 / 王熙凤 / 秦可 / 秦可卿 / 观园,"第013回｜时间窗口｜十一年十月中秦可卿死红楼十一年十月中前后候选秋冬之间十月中候选秦可卿死亡与凤姐协理启动秦可卿死；凤姐协理宁国府事件波段级,待判,月令级秦可卿死亡为强转折，外部年谱可作校准但需回原文。{""坐标标题"":""第013回｜时间窗口｜十一年十月中秦可卿死"",""坐标类型"":""时间窗口"",""书内年序"":""红楼十一年十月中前后候选"",""叙事阶段"":""大观园前"",""季节定位"":""秋冬之间"",""月令/节令"":""十月中候选"",""日期/日序"":""秦可卿死亡与凤姐协理启动"",""日内时段"":"""",""事件/时间节点"":""秦可",外部节点不进主轴；只有回原文后形成的内部证据可设主轴点,回原文窗口复核
EXT-WIKI-YEAR-0177,后四十回,十八年,18,秋初一,王熙凤散花寺抽签。,内部强证可设点,强,内部 time_axis 有强证候选；仍需回原文窗口复核后由内部证据设点,time_axis,time_00240,101,,,,第101回｜回目总判｜凤姐幽魂异兆与散花寺神签,A｜原文明示,原文明示,47,初一 / 秋 / 寺抽 / 散花 / 散花寺抽 / 花寺,"第101回｜回目总判｜凤姐幽魂异兆与散花寺神签后40败落期/抄家前异兆秋冬之间/月夜寒意待校初一散花寺随喜；四十九天水陆道场凤姐月夜入园遇秦氏幽魂；次日听抄报；初一求签月夜；五更；次日；初一凤姐月夜感幽魂；贾琏听王仁亏空与抄报；凤姐散花寺抽衣锦还乡签事件波段级,日内级,日期级本回原文摘要含月色、风起、五更、次日、初一等时间词，且秦氏幽魂与神签构成抄家前异兆。{""坐标标题"":""第101回｜回目总判｜凤姐幽魂异兆与散花寺神签"",""坐标类型"":""回目总判"",""书内年序"":""后40败落期/抄家前异兆"",""叙事阶段"":""败落",外部节点不进主轴；只有回原文后形成的内部证据可设主轴点,回原文窗口复核
EXT-WIKI-YEAR-0178,后四十回,十八年,18,秋,探春（17岁）远行出嫁。,内部证据可候选,中强,内部原文段/时间块/变量点召回较强；需人工复核后决定是否由内部证据设点,segments,99-013,99,99-013,99-叙事-005 园中寂寥,,园内只剩李纫·探春·惜春·元妃薨后家中事多·挑进来之事暂缓至秋天。,原文段候选,原文段,33,春 / 秋 / 探春,园内只剩李纫·探春·惜春·元妃薨后家中事多·挑进来之事暂缓至秋天。园内只剩李纨探春惜春·元妃薨后事多挑进来暂缓至秋,外部节点不进主轴；只有回原文后形成的内部证据可设主轴点,回原文窗口复核
EXT-WIKI-YEAR-0179,后四十回,十八年,18,秋,尤氏怪病。,暂未设定,无内部证据,内部未召回足够候选；保留外部旁路节点，等待别法复核,,,,,,,,,,0,,,外部节点不进主轴；只有回原文后形成的内部证据可设主轴点,保留外部旁路，等待别法复核
EXT-WIKI-YEAR-0180,后四十回,十八年,18,秋,金桂毒香菱误食身亡。,内部证据可候选,中强,内部原文段/时间块/变量点召回较强；需人工复核后决定是否由内部证据设点,segments,103-026,103,103-026,宝蟾揭金桂恨香菱,,宝钗听出话头放开宝蟾·宝蟾怕见官课着招·金桂天天抱怨嫁贼糊涂血僻·恨香菱·说昨天的汤不是好意·明金桂毒香菱的预谋,原文段候选,原文段,23,桂毒 / 桂毒香菱 / 毒香 / 金桂 / 金桂毒香 / 香菱,宝钗听出话头放开宝蟾·宝蟾怕见官课着招·金桂天天抱怨嫁贼糊涂血僻·恨香菱·说昨天的汤不是好意·明金桂毒香菱的预谋宝蟾怕见官招供说金桂天天抱怨恨香菱昨汤不是好意乃毒香菱预谋,外部节点不进主轴；只有回原文后形成的内部证据可设主轴点,回原文窗口复核
EXT-WIKI-YEAR-0181,后四十回,十九年,19,正月,贾政被参回京。,模糊待复核,中/弱,有候选但可能是日期词或人物词误撞；不得入主轴,time_axis,time_00054,17,,,,第017回｜时间窗口｜十二年正月前大观园题额,B｜上下文强推,上下文推定,21,正月 / 贾政,"第017回｜时间窗口｜十二年正月前大观园题额红楼十二年正月前/省亲前筹备冬末至正月前省亲前；园成待题修园后、省亲前大观园题额试才事件波段级,阶段级园已成形而省亲未至，位于修园后、省亲前。{""坐标标题"":""第017回｜时间窗口｜十二年正月前大观园题额"",""坐标类型"":""时间窗口"",""书内年序"":""红楼十二年正月前/省亲前筹备"",""叙事阶段"":""大观园前"",""季节定位"":""冬末至正月前"",""月令/节令"":""省亲前；园成待题"",""日期/日序"":""修园后、省亲前"",""日内时段"":"""",""事件/时间节点"":""大观园题额试才""",外部节点不进主轴；只有回原文后形成的内部证据可设主轴点,回原文窗口复核
EXT-WIKI-YEAR-0182,后四十回,十九年,19,正月十五,查抄宁荣二府。,暂未设定,无内部证据,内部未召回足够候选；保留外部旁路节点，等待别法复核,,,,,,,,,,0,,,外部节点不进主轴；只有回原文后形成的内部证据可设主轴点,保留外部旁路，等待别法复核
EXT-WIKI-YEAR-0183,后四十回,十九年,19,正月,湘云（18岁）出嫁。,模糊待复核,中/弱,有候选但可能是日期词或人物词误撞；不得入主轴,time_axis,time_00157,62,,,,第062回｜回目总判｜宝玉生日与群芳生日谈话,A｜原文明示,原文明示,21,正月 / 湘云,"第062回｜回目总判｜宝玉生日与群芳生日谈话大观园中段/年序待补初夏/芍药花时待校四月下旬待定；生辰清单含正月、二月、三月等回溯宝玉生日当日清晨拜寿至日间宴饮，夜宴接第63回宝玉生日；宝琴、岫烟、平儿等同日；生日清单建立事件波段级,待判,日内级,日期级生日系统关键回，后续需细拆人物生辰与宝玉生日精确日疑点。{""坐标标题"":""第062回｜回目总判｜宝玉生日与群芳生日谈话"",""坐标类型"":""回目总判"",""书内年序"":""大观园中段/年序待补"",""叙事阶段"":""大观园期"",""季节定位"":""初夏/芍药花时待校"",""月令/节令",外部节点不进主轴；只有回原文后形成的内部证据可设主轴点,回原文窗口复核
EXT-WIKI-YEAR-0184,后四十回,十九年,19,正月十九,湘云回门看望贾母。,模糊待复核,中/弱,有候选但可能是日期词或人物词误撞；不得入主轴,variable_points,LK-4C104057370A69,108,108-005,C108-A0005,TB-108-001,event=108-ev03,变量点候选,event,17,云回 / 回门 / 湘云 / 湘云回门,event108-ev03湘云回门请安。湘雲出嫁回門請安湘云出嫁回门请安,外部节点不进主轴；只有回原文后形成的内部证据可设主轴点,回原文窗口复核
EXT-WIKI-YEAR-0185,后四十回,十九年,19,正月二十,迎春回。,模糊待复核,中/弱,有候选但可能是日期词或人物词误撞；不得入主轴,time_axis,time_00066,22,,,,第022回｜时间窗口｜正月下旬宝钗生日灯谜,A｜原文明示,原文明示,28,二十 / 春 / 正月,"第022回｜时间窗口｜正月下旬宝钗生日灯谜红楼十二年正月下旬候选初春/正月正月；灯谜；生日；元宵余波宝钗生日当日前后宝钗生日；灯谜谶语事件波段级,待判,月令级,节令级宝钗生日在灯节后语境中出现，是生日系统早期硬节点之一。{""坐标标题"":""第022回｜时间窗口｜正月下旬宝钗生日灯谜"",""坐标类型"":""时间窗口"",""书内年序"":""红楼十二年正月下旬候选"",""叙事阶段"":""大观园前"",""季节定位"":""初春/正月"",""月令/节令"":""正月；灯谜；生日；元宵余波"",""日期/日序"":""宝钗生日当日前后"",""日内时段"":"""",""",外部节点不进主轴；只有回原文后形成的内部证据可设主轴点,回原文窗口复核
EXT-WIKI-YEAR-0186,后四十回,十九年,19,正月二十一,宝钗生日，迎春走。,内部证据可候选,中强,变量点命中明确事件短语；需回原文窗口复核后才可由内部证据设点,variable_points,LK-BFC81F55313907,22,22-001,C022-A0001,TB-022-001,season=初春,变量点候选,season,41,二十一 / 春 / 正月 / 宝钗生日,season初春初春/正月凤姐与贾琏商量宝钗生日规格凤姐道：“二十一是薛妹妹的生日，你到底怎麼樣呢？”,外部节点不进主轴；只有回原文后形成的内部证据可设主轴点,回原文窗口复核
EXT-WIKI-YEAR-0187,后四十回,十九年,19,正月底,宝玉错把五儿当晴雯。,模糊待复核,中/弱,有候选但可能是日期词或人物词误撞；不得入主轴,time_axis,time_00054,17,,,,第017回｜时间窗口｜十二年正月前大观园题额,B｜上下文强推,上下文推定,21,正月 / 宝玉,"第017回｜时间窗口｜十二年正月前大观园题额红楼十二年正月前/省亲前筹备冬末至正月前省亲前；园成待题修园后、省亲前大观园题额试才事件波段级,阶段级园已成形而省亲未至，位于修园后、省亲前。{""坐标标题"":""第017回｜时间窗口｜十二年正月前大观园题额"",""坐标类型"":""时间窗口"",""书内年序"":""红楼十二年正月前/省亲前筹备"",""叙事阶段"":""大观园前"",""季节定位"":""冬末至正月前"",""月令/节令"":""省亲前；园成待题"",""日期/日序"":""修园后、省亲前"",""日内时段"":"""",""事件/时间节点"":""大观园题额试才""",外部节点不进主轴；只有回原文后形成的内部证据可设主轴点,回原文窗口复核
EXT-WIKI-YEAR-0188,后四十回,十九年,19,正月底,迎春去世。,模糊待复核,中/弱,有候选但可能是日期词或人物词误撞；不得入主轴,time_axis,time_00055,18,,,,第018回｜回目总判｜十月将尽至正月十五省亲,A｜原文明示,原文明示,20,春 / 正月,"第018回｜回目总判｜十月将尽至正月十五省亲年序待补/大观园省亲年冬前至新春十月将尽；正月十五/元宵十五日五鼓至夜间省亲省亲筹备全备；元妃归省庆元宵日内级,日期级,月令级,节令级该回拥有十月将尽与正月十五五鼓两个强锚点，是大观园时间主轴关键回。{""坐标标题"":""第018回｜回目总判｜十月将尽至正月十五省亲"",""坐标类型"":""回目总判"",""书内年序"":""年序待补/大观园省亲年"",""叙事阶段"":""大观园前"",""季节定位"":""冬前至新春"",""月令/节令"":""十月将尽；正月十五/元宵"",""日期/日序"":""十五日"",""日内时",外部节点不进主轴；只有回原文后形成的内部证据可设主轴点,回原文窗口复核
EXT-WIKI-YEAR-0189,后四十回,十九年,19,二月,史湘云丈夫暴病。,模糊待复核,中/弱,有候选但可能是日期词或人物词误撞；不得入主轴,time_axis,time_00157,62,,,,第062回｜回目总判｜宝玉生日与群芳生日谈话,A｜原文明示,原文明示,21,二月 / 湘云,"第062回｜回目总判｜宝玉生日与群芳生日谈话大观园中段/年序待补初夏/芍药花时待校四月下旬待定；生辰清单含正月、二月、三月等回溯宝玉生日当日清晨拜寿至日间宴饮，夜宴接第63回宝玉生日；宝琴、岫烟、平儿等同日；生日清单建立事件波段级,待判,日内级,日期级生日系统关键回，后续需细拆人物生辰与宝玉生日精确日疑点。{""坐标标题"":""第062回｜回目总判｜宝玉生日与群芳生日谈话"",""坐标类型"":""回目总判"",""书内年序"":""大观园中段/年序待补"",""叙事阶段"":""大观园期"",""季节定位"":""初夏/芍药花时待校"",""月令/节令",外部节点不进主轴；只有回原文后形成的内部证据可设主轴点,回原文窗口复核
EXT-WIKI-YEAR-0190,后四十回,十九年,19,二月,贾母83岁 去世 ，鸳鸯（24岁）悬梁自尽。,模糊待复核,中/弱,有候选但可能是日期词或人物词误撞；不得入主轴,time_axis,time_00042,14,,,,第014回｜回目总判｜林如海九月初三死与秦出殡,A｜原文明示,原文明示,21,二月 / 去世,"第014回｜回目总判｜林如海九月初三死与秦出殡红楼十一年秋至冬九月初三、十二月初两层并存九月初三巳时/十二月初出殡巳时；出殡日时段待校林如海去世消息；秦可卿出殡；宝玉路谒北静王事件波段级,日内级,日期级该回跨接林如海死讯与秦可卿丧事公开节点，应拆成双锚点。{""坐标标题"":""第014回｜回目总判｜林如海九月初三死与秦出殡"",""坐标类型"":""回目总判"",""书内年序"":""红楼十一年"",""叙事阶段"":""入府后"",""季节定位"":""秋至冬"",""月令/节令"":""九月初三、十二月初两层并存"",""日期/日序"":""九月初三巳时/十二月",外部节点不进主轴；只有回原文后形成的内部证据可设主轴点,回原文窗口复核
EXT-WIKI-YEAR-0191,后四十回,十九年,19,三月,赵姨娘抽风死。,暂未设定,无内部证据,内部未召回足够候选；保留外部旁路节点，等待别法复核,,,,,,,,,,0,,,外部节点不进主轴；只有回原文后形成的内部证据可设主轴点,保留外部旁路，等待别法复核
EXT-WIKI-YEAR-0192,后四十回,十九年,19,四月,刘姥姥三进荣国府，王熙凤把巧姐托付刘姥姥。,模糊待复核,中/弱,有候选但可能是日期词或人物词误撞；不得入主轴,time_axis,time_00017,6,,,,第6回｜红楼十年九月初二｜刘姥姥一进荣国府,E｜疑点待判,外部校准,26,刘姥 / 刘姥姥 / 国府 / 姥姥 / 荣国 / 进荣 / 进荣国府,"第6回｜红楼十年九月初二｜刘姥姥一进荣国府红楼十年秋/秋尽冬初待复验九月九月初二/外部参照刘姥姥一进荣国府；冷香丸、送宫花波段参照季节级,年序级,日期级原文有“这年秋尽冬初”与“这日”类锚点，外部模型给九月初二；两者需校准。{""坐标标题"":""第6回｜红楼十年九月初二｜刘姥姥一进荣国府"",""坐标类型"":""硬锚点"",""书内年序"":""红楼十年"",""叙事阶段"":""入府后"",""季节定位"":""秋/秋尽冬初待复验"",""月令/节令"":""九月"",""日期/日序"":""九月初二/外部参照"",""日内时段"":"""",""事件/时间节点"":""刘姥姥",外部节点不进主轴；只有回原文后形成的内部证据可设主轴点,回原文窗口复核
EXT-WIKI-YEAR-0193,后四十回,十九年,19,五月,王熙凤30岁（26岁）死。,暂未设定,无内部证据,内部未召回足够候选；保留外部旁路节点，等待别法复核,,,,,,,,,,0,,,外部节点不进主轴；只有回原文后形成的内部证据可设主轴点,保留外部旁路，等待别法复核
EXT-WIKI-YEAR-0194,后四十回,十九年,19,六月,江南甄老爷来访。,暂未设定,弱,外部有时间说法，但内部证据不足；保留旁路,variable_points,LK-2C0952848AED4C,56,56-009,C056-A0009,TB-056-002,event=甄家女眷来访与真假宝玉梦照,变量点候选,event,14,南甄 / 来访 / 江南,event甄家女眷来访与真假宝玉梦照覆盖甄家来访、真假宝玉对照与梦境照影。林之孝家的报甄府家眷入京送礼探春等回明贾母江南甄府裡家眷昨日到京，今日進宮朝賀。此刻先遣人來送禮請安。,外部节点不进主轴；只有回原文后形成的内部证据可设主轴点,保留外部旁路，等待别法复核
EXT-WIKI-YEAR-0195,后四十回,十九年,19,七月,舅舅卖巧姐（13岁 ）。,暂未设定,无内部证据,内部未召回足够候选；保留外部旁路节点，等待别法复核,,,,,,,,,,0,,,外部节点不进主轴；只有回原文后形成的内部证据可设主轴点,保留外部旁路，等待别法复核
EXT-WIKI-YEAR-0196,后四十回,十九年,19,七月,惜春（17岁）剪发出家，紫鹃出家。,模糊待复核,中/弱,有候选但可能是日期词或人物词误撞；不得入主轴,time_axis,time_00109,42,,,,第042回｜回目总判｜刘姥姥二进后余波与惜春画园,C｜事件连续推定,工程推定,21,春 / 惜春,"第042回｜回目总判｜刘姥姥二进后余波与惜春画园诗社期/年序待补秋承八月二十五后宴游后续日/待校宝钗解疑；黛玉雅谑；惜春画大观园余波事件波段级,季节级,待判承刘姥姥二进后续，作为事件湖收束坐标。{""坐标标题"":""第042回｜回目总判｜刘姥姥二进后余波与惜春画园"",""坐标类型"":""回目总判"",""书内年序"":""诗社期/年序待补"",""叙事阶段"":""大观园期"",""季节定位"":""秋"",""月令/节令"":""承八月二十五后"",""日期/日序"":""宴游后续日/待校"",""日内时段"":"""",""事件/时间节点"":""宝钗解疑；黛玉雅谑；惜春画",外部节点不进主轴；只有回原文后形成的内部证据可设主轴点,回原文窗口复核
EXT-WIKI-YEAR-0197,后四十回,十九年,19,七月,平儿（24岁）派车把巧姐送刘姥姥。,模糊待复核,中/弱,有候选但可能是日期词或人物词误撞；不得入主轴,segments,07-002,7,07-002,07-叙事-003,,周瑞家的转赴梨香院，见薛宝钗闲坐患病,原文段候选,原文段,20,刘姥 / 刘姥姥 / 姥姥 / 送刘 / 送刘姥姥,周瑞家的转赴梨香院，见薛宝钗闲坐患病只見薛寶釵穿著家常衣服，頭上只散挽著髻兒，坐在炕裡，頭已歪在枕上，手裡拿著一段針線，卻是目低頭侍立。周瑞家的送刘姥姥离去后,外部节点不进主轴；只有回原文后形成的内部证据可设主轴点,回原文窗口复核
EXT-WIKI-YEAR-0198,后四十回,十九年,19,八月初四,宝玉贾兰（16岁 ）入场科考。,暂未设定,无内部证据,内部未召回足够候选；保留外部旁路节点，等待别法复核,,,,,,,,,,0,,,外部节点不进主轴；只有回原文后形成的内部证据可设主轴点,保留外部旁路，等待别法复核
EXT-WIKI-YEAR-0199,后四十回,十九年,19,秋,宝玉（19歲 ）离家出走。,模糊待复核,中/弱,有候选但可能是日期词或人物词误撞；不得入主轴,time_axis,time_00018,6,,,,第006回｜回目总判｜秋尽冬初刘姥姥一进荣府,E｜疑点待判,工程推定,21,秋 / 宝玉,"第006回｜回目总判｜秋尽冬初刘姥姥一进荣府红楼十年外部参照/待校秋尽冬初外部模型九月初二待校这日进府/同日推进刘姥姥一进荣国府；宝玉初试云雨情作为前置青春节点季节级,待判,日期级该回有季节锚点，应优先用“秋尽冬初”定位，再与外部九月初二校准。{""坐标标题"":""第006回｜回目总判｜秋尽冬初刘姥姥一进荣府"",""坐标类型"":""回目总判"",""书内年序"":""红楼十年外部参照/待校"",""叙事阶段"":""入府后"",""季节定位"":""秋尽冬初"",""月令/节令"":""外部模型九月初二待校"",""日期/日序"":""这日进府/同日推进"",""日",外部节点不进主轴；只有回原文后形成的内部证据可设主轴点,回原文窗口复核
EXT-WIKI-YEAR-0200,后四十回,十九年,19,冬,贾政毘陵驛遇宝玉。,模糊待复核,中/弱,有候选但可能是日期词或人物词误撞；不得入主轴,time_axis,time_00054,17,,,,第017回｜时间窗口｜十二年正月前大观园题额,B｜上下文强推,上下文推定,24,冬 / 宝玉 / 贾政,"第017回｜时间窗口｜十二年正月前大观园题额红楼十二年正月前/省亲前筹备冬末至正月前省亲前；园成待题修园后、省亲前大观园题额试才事件波段级,阶段级园已成形而省亲未至，位于修园后、省亲前。{""坐标标题"":""第017回｜时间窗口｜十二年正月前大观园题额"",""坐标类型"":""时间窗口"",""书内年序"":""红楼十二年正月前/省亲前筹备"",""叙事阶段"":""大观园前"",""季节定位"":""冬末至正月前"",""月令/节令"":""省亲前；园成待题"",""日期/日序"":""修园后、省亲前"",""日内时段"":"""",""事件/时间节点"":""大观园题额试才""",外部节点不进主轴；只有回原文后形成的内部证据可设主轴点,回原文窗口复核
EXT-WIKI-YEAR-0201,后四十回,十九年,19,冬,袭人（21岁）出嫁， 香菱 难产而亡。,模糊待复核,中/弱,有候选但可能是日期词或人物词误撞；不得入主轴,time_blocks,TB-052-002,52,52-006..52-009,,TB-052-002,第52回第2叙事时段,high,回内时间块,24,冬 / 袭人 / 香菱,第52回第2叙事时段起：潇湘馆冬闺群聚共赏水仙并谈花香；承/结：众人论诗社与真真国美人诗湘云香菱来听；起：宝玉黛玉临别低语问袭人燕窝话被打断；承/结：次日宝玉起身出门贾母赐雀金呢并上马第五十二回俏平兒情掩蝦鬚鐲勇晴雯病補雀金裘由W33事件按回内顺序聚合；本时段含2个场组候选。,外部节点不进主轴；只有回原文后形成的内部证据可设主轴点,回原文窗口复核
