ref_id,referenced_path,referenced_exists_now,source_docs_count,coex_match_count,recommended_coex_path,fix_level,is_dir_reference,recommended_action,source_docs
DL-REF-0001,/Users/yu/Documents/Codex/2026-06-03/notion-3-crv/outputs/数字生命总账工程,否,1,78,/Users/yu/Documents/Codex/coex项目总库/10-19_四项目工程域/11_P01_数字生命_DL/00_域门/来源路径保留/2026-06-03/notion-3-crv/outputs/数字生命总账工程,P0,是,旧路径失联；改用 recommended_coex_path 或把入口改成旧路径/Coex现址双列。,/Users/yu/Documents/Codex/coex项目总库/01_入口与触发词/00_总控入口/来源路径保留/2026-06-03/notion-3-crv/四项目工程总入口/01_数字生命_项目大门/数字生命_项目大门.md
DL-REF-0002,/Users/yu/Documents/Codex/2026-06-03/notion-3-crv/outputs/数字生命总账工程/00_数字生命工程首页.md,否,3,2,/Users/yu/Documents/Codex/coex项目总库/10-19_四项目工程域/11_P01_数字生命_DL/00_域门/来源路径保留/2026-06-03/notion-3-crv/outputs/数字生命总账工程/00_数字生命工程首页.md,P0,否,旧路径失联；改用 recommended_coex_path 或把入口改成旧路径/Coex现址双列。,/Users/yu/Documents/Codex/coex项目总库/10-19_四项目工程域/11_P01_数字生命_DL/00_域门/来源路径保留/2026-06-03/notion-3-crv/outputs/数字生命总账工程/00_数字生命工程首页.md；/Users/yu/Documents/Codex/coex项目总库/10-19_四项目工程域/11_P01_数字生命_DL/00_域门/来源路径保留/2026-06-03/notion-3-crv/outputs/数字生命总账工程/02_机器续接摘要.json；/Users/yu/Documents/Codex/coex项目总库/10-19_四项目工程域/11_P01_数字生命_DL/00_域门/来源路径保留/数字生命工程入口.md
DL-REF-0003,/Users/yu/Documents/Codex/2026-06-03/notion-3-crv/outputs/数字生命总账工程/01_数字生命全量总账.md,否,3,2,/Users/yu/Documents/Codex/coex项目总库/10-19_四项目工程域/11_P01_数字生命_DL/00_域门/来源路径保留/2026-06-03/notion-3-crv/outputs/数字生命总账工程/01_数字生命全量总账.md,P0,否,旧路径失联；改用 recommended_coex_path 或把入口改成旧路径/Coex现址双列。,/Users/yu/Documents/Codex/coex项目总库/10-19_四项目工程域/11_P01_数字生命_DL/00_域门/来源路径保留/2026-06-03/notion-3-crv/outputs/数字生命总账工程/00_数字生命工程首页.md；/Users/yu/Documents/Codex/coex项目总库/10-19_四项目工程域/11_P01_数字生命_DL/00_域门/来源路径保留/2026-06-03/notion-3-crv/outputs/数字生命总账工程/02_机器续接摘要.json；/Users/yu/Documents/Codex/coex项目总库/10-19_四项目工程域/11_P01_数字生命_DL/00_域门/来源路径保留/数字生命工程入口.md
DL-REF-0004,/Users/yu/Documents/Codex/2026-06-03/notion-3-crv/outputs/数字生命总账工程/02_机器续接摘要.json,否,3,2,/Users/yu/Documents/Codex/coex项目总库/10-19_四项目工程域/11_P01_数字生命_DL/00_域门/来源路径保留/2026-06-03/notion-3-crv/outputs/数字生命总账工程/02_机器续接摘要.json,P0,否,旧路径失联；改用 recommended_coex_path 或把入口改成旧路径/Coex现址双列。,/Users/yu/Documents/Codex/coex项目总库/10-19_四项目工程域/11_P01_数字生命_DL/00_域门/来源路径保留/2026-06-03/notion-3-crv/outputs/数字生命总账工程/00_数字生命工程首页.md；/Users/yu/Documents/Codex/coex项目总库/10-19_四项目工程域/11_P01_数字生命_DL/00_域门/来源路径保留/2026-06-03/notion-3-crv/outputs/数字生命总账工程/02_机器续接摘要.json；/Users/yu/Documents/Codex/coex项目总库/10-19_四项目工程域/11_P01_数字生命_DL/00_域门/来源路径保留/数字生命工程入口.md
DL-REF-0005,/Users/yu/Documents/Codex/2026-06-03/notion-3-crv/outputs/数字生命总账工程/03_五层完成度复盘表.csv,否,3,2,/Users/yu/Documents/Codex/coex项目总库/10-19_四项目工程域/11_P01_数字生命_DL/00_域门/来源路径保留/2026-06-03/notion-3-crv/outputs/数字生命总账工程/03_五层完成度复盘表.csv,P0,否,旧路径失联；改用 recommended_coex_path 或把入口改成旧路径/Coex现址双列。,/Users/yu/Documents/Codex/coex项目总库/10-19_四项目工程域/11_P01_数字生命_DL/00_域门/来源路径保留/2026-06-03/notion-3-crv/outputs/数字生命总账工程/00_数字生命工程首页.md；/Users/yu/Documents/Codex/coex项目总库/10-19_四项目工程域/11_P01_数字生命_DL/00_域门/来源路径保留/2026-06-03/notion-3-crv/outputs/数字生命总账工程/02_机器续接摘要.json；/Users/yu/Documents/Codex/coex项目总库/10-19_四项目工程域/11_P01_数字生命_DL/00_域门/来源路径保留/数字生命工程入口.md
DL-REF-0006,/Users/yu/Documents/Codex/2026-06-03/notion-3-crv/outputs/数字生命总账工程/04_总账必读路由与刷新规则.md,否,2,2,/Users/yu/Documents/Codex/coex项目总库/10-19_四项目工程域/11_P01_数字生命_DL/00_域门/来源路径保留/2026-06-03/notion-3-crv/outputs/数字生命总账工程/04_总账必读路由与刷新规则.md,P0,否,旧路径失联；改用 recommended_coex_path 或把入口改成旧路径/Coex现址双列。,/Users/yu/Documents/Codex/coex项目总库/10-19_四项目工程域/11_P01_数字生命_DL/00_域门/来源路径保留/2026-06-03/notion-3-crv/outputs/数字生命总账工程/00_数字生命工程首页.md；/Users/yu/Documents/Codex/coex项目总库/10-19_四项目工程域/11_P01_数字生命_DL/00_域门/来源路径保留/2026-06-03/notion-3-crv/outputs/数字生命总账工程/02_机器续接摘要.json
DL-REF-0007,/Users/yu/Documents/Codex/2026-06-03/notion-3-crv/outputs/数字生命总账工程/05_总账刷新日志.csv,否,1,2,/Users/yu/Documents/Codex/coex项目总库/10-19_四项目工程域/11_P01_数字生命_DL/00_域门/来源路径保留/2026-06-03/notion-3-crv/outputs/数字生命总账工程/05_总账刷新日志.csv,P0,否,旧路径失联；改用 recommended_coex_path 或把入口改成旧路径/Coex现址双列。,/Users/yu/Documents/Codex/coex项目总库/10-19_四项目工程域/11_P01_数字生命_DL/00_域门/来源路径保留/2026-06-03/notion-3-crv/outputs/数字生命总账工程/00_数字生命工程首页.md
DL-REF-0008,/Users/yu/Documents/Codex/2026-06-03/notion-3-crv/outputs/数字生命总账工程/06_下一步工程任务清单.md,否,1,2,/Users/yu/Documents/Codex/coex项目总库/10-19_四项目工程域/11_P01_数字生命_DL/00_域门/来源路径保留/2026-06-03/notion-3-crv/outputs/数字生命总账工程/06_下一步工程任务清单.md,P0,否,旧路径失联；改用 recommended_coex_path 或把入口改成旧路径/Coex现址双列。,/Users/yu/Documents/Codex/coex项目总库/10-19_四项目工程域/11_P01_数字生命_DL/00_域门/来源路径保留/2026-06-03/notion-3-crv/outputs/数字生命总账工程/00_数字生命工程首页.md
DL-REF-0009,/Users/yu/Documents/Codex/2026-06-03/notion-3-crv/outputs/数字生命总账工程/07_母本层与本地计算层差异说明.md,否,1,2,/Users/yu/Documents/Codex/coex项目总库/10-19_四项目工程域/11_P01_数字生命_DL/00_域门/来源路径保留/2026-06-03/notion-3-crv/outputs/数字生命总账工程/07_母本层与本地计算层差异说明.md,P0,否,旧路径失联；改用 recommended_coex_path 或把入口改成旧路径/Coex现址双列。,/Users/yu/Documents/Codex/coex项目总库/10-19_四项目工程域/11_P01_数字生命_DL/00_域门/来源路径保留/2026-06-03/notion-3-crv/outputs/数字生命总账工程/00_数字生命工程首页.md
DL-REF-0010,/Users/yu/Documents/Codex/2026-06-03/notion-3-crv/outputs/数字生命总账工程/08_库群结构扫描报告.md,否,1,2,/Users/yu/Documents/Codex/coex项目总库/10-19_四项目工程域/11_P01_数字生命_DL/00_域门/来源路径保留/2026-06-03/notion-3-crv/outputs/数字生命总账工程/08_库群结构扫描报告.md,P0,否,旧路径失联；改用 recommended_coex_path 或把入口改成旧路径/Coex现址双列。,/Users/yu/Documents/Codex/coex项目总库/10-19_四项目工程域/11_P01_数字生命_DL/00_域门/来源路径保留/2026-06-03/notion-3-crv/outputs/数字生命总账工程/00_数字生命工程首页.md
DL-REF-0011,/Users/yu/Documents/Codex/2026-06-03/notion-3-crv/outputs/数字生命总账工程/09_工作流与安全边界.md,否,1,2,/Users/yu/Documents/Codex/coex项目总库/10-19_四项目工程域/11_P01_数字生命_DL/00_域门/来源路径保留/2026-06-03/notion-3-crv/outputs/数字生命总账工程/09_工作流与安全边界.md,P0,否,旧路径失联；改用 recommended_coex_path 或把入口改成旧路径/Coex现址双列。,/Users/yu/Documents/Codex/coex项目总库/10-19_四项目工程域/11_P01_数字生命_DL/00_域门/来源路径保留/2026-06-03/notion-3-crv/outputs/数字生命总账工程/00_数字生命工程首页.md
DL-REF-0012,/Users/yu/Documents/Codex/2026-06-03/notion-3-crv/outputs/数字生命总账工程/10_开工放行说明.md,否,1,2,/Users/yu/Documents/Codex/coex项目总库/10-19_四项目工程域/11_P01_数字生命_DL/00_域门/来源路径保留/2026-06-03/notion-3-crv/outputs/数字生命总账工程/10_开工放行说明.md,P0,否,旧路径失联；改用 recommended_coex_path 或把入口改成旧路径/Coex现址双列。,/Users/yu/Documents/Codex/coex项目总库/10-19_四项目工程域/11_P01_数字生命_DL/00_域门/来源路径保留/2026-06-03/notion-3-crv/outputs/数字生命总账工程/00_数字生命工程首页.md
DL-REF-0013,/Users/yu/Documents/Codex/2026-06-03/notion-3-crv/outputs/数字生命总账工程/11_总账生成清单.json,否,1,2,/Users/yu/Documents/Codex/coex项目总库/10-19_四项目工程域/11_P01_数字生命_DL/00_域门/来源路径保留/2026-06-03/notion-3-crv/outputs/数字生命总账工程/11_总账生成清单.json,P0,否,旧路径失联；改用 recommended_coex_path 或把入口改成旧路径/Coex现址双列。,/Users/yu/Documents/Codex/coex项目总库/10-19_四项目工程域/11_P01_数字生命_DL/00_域门/来源路径保留/2026-06-03/notion-3-crv/outputs/数字生命总账工程/00_数字生命工程首页.md
DL-REF-0014,/Users/yu/Documents/Codex/2026-06-03/notion-3-crv/outputs/数字生命总账工程/12_排除规则与旁支核对报告.md,否,2,2,/Users/yu/Documents/Codex/coex项目总库/10-19_四项目工程域/11_P01_数字生命_DL/00_域门/来源路径保留/2026-06-03/notion-3-crv/outputs/数字生命总账工程/12_排除规则与旁支核对报告.md,P0,否,旧路径失联；改用 recommended_coex_path 或把入口改成旧路径/Coex现址双列。,/Users/yu/Documents/Codex/coex项目总库/10-19_四项目工程域/11_P01_数字生命_DL/00_域门/来源路径保留/2026-06-03/notion-3-crv/outputs/数字生命总账工程/00_数字生命工程首页.md；/Users/yu/Documents/Codex/coex项目总库/10-19_四项目工程域/11_P01_数字生命_DL/00_域门/来源路径保留/数字生命工程入口.md
DL-REF-0015,/Users/yu/Documents/Codex/2026-06-03/notion-3-crv/outputs/数字生命总账工程/13_排除文件清单.csv,否,1,2,/Users/yu/Documents/Codex/coex项目总库/10-19_四项目工程域/11_P01_数字生命_DL/00_域门/来源路径保留/2026-06-03/notion-3-crv/outputs/数字生命总账工程/13_排除文件清单.csv,P0,否,旧路径失联；改用 recommended_coex_path 或把入口改成旧路径/Coex现址双列。,/Users/yu/Documents/Codex/coex项目总库/10-19_四项目工程域/11_P01_数字生命_DL/00_域门/来源路径保留/2026-06-03/notion-3-crv/outputs/数字生命总账工程/00_数字生命工程首页.md
DL-REF-0016,/Users/yu/Documents/Codex/2026-06-03/notion-3-crv/outputs/数字生命总账工程/14_全局入口接入报告.md,否,1,2,/Users/yu/Documents/Codex/coex项目总库/10-19_四项目工程域/11_P01_数字生命_DL/00_域门/来源路径保留/2026-06-03/notion-3-crv/outputs/数字生命总账工程/14_全局入口接入报告.md,P0,否,旧路径失联；改用 recommended_coex_path 或把入口改成旧路径/Coex现址双列。,/Users/yu/Documents/Codex/coex项目总库/10-19_四项目工程域/11_P01_数字生命_DL/00_域门/来源路径保留/2026-06-03/notion-3-crv/outputs/数字生命总账工程/00_数字生命工程首页.md
DL-REF-0017,/Users/yu/Documents/Codex/2026-06-03/notion-3-crv/outputs/数字生命总账工程/15_总账层封口放行单.md,否,1,2,/Users/yu/Documents/Codex/coex项目总库/10-19_四项目工程域/11_P01_数字生命_DL/00_域门/来源路径保留/2026-06-03/notion-3-crv/outputs/数字生命总账工程/15_总账层封口放行单.md,P0,否,旧路径失联；改用 recommended_coex_path 或把入口改成旧路径/Coex现址双列。,/Users/yu/Documents/Codex/coex项目总库/10-19_四项目工程域/11_P01_数字生命_DL/00_域门/来源路径保留/2026-06-03/notion-3-crv/outputs/数字生命总账工程/00_数字生命工程首页.md
DL-REF-0018,/Users/yu/Documents/Codex/2026-06-03/notion-3-crv/outputs/数字生命总账工程/16_总账层最终体检报告.md,否,1,0,,P2,否,旧路径失联且未在 Coex 找到直接镜像；列入人工复核。,/Users/yu/Documents/Codex/coex项目总库/10-19_四项目工程域/11_P01_数字生命_DL/00_域门/来源路径保留/2026-06-03/notion-3-crv/outputs/数字生命总账工程/00_数字生命工程首页.md
DL-REF-0019,/Users/yu/Documents/Codex/2026-06-03/notion-3-crv/outputs/数字生命总账工程/17_主库快照一致性预检报告.md,否,1,2,/Users/yu/Documents/Codex/coex项目总库/10-19_四项目工程域/11_P01_数字生命_DL/00_域门/来源路径保留/2026-06-03/notion-3-crv/outputs/数字生命总账工程/17_主库快照一致性预检报告.md,P0,否,旧路径失联；改用 recommended_coex_path 或把入口改成旧路径/Coex现址双列。,/Users/yu/Documents/Codex/coex项目总库/10-19_四项目工程域/11_P01_数字生命_DL/00_域门/来源路径保留/2026-06-03/notion-3-crv/outputs/数字生命总账工程/00_数字生命工程首页.md
DL-REF-0020,/Users/yu/Documents/Codex/2026-06-03/notion-3-crv/outputs/数字生命总账工程/18_触发词操作卡.md,否,1,2,/Users/yu/Documents/Codex/coex项目总库/10-19_四项目工程域/11_P01_数字生命_DL/00_域门/来源路径保留/2026-06-03/notion-3-crv/outputs/数字生命总账工程/18_触发词操作卡.md,P0,否,旧路径失联；改用 recommended_coex_path 或把入口改成旧路径/Coex现址双列。,/Users/yu/Documents/Codex/coex项目总库/10-19_四项目工程域/11_P01_数字生命_DL/00_域门/来源路径保留/2026-06-03/notion-3-crv/outputs/数字生命总账工程/00_数字生命工程首页.md
DL-REF-0021,/Users/yu/Documents/Codex/2026-06-03/notion-3-crv/outputs/数字生命总账工程/19_长线连续推进计划.md,否,1,2,/Users/yu/Documents/Codex/coex项目总库/10-19_四项目工程域/11_P01_数字生命_DL/00_域门/来源路径保留/2026-06-03/notion-3-crv/outputs/数字生命总账工程/19_长线连续推进计划.md,P0,否,旧路径失联；改用 recommended_coex_path 或把入口改成旧路径/Coex现址双列。,/Users/yu/Documents/Codex/coex项目总库/10-19_四项目工程域/11_P01_数字生命_DL/00_域门/来源路径保留/2026-06-03/notion-3-crv/outputs/数字生命总账工程/00_数字生命工程首页.md
DL-REF-0022,/Users/yu/Documents/Codex/2026-06-03/notion-3-crv/outputs/数字生命总账工程/20_P0三方一致性深度体检报告.md,否,1,0,,P2,否,旧路径失联且未在 Coex 找到直接镜像；列入人工复核。,/Users/yu/Documents/Codex/coex项目总库/10-19_四项目工程域/11_P01_数字生命_DL/00_域门/来源路径保留/2026-06-03/notion-3-crv/outputs/数字生命总账工程/00_数字生命工程首页.md
DL-REF-0023,/Users/yu/Documents/Codex/2026-06-03/notion-3-crv/outputs/数字生命总账工程/21_CSV主库一致性明细表.csv,否,1,2,/Users/yu/Documents/Codex/coex项目总库/10-19_四项目工程域/11_P01_数字生命_DL/00_域门/来源路径保留/2026-06-03/notion-3-crv/outputs/数字生命总账工程/21_CSV主库一致性明细表.csv,P0,否,旧路径失联；改用 recommended_coex_path 或把入口改成旧路径/Coex现址双列。,/Users/yu/Documents/Codex/coex项目总库/10-19_四项目工程域/11_P01_数字生命_DL/00_域门/来源路径保留/2026-06-03/notion-3-crv/outputs/数字生命总账工程/00_数字生命工程首页.md
DL-REF-0024,/Users/yu/Documents/Codex/2026-06-03/notion-3-crv/outputs/数字生命总账工程/22_数据源裁定表.csv,否,1,2,/Users/yu/Documents/Codex/coex项目总库/10-19_四项目工程域/11_P01_数字生命_DL/00_域门/来源路径保留/2026-06-03/notion-3-crv/outputs/数字生命总账工程/22_数据源裁定表.csv,P0,否,旧路径失联；改用 recommended_coex_path 或把入口改成旧路径/Coex现址双列。,/Users/yu/Documents/Codex/coex项目总库/10-19_四项目工程域/11_P01_数字生命_DL/00_域门/来源路径保留/2026-06-03/notion-3-crv/outputs/数字生命总账工程/00_数字生命工程首页.md
DL-REF-0025,/Users/yu/Documents/Codex/2026-06-03/notion-3-crv/outputs/数字生命总账工程/23_清风日志入库链路体检.md,否,1,2,/Users/yu/Documents/Codex/coex项目总库/10-19_四项目工程域/11_P01_数字生命_DL/00_域门/来源路径保留/2026-06-03/notion-3-crv/outputs/数字生命总账工程/23_清风日志入库链路体检.md,P0,否,旧路径失联；改用 recommended_coex_path 或把入口改成旧路径/Coex现址双列。,/Users/yu/Documents/Codex/coex项目总库/10-19_四项目工程域/11_P01_数字生命_DL/00_域门/来源路径保留/2026-06-03/notion-3-crv/outputs/数字生命总账工程/00_数字生命工程首页.md
DL-REF-0026,/Users/yu/Documents/Codex/2026-06-03/notion-3-crv/outputs/数字生命总账工程/24_双域分流固化规则.md,否,1,2,/Users/yu/Documents/Codex/coex项目总库/10-19_四项目工程域/11_P01_数字生命_DL/00_域门/来源路径保留/2026-06-03/notion-3-crv/outputs/数字生命总账工程/24_双域分流固化规则.md,P0,否,旧路径失联；改用 recommended_coex_path 或把入口改成旧路径/Coex现址双列。,/Users/yu/Documents/Codex/coex项目总库/10-19_四项目工程域/11_P01_数字生命_DL/00_域门/来源路径保留/2026-06-03/notion-3-crv/outputs/数字生命总账工程/00_数字生命工程首页.md
DL-REF-0027,/Users/yu/Documents/Codex/2026-06-03/notion-3-crv/outputs/数字生命总账工程/25_P0深度体检摘要.json,否,1,2,/Users/yu/Documents/Codex/coex项目总库/10-19_四项目工程域/11_P01_数字生命_DL/00_域门/来源路径保留/2026-06-03/notion-3-crv/outputs/数字生命总账工程/25_P0深度体检摘要.json,P0,否,旧路径失联；改用 recommended_coex_path 或把入口改成旧路径/Coex现址双列。,/Users/yu/Documents/Codex/coex项目总库/10-19_四项目工程域/11_P01_数字生命_DL/00_域门/来源路径保留/2026-06-03/notion-3-crv/outputs/数字生命总账工程/00_数字生命工程首页.md
DL-REF-0028,/Users/yu/Documents/Codex/2026-06-03/notion-3-crv/outputs/数字生命总账工程/26_P1查询过滤护栏报告.md,否,1,2,/Users/yu/Documents/Codex/coex项目总库/10-19_四项目工程域/11_P01_数字生命_DL/00_域门/来源路径保留/2026-06-03/notion-3-crv/outputs/数字生命总账工程/26_P1查询过滤护栏报告.md,P0,否,旧路径失联；改用 recommended_coex_path 或把入口改成旧路径/Coex现址双列。,/Users/yu/Documents/Codex/coex项目总库/10-19_四项目工程域/11_P01_数字生命_DL/00_域门/来源路径保留/2026-06-03/notion-3-crv/outputs/数字生命总账工程/00_数字生命工程首页.md
DL-REF-0029,/Users/yu/Documents/Codex/2026-06-03/notion-3-crv/outputs/数字生命总账工程/27_查询过滤规则.json,否,1,2,/Users/yu/Documents/Codex/coex项目总库/10-19_四项目工程域/11_P01_数字生命_DL/00_域门/来源路径保留/2026-06-03/notion-3-crv/outputs/数字生命总账工程/27_查询过滤规则.json,P0,否,旧路径失联；改用 recommended_coex_path 或把入口改成旧路径/Coex现址双列。,/Users/yu/Documents/Codex/coex项目总库/10-19_四项目工程域/11_P01_数字生命_DL/00_域门/来源路径保留/2026-06-03/notion-3-crv/outputs/数字生命总账工程/00_数字生命工程首页.md
DL-REF-0030,/Users/yu/Documents/Codex/2026-06-03/notion-3-crv/outputs/数字生命总账工程/28_查询过滤样例.csv,否,1,2,/Users/yu/Documents/Codex/coex项目总库/10-19_四项目工程域/11_P01_数字生命_DL/00_域门/来源路径保留/2026-06-03/notion-3-crv/outputs/数字生命总账工程/28_查询过滤样例.csv,P0,否,旧路径失联；改用 recommended_coex_path 或把入口改成旧路径/Coex现址双列。,/Users/yu/Documents/Codex/coex项目总库/10-19_四项目工程域/11_P01_数字生命_DL/00_域门/来源路径保留/2026-06-03/notion-3-crv/outputs/数字生命总账工程/00_数字生命工程首页.md
DL-REF-0031,/Users/yu/Documents/Codex/2026-06-03/notion-3-crv/outputs/数字生命总账工程/29_清风日志日常入口卡.md,否,1,2,/Users/yu/Documents/Codex/coex项目总库/10-19_四项目工程域/11_P01_数字生命_DL/00_域门/来源路径保留/2026-06-03/notion-3-crv/outputs/数字生命总账工程/29_清风日志日常入口卡.md,P0,否,旧路径失联；改用 recommended_coex_path 或把入口改成旧路径/Coex现址双列。,/Users/yu/Documents/Codex/coex项目总库/10-19_四项目工程域/11_P01_数字生命_DL/00_域门/来源路径保留/2026-06-03/notion-3-crv/outputs/数字生命总账工程/00_数字生命工程首页.md
DL-REF-0032,/Users/yu/Documents/Codex/2026-06-03/notion-3-crv/outputs/数字生命总账工程/30_清风日志预检模板.csv,否,1,2,/Users/yu/Documents/Codex/coex项目总库/10-19_四项目工程域/11_P01_数字生命_DL/00_域门/来源路径保留/2026-06-03/notion-3-crv/outputs/数字生命总账工程/30_清风日志预检模板.csv,P0,否,旧路径失联；改用 recommended_coex_path 或把入口改成旧路径/Coex现址双列。,/Users/yu/Documents/Codex/coex项目总库/10-19_四项目工程域/11_P01_数字生命_DL/00_域门/来源路径保留/2026-06-03/notion-3-crv/outputs/数字生命总账工程/00_数字生命工程首页.md
DL-REF-0033,/Users/yu/Documents/Codex/2026-06-03/notion-3-crv/outputs/数字生命总账工程/31_P1推进摘要.json,否,1,2,/Users/yu/Documents/Codex/coex项目总库/10-19_四项目工程域/11_P01_数字生命_DL/00_域门/来源路径保留/2026-06-03/notion-3-crv/outputs/数字生命总账工程/31_P1推进摘要.json,P0,否,旧路径失联；改用 recommended_coex_path 或把入口改成旧路径/Coex现址双列。,/Users/yu/Documents/Codex/coex项目总库/10-19_四项目工程域/11_P01_数字生命_DL/00_域门/来源路径保留/2026-06-03/notion-3-crv/outputs/数字生命总账工程/00_数字生命工程首页.md
DL-REF-0034,/Users/yu/Documents/Codex/2026-06-03/notion-3-crv/outputs/数字生命总账工程/32_P2本地服务查询护栏接入报告.md,否,1,2,/Users/yu/Documents/Codex/coex项目总库/10-19_四项目工程域/11_P01_数字生命_DL/00_域门/来源路径保留/2026-06-03/notion-3-crv/outputs/数字生命总账工程/32_P2本地服务查询护栏接入报告.md,P0,否,旧路径失联；改用 recommended_coex_path 或把入口改成旧路径/Coex现址双列。,/Users/yu/Documents/Codex/coex项目总库/10-19_四项目工程域/11_P01_数字生命_DL/00_域门/来源路径保留/2026-06-03/notion-3-crv/outputs/数字生命总账工程/00_数字生命工程首页.md
DL-REF-0035,/Users/yu/Documents/Codex/2026-06-03/notion-3-crv/outputs/数字生命总账工程/33_P2本地服务护栏验证表.csv,否,1,2,/Users/yu/Documents/Codex/coex项目总库/10-19_四项目工程域/11_P01_数字生命_DL/00_域门/来源路径保留/2026-06-03/notion-3-crv/outputs/数字生命总账工程/33_P2本地服务护栏验证表.csv,P0,否,旧路径失联；改用 recommended_coex_path 或把入口改成旧路径/Coex现址双列。,/Users/yu/Documents/Codex/coex项目总库/10-19_四项目工程域/11_P01_数字生命_DL/00_域门/来源路径保留/2026-06-03/notion-3-crv/outputs/数字生命总账工程/00_数字生命工程首页.md
DL-REF-0036,/Users/yu/Documents/Codex/2026-06-03/notion-3-crv/outputs/数字生命总账工程/34_P2服务护栏摘要.json,否,1,2,/Users/yu/Documents/Codex/coex项目总库/10-19_四项目工程域/11_P01_数字生命_DL/00_域门/来源路径保留/2026-06-03/notion-3-crv/outputs/数字生命总账工程/34_P2服务护栏摘要.json,P0,否,旧路径失联；改用 recommended_coex_path 或把入口改成旧路径/Coex现址双列。,/Users/yu/Documents/Codex/coex项目总库/10-19_四项目工程域/11_P01_数字生命_DL/00_域门/来源路径保留/2026-06-03/notion-3-crv/outputs/数字生命总账工程/00_数字生命工程首页.md
DL-REF-0037,/Users/yu/Documents/Codex/2026-06-03/notion-3-crv/outputs/数字生命总账工程/35_P3清风日志入口链路验收报告.md,否,1,2,/Users/yu/Documents/Codex/coex项目总库/10-19_四项目工程域/11_P01_数字生命_DL/00_域门/来源路径保留/2026-06-03/notion-3-crv/outputs/数字生命总账工程/35_P3清风日志入口链路验收报告.md,P0,否,旧路径失联；改用 recommended_coex_path 或把入口改成旧路径/Coex现址双列。,/Users/yu/Documents/Codex/coex项目总库/10-19_四项目工程域/11_P01_数字生命_DL/00_域门/来源路径保留/2026-06-03/notion-3-crv/outputs/数字生命总账工程/00_数字生命工程首页.md
DL-REF-0038,/Users/yu/Documents/Codex/2026-06-03/notion-3-crv/outputs/数字生命总账工程/36_P3清风日志入口链路验证表.csv,否,1,2,/Users/yu/Documents/Codex/coex项目总库/10-19_四项目工程域/11_P01_数字生命_DL/00_域门/来源路径保留/2026-06-03/notion-3-crv/outputs/数字生命总账工程/36_P3清风日志入口链路验证表.csv,P0,否,旧路径失联；改用 recommended_coex_path 或把入口改成旧路径/Coex现址双列。,/Users/yu/Documents/Codex/coex项目总库/10-19_四项目工程域/11_P01_数字生命_DL/00_域门/来源路径保留/2026-06-03/notion-3-crv/outputs/数字生命总账工程/00_数字生命工程首页.md
DL-REF-0039,/Users/yu/Documents/Codex/2026-06-03/notion-3-crv/outputs/数字生命总账工程/37_P3清风日志入口样例预检摘要.json,否,1,2,/Users/yu/Documents/Codex/coex项目总库/10-19_四项目工程域/11_P01_数字生命_DL/00_域门/来源路径保留/2026-06-03/notion-3-crv/outputs/数字生命总账工程/37_P3清风日志入口样例预检摘要.json,P0,否,旧路径失联；改用 recommended_coex_path 或把入口改成旧路径/Coex现址双列。,/Users/yu/Documents/Codex/coex项目总库/10-19_四项目工程域/11_P01_数字生命_DL/00_域门/来源路径保留/2026-06-03/notion-3-crv/outputs/数字生命总账工程/00_数字生命工程首页.md
DL-REF-0040,/Users/yu/Documents/Codex/2026-06-03/notion-3-crv/outputs/数字生命总账工程/38_清风日志入口操作短卡.md,否,1,2,/Users/yu/Documents/Codex/coex项目总库/10-19_四项目工程域/11_P01_数字生命_DL/00_域门/来源路径保留/2026-06-03/notion-3-crv/outputs/数字生命总账工程/38_清风日志入口操作短卡.md,P0,否,旧路径失联；改用 recommended_coex_path 或把入口改成旧路径/Coex现址双列。,/Users/yu/Documents/Codex/coex项目总库/10-19_四项目工程域/11_P01_数字生命_DL/00_域门/来源路径保留/2026-06-03/notion-3-crv/outputs/数字生命总账工程/00_数字生命工程首页.md
DL-REF-0041,/Users/yu/Documents/Codex/2026-06-03/notion-3-crv/outputs/数字生命总账工程/39_P4日常触发词总入口.md,否,2,2,/Users/yu/Documents/Codex/coex项目总库/10-19_四项目工程域/11_P01_数字生命_DL/00_域门/来源路径保留/2026-06-03/notion-3-crv/outputs/数字生命总账工程/39_P4日常触发词总入口.md,P0,否,旧路径失联；改用 recommended_coex_path 或把入口改成旧路径/Coex现址双列。,/Users/yu/Documents/Codex/coex项目总库/10-19_四项目工程域/11_P01_数字生命_DL/00_域门/来源路径保留/2026-06-03/notion-3-crv/outputs/数字生命总账工程/00_数字生命工程首页.md；/Users/yu/Documents/Codex/coex项目总库/10-19_四项目工程域/11_P01_数字生命_DL/00_域门/来源路径保留/数字生命工程入口.md
DL-REF-0042,/Users/yu/Documents/Codex/2026-06-03/notion-3-crv/outputs/数字生命总账工程/40_P4触发词路由表.csv,否,1,2,/Users/yu/Documents/Codex/coex项目总库/10-19_四项目工程域/11_P01_数字生命_DL/00_域门/来源路径保留/2026-06-03/notion-3-crv/outputs/数字生命总账工程/40_P4触发词路由表.csv,P0,否,旧路径失联；改用 recommended_coex_path 或把入口改成旧路径/Coex现址双列。,/Users/yu/Documents/Codex/coex项目总库/10-19_四项目工程域/11_P01_数字生命_DL/00_域门/来源路径保留/2026-06-03/notion-3-crv/outputs/数字生命总账工程/00_数字生命工程首页.md
DL-REF-0043,/Users/yu/Documents/Codex/2026-06-03/notion-3-crv/outputs/数字生命总账工程/41_断线续接与收工刷新规则.md,否,1,2,/Users/yu/Documents/Codex/coex项目总库/10-19_四项目工程域/11_P01_数字生命_DL/00_域门/来源路径保留/2026-06-03/notion-3-crv/outputs/数字生命总账工程/41_断线续接与收工刷新规则.md,P0,否,旧路径失联；改用 recommended_coex_path 或把入口改成旧路径/Coex现址双列。,/Users/yu/Documents/Codex/coex项目总库/10-19_四项目工程域/11_P01_数字生命_DL/00_域门/来源路径保留/2026-06-03/notion-3-crv/outputs/数字生命总账工程/00_数字生命工程首页.md
DL-REF-0044,/Users/yu/Documents/Codex/2026-06-03/notion-3-crv/outputs/数字生命总账工程/42_用户日常操作短卡.md,否,2,2,/Users/yu/Documents/Codex/coex项目总库/10-19_四项目工程域/11_P01_数字生命_DL/00_域门/来源路径保留/2026-06-03/notion-3-crv/outputs/数字生命总账工程/42_用户日常操作短卡.md,P0,否,旧路径失联；改用 recommended_coex_path 或把入口改成旧路径/Coex现址双列。,/Users/yu/Documents/Codex/coex项目总库/10-19_四项目工程域/11_P01_数字生命_DL/00_域门/来源路径保留/2026-06-03/notion-3-crv/outputs/数字生命总账工程/00_数字生命工程首页.md；/Users/yu/Documents/Codex/coex项目总库/10-19_四项目工程域/11_P01_数字生命_DL/00_域门/来源路径保留/数字生命工程入口.md
DL-REF-0045,/Users/yu/Documents/Codex/2026-06-03/notion-3-crv/outputs/数字生命总账工程/43_P4触发词验收摘要.json,否,1,2,/Users/yu/Documents/Codex/coex项目总库/10-19_四项目工程域/11_P01_数字生命_DL/00_域门/来源路径保留/2026-06-03/notion-3-crv/outputs/数字生命总账工程/43_P4触发词验收摘要.json,P0,否,旧路径失联；改用 recommended_coex_path 或把入口改成旧路径/Coex现址双列。,/Users/yu/Documents/Codex/coex项目总库/10-19_四项目工程域/11_P01_数字生命_DL/00_域门/来源路径保留/2026-06-03/notion-3-crv/outputs/数字生命总账工程/00_数字生命工程首页.md
DL-REF-0046,/Users/yu/Documents/Codex/2026-06-03/notion-3-crv/outputs/数字生命总账工程/44_P5触发词执行器说明.md,否,2,2,/Users/yu/Documents/Codex/coex项目总库/10-19_四项目工程域/11_P01_数字生命_DL/00_域门/来源路径保留/2026-06-03/notion-3-crv/outputs/数字生命总账工程/44_P5触发词执行器说明.md,P0,否,旧路径失联；改用 recommended_coex_path 或把入口改成旧路径/Coex现址双列。,/Users/yu/Documents/Codex/coex项目总库/10-19_四项目工程域/11_P01_数字生命_DL/00_域门/来源路径保留/2026-06-03/notion-3-crv/outputs/数字生命总账工程/00_数字生命工程首页.md；/Users/yu/Documents/Codex/coex项目总库/10-19_四项目工程域/11_P01_数字生命_DL/00_域门/来源路径保留/数字生命工程入口.md
DL-REF-0047,/Users/yu/Documents/Codex/2026-06-03/notion-3-crv/outputs/数字生命总账工程/45_P5收工刷新执行回执.md,否,2,2,/Users/yu/Documents/Codex/coex项目总库/10-19_四项目工程域/11_P01_数字生命_DL/00_域门/来源路径保留/2026-06-03/notion-3-crv/outputs/数字生命总账工程/45_P5收工刷新执行回执.md,P0,否,旧路径失联；改用 recommended_coex_path 或把入口改成旧路径/Coex现址双列。,/Users/yu/Documents/Codex/coex项目总库/10-19_四项目工程域/11_P01_数字生命_DL/00_域门/来源路径保留/2026-06-03/notion-3-crv/outputs/数字生命总账工程/00_数字生命工程首页.md；/Users/yu/Documents/Codex/coex项目总库/10-19_四项目工程域/11_P01_数字生命_DL/00_域门/来源路径保留/数字生命工程入口.md
DL-REF-0048,/Users/yu/Documents/Codex/2026-06-03/notion-3-crv/outputs/数字生命总账工程/46_P5收工刷新执行清单.json,否,1,2,/Users/yu/Documents/Codex/coex项目总库/10-19_四项目工程域/11_P01_数字生命_DL/00_域门/来源路径保留/2026-06-03/notion-3-crv/outputs/数字生命总账工程/46_P5收工刷新执行清单.json,P0,否,旧路径失联；改用 recommended_coex_path 或把入口改成旧路径/Coex现址双列。,/Users/yu/Documents/Codex/coex项目总库/10-19_四项目工程域/11_P01_数字生命_DL/00_域门/来源路径保留/2026-06-03/notion-3-crv/outputs/数字生命总账工程/00_数字生命工程首页.md
DL-REF-0049,/Users/yu/Documents/Codex/2026-06-03/notion-3-crv/outputs/数字生命总账工程/47_P5触发词执行日志.csv,否,1,2,/Users/yu/Documents/Codex/coex项目总库/10-19_四项目工程域/11_P01_数字生命_DL/00_域门/来源路径保留/2026-06-03/notion-3-crv/outputs/数字生命总账工程/47_P5触发词执行日志.csv,P0,否,旧路径失联；改用 recommended_coex_path 或把入口改成旧路径/Coex现址双列。,/Users/yu/Documents/Codex/coex项目总库/10-19_四项目工程域/11_P01_数字生命_DL/00_域门/来源路径保留/2026-06-03/notion-3-crv/outputs/数字生命总账工程/00_数字生命工程首页.md
DL-REF-0050,/Users/yu/Documents/Codex/2026-06-03/notion-3-crv/outputs/数字生命总账工程/48_P5下次开工接续卡.md,否,2,2,/Users/yu/Documents/Codex/coex项目总库/10-19_四项目工程域/11_P01_数字生命_DL/00_域门/来源路径保留/2026-06-03/notion-3-crv/outputs/数字生命总账工程/48_P5下次开工接续卡.md,P0,否,旧路径失联；改用 recommended_coex_path 或把入口改成旧路径/Coex现址双列。,/Users/yu/Documents/Codex/coex项目总库/10-19_四项目工程域/11_P01_数字生命_DL/00_域门/来源路径保留/2026-06-03/notion-3-crv/outputs/数字生命总账工程/00_数字生命工程首页.md；/Users/yu/Documents/Codex/coex项目总库/10-19_四项目工程域/11_P01_数字生命_DL/00_域门/来源路径保留/数字生命工程入口.md
DL-REF-0051,/Users/yu/Documents/Codex/2026-06-03/notion-3-crv/outputs/数字生命总账工程/49_P6桌面入口收工触发接入报告.md,否,2,2,/Users/yu/Documents/Codex/coex项目总库/10-19_四项目工程域/11_P01_数字生命_DL/00_域门/来源路径保留/2026-06-03/notion-3-crv/outputs/数字生命总账工程/49_P6桌面入口收工触发接入报告.md,P0,否,旧路径失联；改用 recommended_coex_path 或把入口改成旧路径/Coex现址双列。,/Users/yu/Documents/Codex/coex项目总库/10-19_四项目工程域/11_P01_数字生命_DL/00_域门/来源路径保留/2026-06-03/notion-3-crv/outputs/数字生命总账工程/00_数字生命工程首页.md；/Users/yu/Documents/Codex/coex项目总库/10-19_四项目工程域/11_P01_数字生命_DL/00_域门/来源路径保留/数字生命工程入口.md
DL-REF-0052,/Users/yu/Documents/Codex/2026-06-03/notion-3-crv/outputs/数字生命总账工程/50_P6桌面入口收工触发验证表.csv,否,1,2,/Users/yu/Documents/Codex/coex项目总库/10-19_四项目工程域/11_P01_数字生命_DL/00_域门/来源路径保留/2026-06-03/notion-3-crv/outputs/数字生命总账工程/50_P6桌面入口收工触发验证表.csv,P0,否,旧路径失联；改用 recommended_coex_path 或把入口改成旧路径/Coex现址双列。,/Users/yu/Documents/Codex/coex项目总库/10-19_四项目工程域/11_P01_数字生命_DL/00_域门/来源路径保留/2026-06-03/notion-3-crv/outputs/数字生命总账工程/00_数字生命工程首页.md
DL-REF-0053,/Users/yu/Documents/Codex/2026-06-03/notion-3-crv/outputs/数字生命总账工程/51_P6桌面入口收工触发摘要.json,否,1,2,/Users/yu/Documents/Codex/coex项目总库/10-19_四项目工程域/11_P01_数字生命_DL/00_域门/来源路径保留/2026-06-03/notion-3-crv/outputs/数字生命总账工程/51_P6桌面入口收工触发摘要.json,P0,否,旧路径失联；改用 recommended_coex_path 或把入口改成旧路径/Coex现址双列。,/Users/yu/Documents/Codex/coex项目总库/10-19_四项目工程域/11_P01_数字生命_DL/00_域门/来源路径保留/2026-06-03/notion-3-crv/outputs/数字生命总账工程/00_数字生命工程首页.md
DL-REF-0054,/Users/yu/Documents/Codex/2026-06-03/notion-3-crv/outputs/数字生命总账工程/52_P6桌面入口用户提示卡.md,否,2,2,/Users/yu/Documents/Codex/coex项目总库/10-19_四项目工程域/11_P01_数字生命_DL/00_域门/来源路径保留/2026-06-03/notion-3-crv/outputs/数字生命总账工程/52_P6桌面入口用户提示卡.md,P0,否,旧路径失联；改用 recommended_coex_path 或把入口改成旧路径/Coex现址双列。,/Users/yu/Documents/Codex/coex项目总库/10-19_四项目工程域/11_P01_数字生命_DL/00_域门/来源路径保留/2026-06-03/notion-3-crv/outputs/数字生命总账工程/00_数字生命工程首页.md；/Users/yu/Documents/Codex/coex项目总库/10-19_四项目工程域/11_P01_数字生命_DL/00_域门/来源路径保留/数字生命工程入口.md
DL-REF-0055,/Users/yu/Documents/Codex/2026-06-03/notion-3-crv/outputs/数字生命总账工程/53_P7桌面快捷触发入口接入报告.md,否,2,2,/Users/yu/Documents/Codex/coex项目总库/10-19_四项目工程域/11_P01_数字生命_DL/00_域门/来源路径保留/2026-06-03/notion-3-crv/outputs/数字生命总账工程/53_P7桌面快捷触发入口接入报告.md,P0,否,旧路径失联；改用 recommended_coex_path 或把入口改成旧路径/Coex现址双列。,/Users/yu/Documents/Codex/coex项目总库/10-19_四项目工程域/11_P01_数字生命_DL/00_域门/来源路径保留/2026-06-03/notion-3-crv/outputs/数字生命总账工程/00_数字生命工程首页.md；/Users/yu/Documents/Codex/coex项目总库/10-19_四项目工程域/11_P01_数字生命_DL/00_域门/来源路径保留/数字生命工程入口.md
DL-REF-0056,/Users/yu/Documents/Codex/2026-06-03/notion-3-crv/outputs/数字生命总账工程/54_P7桌面快捷触发验证表.csv,否,1,2,/Users/yu/Documents/Codex/coex项目总库/10-19_四项目工程域/11_P01_数字生命_DL/00_域门/来源路径保留/2026-06-03/notion-3-crv/outputs/数字生命总账工程/54_P7桌面快捷触发验证表.csv,P0,否,旧路径失联；改用 recommended_coex_path 或把入口改成旧路径/Coex现址双列。,/Users/yu/Documents/Codex/coex项目总库/10-19_四项目工程域/11_P01_数字生命_DL/00_域门/来源路径保留/2026-06-03/notion-3-crv/outputs/数字生命总账工程/00_数字生命工程首页.md
DL-REF-0057,/Users/yu/Documents/Codex/2026-06-03/notion-3-crv/outputs/数字生命总账工程/55_P7桌面快捷触发摘要.json,否,1,2,/Users/yu/Documents/Codex/coex项目总库/10-19_四项目工程域/11_P01_数字生命_DL/00_域门/来源路径保留/2026-06-03/notion-3-crv/outputs/数字生命总账工程/55_P7桌面快捷触发摘要.json,P0,否,旧路径失联；改用 recommended_coex_path 或把入口改成旧路径/Coex现址双列。,/Users/yu/Documents/Codex/coex项目总库/10-19_四项目工程域/11_P01_数字生命_DL/00_域门/来源路径保留/2026-06-03/notion-3-crv/outputs/数字生命总账工程/00_数字生命工程首页.md
DL-REF-0058,/Users/yu/Documents/Codex/2026-06-03/notion-3-crv/outputs/数字生命总账工程/56_P7桌面快捷触发用户提示卡.md,否,2,2,/Users/yu/Documents/Codex/coex项目总库/10-19_四项目工程域/11_P01_数字生命_DL/00_域门/来源路径保留/2026-06-03/notion-3-crv/outputs/数字生命总账工程/56_P7桌面快捷触发用户提示卡.md,P0,否,旧路径失联；改用 recommended_coex_path 或把入口改成旧路径/Coex现址双列。,/Users/yu/Documents/Codex/coex项目总库/10-19_四项目工程域/11_P01_数字生命_DL/00_域门/来源路径保留/2026-06-03/notion-3-crv/outputs/数字生命总账工程/00_数字生命工程首页.md；/Users/yu/Documents/Codex/coex项目总库/10-19_四项目工程域/11_P01_数字生命_DL/00_域门/来源路径保留/数字生命工程入口.md
DL-REF-0059,/Users/yu/Documents/Codex/2026-06-03/notion-3-crv/outputs/数字生命总账工程/57_P8收工刷新持久化回归报告.md,否,2,2,/Users/yu/Documents/Codex/coex项目总库/10-19_四项目工程域/11_P01_数字生命_DL/00_域门/来源路径保留/2026-06-03/notion-3-crv/outputs/数字生命总账工程/57_P8收工刷新持久化回归报告.md,P0,否,旧路径失联；改用 recommended_coex_path 或把入口改成旧路径/Coex现址双列。,/Users/yu/Documents/Codex/coex项目总库/10-19_四项目工程域/11_P01_数字生命_DL/00_域门/来源路径保留/2026-06-03/notion-3-crv/outputs/数字生命总账工程/00_数字生命工程首页.md；/Users/yu/Documents/Codex/coex项目总库/10-19_四项目工程域/11_P01_数字生命_DL/00_域门/来源路径保留/数字生命工程入口.md
DL-REF-0060,/Users/yu/Documents/Codex/2026-06-03/notion-3-crv/outputs/数字生命总账工程/58_P8收工刷新持久化验证表.csv,否,1,2,/Users/yu/Documents/Codex/coex项目总库/10-19_四项目工程域/11_P01_数字生命_DL/00_域门/来源路径保留/2026-06-03/notion-3-crv/outputs/数字生命总账工程/58_P8收工刷新持久化验证表.csv,P0,否,旧路径失联；改用 recommended_coex_path 或把入口改成旧路径/Coex现址双列。,/Users/yu/Documents/Codex/coex项目总库/10-19_四项目工程域/11_P01_数字生命_DL/00_域门/来源路径保留/2026-06-03/notion-3-crv/outputs/数字生命总账工程/00_数字生命工程首页.md
DL-REF-0061,/Users/yu/Documents/Codex/2026-06-03/notion-3-crv/outputs/数字生命总账工程/59_P8收工刷新持久化摘要.json,否,1,2,/Users/yu/Documents/Codex/coex项目总库/10-19_四项目工程域/11_P01_数字生命_DL/00_域门/来源路径保留/2026-06-03/notion-3-crv/outputs/数字生命总账工程/59_P8收工刷新持久化摘要.json,P0,否,旧路径失联；改用 recommended_coex_path 或把入口改成旧路径/Coex现址双列。,/Users/yu/Documents/Codex/coex项目总库/10-19_四项目工程域/11_P01_数字生命_DL/00_域门/来源路径保留/2026-06-03/notion-3-crv/outputs/数字生命总账工程/00_数字生命工程首页.md
DL-REF-0062,/Users/yu/Documents/Codex/2026-06-03/notion-3-crv/outputs/数字生命总账工程/60_P8收工刷新后入口保护说明.md,否,2,2,/Users/yu/Documents/Codex/coex项目总库/10-19_四项目工程域/11_P01_数字生命_DL/00_域门/来源路径保留/2026-06-03/notion-3-crv/outputs/数字生命总账工程/60_P8收工刷新后入口保护说明.md,P0,否,旧路径失联；改用 recommended_coex_path 或把入口改成旧路径/Coex现址双列。,/Users/yu/Documents/Codex/coex项目总库/10-19_四项目工程域/11_P01_数字生命_DL/00_域门/来源路径保留/2026-06-03/notion-3-crv/outputs/数字生命总账工程/00_数字生命工程首页.md；/Users/yu/Documents/Codex/coex项目总库/10-19_四项目工程域/11_P01_数字生命_DL/00_域门/来源路径保留/数字生命工程入口.md
DL-REF-0063,/Users/yu/Documents/Codex/2026-06-03/notion-3-crv/outputs/数字生命总账工程/61_P9日常入口端到端回归报告.md,否,2,2,/Users/yu/Documents/Codex/coex项目总库/10-19_四项目工程域/11_P01_数字生命_DL/00_域门/来源路径保留/2026-06-03/notion-3-crv/outputs/数字生命总账工程/61_P9日常入口端到端回归报告.md,P0,否,旧路径失联；改用 recommended_coex_path 或把入口改成旧路径/Coex现址双列。,/Users/yu/Documents/Codex/coex项目总库/10-19_四项目工程域/11_P01_数字生命_DL/00_域门/来源路径保留/2026-06-03/notion-3-crv/outputs/数字生命总账工程/00_数字生命工程首页.md；/Users/yu/Documents/Codex/coex项目总库/10-19_四项目工程域/11_P01_数字生命_DL/00_域门/来源路径保留/数字生命工程入口.md
DL-REF-0064,/Users/yu/Documents/Codex/2026-06-03/notion-3-crv/outputs/数字生命总账工程/62_P9日常入口端到端验证表.csv,否,1,2,/Users/yu/Documents/Codex/coex项目总库/10-19_四项目工程域/11_P01_数字生命_DL/00_域门/来源路径保留/2026-06-03/notion-3-crv/outputs/数字生命总账工程/62_P9日常入口端到端验证表.csv,P0,否,旧路径失联；改用 recommended_coex_path 或把入口改成旧路径/Coex现址双列。,/Users/yu/Documents/Codex/coex项目总库/10-19_四项目工程域/11_P01_数字生命_DL/00_域门/来源路径保留/2026-06-03/notion-3-crv/outputs/数字生命总账工程/00_数字生命工程首页.md
DL-REF-0065,/Users/yu/Documents/Codex/2026-06-03/notion-3-crv/outputs/数字生命总账工程/63_P9日常入口端到端摘要.json,否,1,2,/Users/yu/Documents/Codex/coex项目总库/10-19_四项目工程域/11_P01_数字生命_DL/00_域门/来源路径保留/2026-06-03/notion-3-crv/outputs/数字生命总账工程/63_P9日常入口端到端摘要.json,P0,否,旧路径失联；改用 recommended_coex_path 或把入口改成旧路径/Coex现址双列。,/Users/yu/Documents/Codex/coex项目总库/10-19_四项目工程域/11_P01_数字生命_DL/00_域门/来源路径保留/2026-06-03/notion-3-crv/outputs/数字生命总账工程/00_数字生命工程首页.md
DL-REF-0066,/Users/yu/Documents/Codex/2026-06-03/notion-3-crv/outputs/数字生命总账工程/64_P9日常入口使用短卡.md,否,2,2,/Users/yu/Documents/Codex/coex项目总库/10-19_四项目工程域/11_P01_数字生命_DL/00_域门/来源路径保留/2026-06-03/notion-3-crv/outputs/数字生命总账工程/64_P9日常入口使用短卡.md,P0,否,旧路径失联；改用 recommended_coex_path 或把入口改成旧路径/Coex现址双列。,/Users/yu/Documents/Codex/coex项目总库/10-19_四项目工程域/11_P01_数字生命_DL/00_域门/来源路径保留/2026-06-03/notion-3-crv/outputs/数字生命总账工程/00_数字生命工程首页.md；/Users/yu/Documents/Codex/coex项目总库/10-19_四项目工程域/11_P01_数字生命_DL/00_域门/来源路径保留/数字生命工程入口.md
DL-REF-0067,/Users/yu/Documents/Codex/2026-06-03/notion-3-crv/outputs/数字生命总账工程/65_P10轻量全量运行分层规则.md,否,2,2,/Users/yu/Documents/Codex/coex项目总库/10-19_四项目工程域/11_P01_数字生命_DL/00_域门/来源路径保留/2026-06-03/notion-3-crv/outputs/数字生命总账工程/65_P10轻量全量运行分层规则.md,P0,否,旧路径失联；改用 recommended_coex_path 或把入口改成旧路径/Coex现址双列。,/Users/yu/Documents/Codex/coex项目总库/10-19_四项目工程域/11_P01_数字生命_DL/00_域门/来源路径保留/2026-06-03/notion-3-crv/outputs/数字生命总账工程/00_数字生命工程首页.md；/Users/yu/Documents/Codex/coex项目总库/10-19_四项目工程域/11_P01_数字生命_DL/00_域门/来源路径保留/数字生命工程入口.md
DL-REF-0068,/Users/yu/Documents/Codex/2026-06-03/notion-3-crv/outputs/数字生命总账工程/66_P10轻量全量触发词表.csv,否,1,2,/Users/yu/Documents/Codex/coex项目总库/10-19_四项目工程域/11_P01_数字生命_DL/00_域门/来源路径保留/2026-06-03/notion-3-crv/outputs/数字生命总账工程/66_P10轻量全量触发词表.csv,P0,否,旧路径失联；改用 recommended_coex_path 或把入口改成旧路径/Coex现址双列。,/Users/yu/Documents/Codex/coex项目总库/10-19_四项目工程域/11_P01_数字生命_DL/00_域门/来源路径保留/2026-06-03/notion-3-crv/outputs/数字生命总账工程/00_数字生命工程首页.md
DL-REF-0069,/Users/yu/Documents/Codex/2026-06-03/notion-3-crv/outputs/数字生命总账工程/67_P10省流量使用短卡.md,否,2,2,/Users/yu/Documents/Codex/coex项目总库/10-19_四项目工程域/11_P01_数字生命_DL/00_域门/来源路径保留/2026-06-03/notion-3-crv/outputs/数字生命总账工程/67_P10省流量使用短卡.md,P0,否,旧路径失联；改用 recommended_coex_path 或把入口改成旧路径/Coex现址双列。,/Users/yu/Documents/Codex/coex项目总库/10-19_四项目工程域/11_P01_数字生命_DL/00_域门/来源路径保留/2026-06-03/notion-3-crv/outputs/数字生命总账工程/00_数字生命工程首页.md；/Users/yu/Documents/Codex/coex项目总库/10-19_四项目工程域/11_P01_数字生命_DL/00_域门/来源路径保留/数字生命工程入口.md
DL-REF-0070,/Users/yu/Documents/Codex/2026-06-03/notion-3-crv/outputs/数字生命总账工程/68_P10机器路由摘要.json,否,2,2,/Users/yu/Documents/Codex/coex项目总库/10-19_四项目工程域/11_P01_数字生命_DL/00_域门/来源路径保留/2026-06-03/notion-3-crv/outputs/数字生命总账工程/68_P10机器路由摘要.json,P0,否,旧路径失联；改用 recommended_coex_path 或把入口改成旧路径/Coex现址双列。,/Users/yu/Documents/Codex/coex项目总库/10-19_四项目工程域/11_P01_数字生命_DL/00_域门/来源路径保留/2026-06-03/notion-3-crv/outputs/数字生命总账工程/00_数字生命工程首页.md；/Users/yu/Documents/Codex/coex项目总库/10-19_四项目工程域/11_P01_数字生命_DL/00_域门/来源路径保留/数字生命工程入口.md
DL-REF-0071,/Users/yu/Documents/Codex/2026-06-03/notion-3-crv/outputs/数字生命总账工程/69_P11轻量全量路由落地报告.md,否,2,2,/Users/yu/Documents/Codex/coex项目总库/10-19_四项目工程域/11_P01_数字生命_DL/00_域门/来源路径保留/2026-06-03/notion-3-crv/outputs/数字生命总账工程/69_P11轻量全量路由落地报告.md,P0,否,旧路径失联；改用 recommended_coex_path 或把入口改成旧路径/Coex现址双列。,/Users/yu/Documents/Codex/coex项目总库/10-19_四项目工程域/11_P01_数字生命_DL/00_域门/来源路径保留/2026-06-03/notion-3-crv/outputs/数字生命总账工程/00_数字生命工程首页.md；/Users/yu/Documents/Codex/coex项目总库/10-19_四项目工程域/11_P01_数字生命_DL/00_域门/来源路径保留/数字生命工程入口.md
DL-REF-0072,/Users/yu/Documents/Codex/2026-06-03/notion-3-crv/outputs/数字生命总账工程/70_P11路由落地验证表.csv,否,1,2,/Users/yu/Documents/Codex/coex项目总库/10-19_四项目工程域/11_P01_数字生命_DL/00_域门/来源路径保留/2026-06-03/notion-3-crv/outputs/数字生命总账工程/70_P11路由落地验证表.csv,P0,否,旧路径失联；改用 recommended_coex_path 或把入口改成旧路径/Coex现址双列。,/Users/yu/Documents/Codex/coex项目总库/10-19_四项目工程域/11_P01_数字生命_DL/00_域门/来源路径保留/2026-06-03/notion-3-crv/outputs/数字生命总账工程/00_数字生命工程首页.md
DL-REF-0073,/Users/yu/Documents/Codex/2026-06-03/notion-3-crv/outputs/数字生命总账工程/71_P11路由落地摘要.json,否,1,2,/Users/yu/Documents/Codex/coex项目总库/10-19_四项目工程域/11_P01_数字生命_DL/00_域门/来源路径保留/2026-06-03/notion-3-crv/outputs/数字生命总账工程/71_P11路由落地摘要.json,P0,否,旧路径失联；改用 recommended_coex_path 或把入口改成旧路径/Coex现址双列。,/Users/yu/Documents/Codex/coex项目总库/10-19_四项目工程域/11_P01_数字生命_DL/00_域门/来源路径保留/2026-06-03/notion-3-crv/outputs/数字生命总账工程/00_数字生命工程首页.md
DL-REF-0074,/Users/yu/Documents/Codex/2026-06-03/notion-3-crv/outputs/数字生命总账工程/72_P11日常路由口令卡.md,否,2,2,/Users/yu/Documents/Codex/coex项目总库/10-19_四项目工程域/11_P01_数字生命_DL/00_域门/来源路径保留/2026-06-03/notion-3-crv/outputs/数字生命总账工程/72_P11日常路由口令卡.md,P0,否,旧路径失联；改用 recommended_coex_path 或把入口改成旧路径/Coex现址双列。,/Users/yu/Documents/Codex/coex项目总库/10-19_四项目工程域/11_P01_数字生命_DL/00_域门/来源路径保留/2026-06-03/notion-3-crv/outputs/数字生命总账工程/00_数字生命工程首页.md；/Users/yu/Documents/Codex/coex项目总库/10-19_四项目工程域/11_P01_数字生命_DL/00_域门/来源路径保留/数字生命工程入口.md
DL-REF-0075,/Users/yu/Documents/Codex/2026-06-03/notion-3-crv/outputs/数字生命总账工程/73_P12轻量短卡模板库.md,否,2,2,/Users/yu/Documents/Codex/coex项目总库/10-19_四项目工程域/11_P01_数字生命_DL/00_域门/来源路径保留/2026-06-03/notion-3-crv/outputs/数字生命总账工程/73_P12轻量短卡模板库.md,P0,否,旧路径失联；改用 recommended_coex_path 或把入口改成旧路径/Coex现址双列。,/Users/yu/Documents/Codex/coex项目总库/10-19_四项目工程域/11_P01_数字生命_DL/00_域门/来源路径保留/2026-06-03/notion-3-crv/outputs/数字生命总账工程/00_数字生命工程首页.md；/Users/yu/Documents/Codex/coex项目总库/10-19_四项目工程域/11_P01_数字生命_DL/00_域门/来源路径保留/数字生命工程入口.md
DL-REF-0076,/Users/yu/Documents/Codex/2026-06-03/notion-3-crv/outputs/数字生命总账工程/74_P12轻量短卡模板表.csv,否,1,2,/Users/yu/Documents/Codex/coex项目总库/10-19_四项目工程域/11_P01_数字生命_DL/00_域门/来源路径保留/2026-06-03/notion-3-crv/outputs/数字生命总账工程/74_P12轻量短卡模板表.csv,P0,否,旧路径失联；改用 recommended_coex_path 或把入口改成旧路径/Coex现址双列。,/Users/yu/Documents/Codex/coex项目总库/10-19_四项目工程域/11_P01_数字生命_DL/00_域门/来源路径保留/2026-06-03/notion-3-crv/outputs/数字生命总账工程/00_数字生命工程首页.md
DL-REF-0077,/Users/yu/Documents/Codex/2026-06-03/notion-3-crv/outputs/数字生命总账工程/75_P12轻量短卡验收摘要.json,否,1,2,/Users/yu/Documents/Codex/coex项目总库/10-19_四项目工程域/11_P01_数字生命_DL/00_域门/来源路径保留/2026-06-03/notion-3-crv/outputs/数字生命总账工程/75_P12轻量短卡验收摘要.json,P0,否,旧路径失联；改用 recommended_coex_path 或把入口改成旧路径/Coex现址双列。,/Users/yu/Documents/Codex/coex项目总库/10-19_四项目工程域/11_P01_数字生命_DL/00_域门/来源路径保留/2026-06-03/notion-3-crv/outputs/数字生命总账工程/00_数字生命工程首页.md
DL-REF-0078,/Users/yu/Documents/Codex/2026-06-03/notion-3-crv/outputs/数字生命总账工程/76_P12轻量短卡使用说明.md,否,2,2,/Users/yu/Documents/Codex/coex项目总库/10-19_四项目工程域/11_P01_数字生命_DL/00_域门/来源路径保留/2026-06-03/notion-3-crv/outputs/数字生命总账工程/76_P12轻量短卡使用说明.md,P0,否,旧路径失联；改用 recommended_coex_path 或把入口改成旧路径/Coex现址双列。,/Users/yu/Documents/Codex/coex项目总库/10-19_四项目工程域/11_P01_数字生命_DL/00_域门/来源路径保留/2026-06-03/notion-3-crv/outputs/数字生命总账工程/00_数字生命工程首页.md；/Users/yu/Documents/Codex/coex项目总库/10-19_四项目工程域/11_P01_数字生命_DL/00_域门/来源路径保留/数字生命工程入口.md
DL-REF-0079,/Users/yu/Documents/Codex/2026-06-03/notion-3-crv/outputs/数字生命总账工程/77_2026-06-13巡回修正与收工总账快照.md,否,1,2,/Users/yu/Documents/Codex/coex项目总库/10-19_四项目工程域/11_P01_数字生命_DL/00_域门/来源路径保留/2026-06-03/notion-3-crv/outputs/数字生命总账工程/77_2026-06-13巡回修正与收工总账快照.md,P0,否,旧路径失联；改用 recommended_coex_path 或把入口改成旧路径/Coex现址双列。,/Users/yu/Documents/Codex/coex项目总库/10-19_四项目工程域/11_P01_数字生命_DL/00_域门/来源路径保留/2026-06-03/notion-3-crv/outputs/数字生命总账工程/00_数字生命工程首页.md
DL-REF-0080,/Users/yu/Documents/Codex/2026-06-03/notion-3-crv/outputs/数字生命总账工程/78_2026-06-13巡回修正机器摘要.json,否,1,2,/Users/yu/Documents/Codex/coex项目总库/10-19_四项目工程域/11_P01_数字生命_DL/00_域门/来源路径保留/2026-06-03/notion-3-crv/outputs/数字生命总账工程/78_2026-06-13巡回修正机器摘要.json,P0,否,旧路径失联；改用 recommended_coex_path 或把入口改成旧路径/Coex现址双列。,/Users/yu/Documents/Codex/coex项目总库/10-19_四项目工程域/11_P01_数字生命_DL/00_域门/来源路径保留/2026-06-03/notion-3-crv/outputs/数字生命总账工程/00_数字生命工程首页.md
DL-REF-0081,/Users/yu/Documents/Codex/2026-06-03/notion-3-crv/outputs/数字生命总账工程/79_数字生命状态加载与触发词联动卡_2026-06-13.md,否,1,2,/Users/yu/Documents/Codex/coex项目总库/10-19_四项目工程域/11_P01_数字生命_DL/00_域门/来源路径保留/2026-06-03/notion-3-crv/outputs/数字生命总账工程/79_数字生命状态加载与触发词联动卡_2026-06-13.md,P0,否,旧路径失联；改用 recommended_coex_path 或把入口改成旧路径/Coex现址双列。,/Users/yu/Documents/Codex/coex项目总库/01_入口与触发词/00_总控入口/来源路径保留/2026-06-03/notion-3-crv/四项目工程总入口/01_数字生命_项目大门/数字生命_项目大门.md
DL-REF-0082,/Users/yu/Documents/Codex/2026-06-03/notion-3-crv/数字生命/数字生命,否,6,459,/Users/yu/Documents/Codex/coex项目总库/10-19_四项目工程域/11_P01_数字生命_DL/00_域门/来源路径保留/2026-06-03/notion-3-crv/数字生命/数字生命,P0,是,旧路径失联；改用 recommended_coex_path 或把入口改成旧路径/Coex现址双列。,/Users/yu/Documents/Codex/coex项目总库/01_入口与触发词/00_总控入口/来源路径保留/2026-06-03/notion-3-crv/四项目工程总入口/01_数字生命_项目大门/数字生命_项目大门.md；/Users/yu/Documents/Codex/coex项目总库/10-19_四项目工程域/11_P01_数字生命_DL/00_域门/来源路径保留/2026-06-03/notion-3-crv/outputs/数字生命总账工程/00_数字生命工程首页.md；/Users/yu/Documents/Codex/coex项目总库/10-19_四项目工程域/11_P01_数字生命_DL/00_域门/来源路径保留/2026-06-03/notion-3-crv/outputs/数字生命总账工程/01_数字生命全量总账.md；/Users/yu/Documents/Codex/coex项目总库/10-19_四项目工程域/11_P01_数字生命_DL/00_域门/来源路径保留/2026-06-03/notion-3-crv/outputs/数字生命总账工程/02_机器续接摘要.json；/Users/yu/Documents/Codex/coex项目总库/10-19_四项目工程域/11_P01_数字生命_DL/00_域门/来源路径保留/数字生命工程入口.md；/Users/yu/Documents/Codex/coex项目总库/10-19_四项目工程域/11_P01_数字生命_DL/50_输出区/来源路径保留/2026-06-05/new-chat/outputs/数字生命OS_运行总清单.md
DL-REF-0083,/Users/yu/Documents/Codex/2026-06-03/notion-3-crv/数字生命/数字生命/Resource,否,1,0,,P2,是,旧路径失联且未在 Coex 找到直接镜像；列入人工复核。,/Users/yu/Documents/Codex/coex项目总库/10-19_四项目工程域/11_P01_数字生命_DL/00_域门/来源路径保留/2026-06-03/notion-3-crv/outputs/数字生命总账工程/02_机器续接摘要.json
DL-REF-0084,/Users/yu/Documents/Codex/2026-06-03/notion-3-crv/数字生命/数字生命/生命/内容入口/数据/术语系统库/专题对象库族（红楼梦,否,1,0,,P2,是,旧路径失联且未在 Coex 找到直接镜像；列入人工复核。,/Users/yu/Documents/Codex/coex项目总库/10-19_四项目工程域/11_P01_数字生命_DL/00_域门/来源路径保留/2026-06-03/notion-3-crv/outputs/数字生命总账工程/02_机器续接摘要.json
DL-REF-0085,/Users/yu/Documents/Codex/2026-06-03/notion-3-crv/数字生命/数字生命/生命/内容入口/数据/术语系统库/六库两层（红楼梦工程完整数据骨架,否,1,0,,P2,是,旧路径失联且未在 Coex 找到直接镜像；列入人工复核。,/Users/yu/Documents/Codex/coex项目总库/10-19_四项目工程域/11_P01_数字生命_DL/00_域门/来源路径保留/2026-06-03/notion-3-crv/outputs/数字生命总账工程/02_机器续接摘要.json
DL-REF-0086,/Users/yu/Documents/Codex/2026-06-03/notion-3-crv/数字生命/数字生命/生命/内容入口/数据/术语系统库/写入链五阶段（红楼梦入库工程阶段,否,1,0,,P2,是,旧路径失联且未在 Coex 找到直接镜像；列入人工复核。,/Users/yu/Documents/Codex/coex项目总库/10-19_四项目工程域/11_P01_数字生命_DL/00_域门/来源路径保留/2026-06-03/notion-3-crv/outputs/数字生命总账工程/02_机器续接摘要.json
DL-REF-0087,/Users/yu/Documents/Codex/2026-06-03/notion-3-crv/数字生命/数字生命/生命/内容入口/数据/术语系统库/定义校准：红楼梦（术语,否,1,0,,P2,是,旧路径失联且未在 Coex 找到直接镜像；列入人工复核。,/Users/yu/Documents/Codex/coex项目总库/10-19_四项目工程域/11_P01_数字生命_DL/00_域门/来源路径保留/2026-06-03/notion-3-crv/outputs/数字生命总账工程/02_机器续接摘要.json
DL-REF-0088,/Users/yu/Documents/Codex/2026-06-03/notion-3-crv/数字生命/数字生命/生命/内容入口/数据/术语系统库/红楼入库：人物（Step,否,1,0,,P2,是,旧路径失联且未在 Coex 找到直接镜像；列入人工复核。,/Users/yu/Documents/Codex/coex项目总库/10-19_四项目工程域/11_P01_数字生命_DL/00_域门/来源路径保留/2026-06-03/notion-3-crv/outputs/数字生命总账工程/02_机器续接摘要.json
DL-REF-0089,/Users/yu/Documents/Codex/2026-06-03/notion-3-crv/数字生命/数字生命/生命/内容入口/数据/术语系统库/红楼入库：映射（Step,否,1,0,,P2,是,旧路径失联且未在 Coex 找到直接镜像；列入人工复核。,/Users/yu/Documents/Codex/coex项目总库/10-19_四项目工程域/11_P01_数字生命_DL/00_域门/来源路径保留/2026-06-03/notion-3-crv/outputs/数字生命总账工程/02_机器续接摘要.json
DL-REF-0090,/Users/yu/Documents/Codex/2026-06-03/notion-3-crv/数字生命/数字生命/生命/内容入口/数据/术语系统库/红楼入库：段落（Step,否,1,0,,P2,是,旧路径失联且未在 Coex 找到直接镜像；列入人工复核。,/Users/yu/Documents/Codex/coex项目总库/10-19_四项目工程域/11_P01_数字生命_DL/00_域门/来源路径保留/2026-06-03/notion-3-crv/outputs/数字生命总账工程/02_机器续接摘要.json
DL-REF-0091,/Users/yu/Documents/Codex/2026-06-03/notion-3-crv/数字生命/数字生命/生命/内容入口/数据/术语系统库/红楼入库：章回（Step,否,1,0,,P2,是,旧路径失联且未在 Coex 找到直接镜像；列入人工复核。,/Users/yu/Documents/Codex/coex项目总库/10-19_四项目工程域/11_P01_数字生命_DL/00_域门/来源路径保留/2026-06-03/notion-3-crv/outputs/数字生命总账工程/02_机器续接摘要.json
DL-REF-0092,/Users/yu/Documents/Codex/2026-06-03/notion-3-crv/数字生命/数字生命/生命/内容入口/数据/术语系统库/红楼梦·事件—段落映射库（Event,否,1,0,,P2,是,旧路径失联且未在 Coex 找到直接镜像；列入人工复核。,/Users/yu/Documents/Codex/coex项目总库/10-19_四项目工程域/11_P01_数字生命_DL/00_域门/来源路径保留/2026-06-03/notion-3-crv/outputs/数字生命总账工程/02_机器续接摘要.json
DL-REF-0093,/Users/yu/Documents/Codex/2026-06-03/notion-3-crv/数字生命/数字生命/生命/内容入口/数据/术语系统库/红楼梦·事件片段库（Event,否,1,0,,P2,是,旧路径失联且未在 Coex 找到直接镜像；列入人工复核。,/Users/yu/Documents/Codex/coex项目总库/10-19_四项目工程域/11_P01_数字生命_DL/00_域门/来源路径保留/2026-06-03/notion-3-crv/outputs/数字生命总账工程/02_机器续接摘要.json
DL-REF-0094,/Users/yu/Documents/Codex/2026-06-03/notion-3-crv/数字生命/数字生命/生命/内容入口/数据/术语系统库/红楼梦·人物—段落映射库（强证据关系表,否,1,0,,P2,是,旧路径失联且未在 Coex 找到直接镜像；列入人工复核。,/Users/yu/Documents/Codex/coex项目总库/10-19_四项目工程域/11_P01_数字生命_DL/00_域门/来源路径保留/2026-06-03/notion-3-crv/outputs/数字生命总账工程/02_机器续接摘要.json
DL-REF-0095,/Users/yu/Documents/Codex/2026-06-03/notion-3-crv/数字生命/数字生命/生命/内容入口/数据/术语系统库/红楼梦·人物库（主数据档案,否,1,0,,P2,是,旧路径失联且未在 Coex 找到直接镜像；列入人工复核。,/Users/yu/Documents/Codex/coex项目总库/10-19_四项目工程域/11_P01_数字生命_DL/00_域门/来源路径保留/2026-06-03/notion-3-crv/outputs/数字生命总账工程/02_机器续接摘要.json
DL-REF-0096,/Users/yu/Documents/Codex/2026-06-03/notion-3-crv/数字生命/数字生命/生命/内容入口/数据/术语系统库/红楼梦·原文章节库（真源容器,否,1,0,,P2,是,旧路径失联且未在 Coex 找到直接镜像；列入人工复核。,/Users/yu/Documents/Codex/coex项目总库/10-19_四项目工程域/11_P01_数字生命_DL/00_域门/来源路径保留/2026-06-03/notion-3-crv/outputs/数字生命总账工程/02_机器续接摘要.json
DL-REF-0097,/Users/yu/Documents/Codex/2026-06-03/notion-3-crv/数字生命/数字生命/生命/内容入口/数据/术语系统库/红楼梦·情节事件库（事件主库,否,1,0,,P2,是,旧路径失联且未在 Coex 找到直接镜像；列入人工复核。,/Users/yu/Documents/Codex/coex项目总库/10-19_四项目工程域/11_P01_数字生命_DL/00_域门/来源路径保留/2026-06-03/notion-3-crv/outputs/数字生命总账工程/02_机器续接摘要.json
DL-REF-0098,/Users/yu/Documents/Codex/2026-06-03/notion-3-crv/数字生命/数字生命/生命/内容入口/数据/术语系统库/红楼梦·段落库（原子证据单元,否,1,0,,P2,是,旧路径失联且未在 Coex 找到直接镜像；列入人工复核。,/Users/yu/Documents/Codex/coex项目总库/10-19_四项目工程域/11_P01_数字生命_DL/00_域门/来源路径保留/2026-06-03/notion-3-crv/outputs/数字生命总账工程/02_机器续接摘要.json
DL-REF-0099,/Users/yu/Documents/Codex/2026-06-03/notion-3-crv/数字生命/数字生命/生命/内容入口/数据/术语系统库/红楼梦·节令,否,1,0,,P2,是,旧路径失联且未在 Coex 找到直接镜像；列入人工复核。,/Users/yu/Documents/Codex/coex项目总库/10-19_四项目工程域/11_P01_数字生命_DL/00_域门/来源路径保留/2026-06-03/notion-3-crv/outputs/数字生命总账工程/02_机器续接摘要.json
DL-REF-0100,/Users/yu/Documents/Codex/2026-06-03/notion-3-crv/数字生命/数字生命/生命/内容入口/数据/术语系统库/红楼梦｜AI,否,1,0,,P2,是,旧路径失联且未在 Coex 找到直接镜像；列入人工复核。,/Users/yu/Documents/Codex/coex项目总库/10-19_四项目工程域/11_P01_数字生命_DL/00_域门/来源路径保留/2026-06-03/notion-3-crv/outputs/数字生命总账工程/02_机器续接摘要.json
DL-REF-0101,/Users/yu/Documents/Codex/2026-06-03/notion-3-crv/数字生命/数字生命/生命/内容入口/法则/历史归档区｜已退出主流程的旧结构汇总,否,1,4,/Users/yu/Documents/Codex/coex项目总库/10-19_四项目工程域/11_P01_数字生命_DL/00_域门/来源路径保留/2026-06-03/notion-3-crv/数字生命/数字生命/生命/内容入口/法则/历史归档区｜已退出主流程的旧结构汇总,P0,是,旧路径失联；改用 recommended_coex_path 或把入口改成旧路径/Coex现址双列。,/Users/yu/Documents/Codex/coex项目总库/10-19_四项目工程域/11_P01_数字生命_DL/00_域门/来源路径保留/2026-06-03/notion-3-crv/outputs/数字生命总账工程/02_机器续接摘要.json
DL-REF-0102,/Users/yu/Documents/Codex/2026-06-03/notion-3-crv/数字生命/数字生命/生命/内容入口/法则/历史归档区｜已退出主流程的旧结构汇总/现行结构地图（轻量可读版,否,1,0,,P2,是,旧路径失联且未在 Coex 找到直接镜像；列入人工复核。,/Users/yu/Documents/Codex/coex项目总库/10-19_四项目工程域/11_P01_数字生命_DL/00_域门/来源路径保留/2026-06-03/notion-3-crv/outputs/数字生命总账工程/02_机器续接摘要.json
DL-REF-0103,/Users/yu/Documents/Codex/2026-06-03/notion-3-crv/数字生命/数字生命/生命/内容入口/法则/历史归档区｜已退出主流程的旧结构汇总/第六阶段｜当日日志入库与读取规则,否,1,0,,P2,是,旧路径失联且未在 Coex 找到直接镜像；列入人工复核。,/Users/yu/Documents/Codex/coex项目总库/10-19_四项目工程域/11_P01_数字生命_DL/00_域门/来源路径保留/2026-06-03/notion-3-crv/outputs/数字生命总账工程/02_机器续接摘要.json
DL-REF-0104,/Users/yu/Documents/Codex/2026-06-03/notion-3-crv/数字生命/数字生命/生命/内容入口/法则/历史归档区｜已退出主流程的旧结构汇总/第六阶段｜清风显化期入库与查询规则,否,1,0,,P2,是,旧路径失联且未在 Coex 找到直接镜像；列入人工复核。,/Users/yu/Documents/Codex/coex项目总库/10-19_四项目工程域/11_P01_数字生命_DL/00_域门/来源路径保留/2026-06-03/notion-3-crv/outputs/数字生命总账工程/02_机器续接摘要.json
DL-REF-0105,/Users/yu/Documents/Codex/2026-06-05/new-chat/outputs,否,1,237,/Users/yu/Documents/Codex/coex项目总库/10-19_四项目工程域/11_P01_数字生命_DL/00_域门/来源路径保留/2026-06-05/new-chat/outputs,P1,是,旧路径失联；改用 recommended_coex_path 或把入口改成旧路径/Coex现址双列。,/Users/yu/Documents/Codex/coex项目总库/10-19_四项目工程域/11_P01_数字生命_DL/00_域门/来源路径保留/2026-06-03/notion-3-crv/outputs/数字生命总账工程/02_机器续接摘要.json
DL-REF-0106,/Users/yu/Documents/Codex/2026-06-05/new-chat/outputs/数字生命OS_Codex召回入口.html,否,1,2,/Users/yu/Documents/Codex/coex项目总库/10-19_四项目工程域/11_P01_数字生命_DL/00_域门/来源路径保留/2026-06-05/new-chat/outputs/数字生命OS_Codex召回入口.html,P1,否,旧路径失联；改用 recommended_coex_path 或把入口改成旧路径/Coex现址双列。,/Users/yu/Documents/Codex/coex项目总库/10-19_四项目工程域/11_P01_数字生命_DL/00_域门/来源路径保留/数字生命工程入口.md
DL-REF-0107,/Users/yu/Documents/Codex/2026-06-05/new-chat/outputs/数字生命OS_Codex召回队列.md,否,1,4,/Users/yu/Documents/Codex/coex项目总库/10-19_四项目工程域/11_P01_数字生命_DL/40_加工区/来源路径保留/2026-06-05/new-chat/outputs/数字生命OS_Codex召回队列.md,P1,否,旧路径失联；改用 recommended_coex_path 或把入口改成旧路径/Coex现址双列。,/Users/yu/Documents/Codex/coex项目总库/10-19_四项目工程域/11_P01_数字生命_DL/00_域门/来源路径保留/数字生命工程入口.md
DL-REF-0108,/Users/yu/Documents/Codex/2026-06-05/new-chat/outputs/数字生命OS_人物生命图谱看板.html,否,1,2,/Users/yu/Documents/Codex/coex项目总库/10-19_四项目工程域/11_P01_数字生命_DL/50_输出区/来源路径保留/2026-06-05/new-chat/outputs/数字生命OS_人物生命图谱看板.html,P1,否,旧路径失联；改用 recommended_coex_path 或把入口改成旧路径/Coex现址双列。,/Users/yu/Documents/Codex/coex项目总库/10-19_四项目工程域/11_P01_数字生命_DL/00_域门/来源路径保留/数字生命工程入口.md
DL-REF-0109,/Users/yu/Documents/Codex/2026-06-05/new-chat/outputs/数字生命OS_备份库/数字生命OS_备份_manual_20260608-065007.zip,否,1,2,/Users/yu/Documents/Codex/coex项目总库/10-19_四项目工程域/11_P01_数字生命_DL/50_输出区/来源路径保留/2026-06-05/new-chat/outputs/数字生命OS_备份库/数字生命OS_备份_manual_20260608-065007.zip,P1,否,旧路径失联；改用 recommended_coex_path 或把入口改成旧路径/Coex现址双列。,/Users/yu/Documents/Codex/coex项目总库/10-19_四项目工程域/11_P01_数字生命_DL/50_输出区/来源路径保留/2026-06-05/new-chat/outputs/数字生命OS_运行总清单.md
DL-REF-0110,/Users/yu/Documents/Codex/2026-06-05/new-chat/outputs/数字生命OS_安全入库操作台.html,否,1,2,/Users/yu/Documents/Codex/coex项目总库/10-19_四项目工程域/11_P01_数字生命_DL/50_输出区/来源路径保留/2026-06-05/new-chat/outputs/数字生命OS_安全入库操作台.html,P1,否,旧路径失联；改用 recommended_coex_path 或把入口改成旧路径/Coex现址双列。,/Users/yu/Documents/Codex/coex项目总库/10-19_四项目工程域/11_P01_数字生命_DL/00_域门/来源路径保留/数字生命工程入口.md
DL-REF-0111,/Users/yu/Documents/Codex/2026-06-05/new-chat/outputs/数字生命OS_总体验收包.html,否,1,2,/Users/yu/Documents/Codex/coex项目总库/10-19_四项目工程域/11_P01_数字生命_DL/50_输出区/来源路径保留/2026-06-05/new-chat/outputs/数字生命OS_总体验收包.html,P1,否,旧路径失联；改用 recommended_coex_path 或把入口改成旧路径/Coex现址双列。,/Users/yu/Documents/Codex/coex项目总库/10-19_四项目工程域/11_P01_数字生命_DL/00_域门/来源路径保留/数字生命工程入口.md
DL-REF-0112,/Users/yu/Documents/Codex/2026-06-05/new-chat/outputs/数字生命OS_总看板.html,否,1,2,/Users/yu/Documents/Codex/coex项目总库/10-19_四项目工程域/11_P01_数字生命_DL/50_输出区/来源路径保留/2026-06-05/new-chat/outputs/数字生命OS_总看板.html,P1,否,旧路径失联；改用 recommended_coex_path 或把入口改成旧路径/Coex现址双列。,/Users/yu/Documents/Codex/coex项目总库/10-19_四项目工程域/11_P01_数字生命_DL/00_域门/来源路径保留/数字生命工程入口.md
DL-REF-0113,/Users/yu/Documents/Codex/2026-06-05/new-chat/outputs/数字生命OS_时空轴可视库.html,否,1,2,/Users/yu/Documents/Codex/coex项目总库/10-19_四项目工程域/11_P01_数字生命_DL/50_输出区/来源路径保留/2026-06-05/new-chat/outputs/数字生命OS_时空轴可视库.html,P1,否,旧路径失联；改用 recommended_coex_path 或把入口改成旧路径/Coex现址双列。,/Users/yu/Documents/Codex/coex项目总库/10-19_四项目工程域/11_P01_数字生命_DL/00_域门/来源路径保留/数字生命工程入口.md
DL-REF-0114,/Users/yu/Documents/Codex/2026-06-05/new-chat/outputs/数字生命OS_正式产物总索引.md,否,2,2,/Users/yu/Documents/Codex/coex项目总库/10-19_四项目工程域/11_P01_数字生命_DL/50_输出区/来源路径保留/2026-06-05/new-chat/outputs/数字生命OS_正式产物总索引.md,P1,否,旧路径失联；改用 recommended_coex_path 或把入口改成旧路径/Coex现址双列。,/Users/yu/Documents/Codex/coex项目总库/10-19_四项目工程域/11_P01_数字生命_DL/00_域门/来源路径保留/2026-06-03/notion-3-crv/outputs/数字生命总账工程/02_机器续接摘要.json；/Users/yu/Documents/Codex/coex项目总库/10-19_四项目工程域/11_P01_数字生命_DL/00_域门/来源路径保留/数字生命工程入口.md
DL-REF-0115,/Users/yu/Documents/Codex/2026-06-05/new-chat/outputs/数字生命OS_清风空间拓扑看板.html,否,1,2,/Users/yu/Documents/Codex/coex项目总库/10-19_四项目工程域/11_P01_数字生命_DL/50_输出区/来源路径保留/2026-06-05/new-chat/outputs/数字生命OS_清风空间拓扑看板.html,P1,否,旧路径失联；改用 recommended_coex_path 或把入口改成旧路径/Coex现址双列。,/Users/yu/Documents/Codex/coex项目总库/10-19_四项目工程域/11_P01_数字生命_DL/00_域门/来源路径保留/数字生命工程入口.md
DL-REF-0116,/Users/yu/Documents/Codex/2026-06-05/new-chat/outputs/数字生命OS_清风空间运行增强看板.html,否,1,2,/Users/yu/Documents/Codex/coex项目总库/10-19_四项目工程域/11_P01_数字生命_DL/50_输出区/来源路径保留/2026-06-05/new-chat/outputs/数字生命OS_清风空间运行增强看板.html,P1,否,旧路径失联；改用 recommended_coex_path 或把入口改成旧路径/Coex现址双列。,/Users/yu/Documents/Codex/coex项目总库/10-19_四项目工程域/11_P01_数字生命_DL/00_域门/来源路径保留/数字生命工程入口.md
DL-REF-0117,/Users/yu/Documents/Codex/2026-06-05/new-chat/outputs/数字生命OS_生命运行核心看板.html,否,1,2,/Users/yu/Documents/Codex/coex项目总库/10-19_四项目工程域/11_P01_数字生命_DL/50_输出区/来源路径保留/2026-06-05/new-chat/outputs/数字生命OS_生命运行核心看板.html,P1,否,旧路径失联；改用 recommended_coex_path 或把入口改成旧路径/Coex现址双列。,/Users/yu/Documents/Codex/coex项目总库/10-19_四项目工程域/11_P01_数字生命_DL/00_域门/来源路径保留/数字生命工程入口.md
DL-REF-0118,/Users/yu/Documents/Codex/2026-06-05/new-chat/outputs/数字生命OS_笔记语义打标看板.html,否,1,2,/Users/yu/Documents/Codex/coex项目总库/10-19_四项目工程域/11_P01_数字生命_DL/50_输出区/来源路径保留/2026-06-05/new-chat/outputs/数字生命OS_笔记语义打标看板.html,P1,否,旧路径失联；改用 recommended_coex_path 或把入口改成旧路径/Coex现址双列。,/Users/yu/Documents/Codex/coex项目总库/10-19_四项目工程域/11_P01_数字生命_DL/00_域门/来源路径保留/数字生命工程入口.md
DL-REF-0119,/Users/yu/Documents/Codex/2026-06-05/new-chat/outputs/数字生命OS_运行压缩中枢.html,否,2,2,/Users/yu/Documents/Codex/coex项目总库/10-19_四项目工程域/11_P01_数字生命_DL/50_输出区/来源路径保留/2026-06-05/new-chat/outputs/数字生命OS_运行压缩中枢.html,P1,否,旧路径失联；改用 recommended_coex_path 或把入口改成旧路径/Coex现址双列。,/Users/yu/Documents/Codex/coex项目总库/10-19_四项目工程域/11_P01_数字生命_DL/00_域门/来源路径保留/数字生命工程入口.md；/Users/yu/Documents/Codex/coex项目总库/10-19_四项目工程域/11_P01_数字生命_DL/50_输出区/来源路径保留/2026-06-05/new-chat/outputs/数字生命OS_运行总清单.md
DL-REF-0120,/Users/yu/Documents/Codex/2026-06-05/new-chat/outputs/数字生命OS_运行总清单.json,否,3,2,/Users/yu/Documents/Codex/coex项目总库/10-19_四项目工程域/11_P01_数字生命_DL/50_输出区/来源路径保留/2026-06-05/new-chat/outputs/数字生命OS_运行总清单.json,P0,否,旧路径失联；改用 recommended_coex_path 或把入口改成旧路径/Coex现址双列。,/Users/yu/Documents/Codex/coex项目总库/10-19_四项目工程域/11_P01_数字生命_DL/00_域门/来源路径保留/2026-06-03/notion-3-crv/outputs/数字生命总账工程/02_机器续接摘要.json；/Users/yu/Documents/Codex/coex项目总库/10-19_四项目工程域/11_P01_数字生命_DL/00_域门/来源路径保留/数字生命工程入口.md；/Users/yu/Documents/Codex/coex项目总库/10-19_四项目工程域/11_P01_数字生命_DL/50_输出区/来源路径保留/2026-06-05/new-chat/outputs/数字生命OS_运行总清单.md
DL-REF-0121,/Users/yu/Documents/Codex/2026-06-05/new-chat/outputs/数字生命OS_运行总清单.md,否,3,2,/Users/yu/Documents/Codex/coex项目总库/10-19_四项目工程域/11_P01_数字生命_DL/50_输出区/来源路径保留/2026-06-05/new-chat/outputs/数字生命OS_运行总清单.md,P0,否,旧路径失联；改用 recommended_coex_path 或把入口改成旧路径/Coex现址双列。,/Users/yu/Documents/Codex/coex项目总库/10-19_四项目工程域/11_P01_数字生命_DL/00_域门/来源路径保留/2026-06-03/notion-3-crv/outputs/数字生命总账工程/02_机器续接摘要.json；/Users/yu/Documents/Codex/coex项目总库/10-19_四项目工程域/11_P01_数字生命_DL/00_域门/来源路径保留/数字生命工程入口.md；/Users/yu/Documents/Codex/coex项目总库/10-19_四项目工程域/11_P01_数字生命_DL/50_输出区/来源路径保留/2026-06-05/new-chat/outputs/数字生命OS_运行总清单.md
DL-REF-0122,/Users/yu/Documents/Codex/2026-06-05/new-chat/work/digital-life-os-core,是,3,497,/Users/yu/Documents/Codex/coex项目总库/10-19_四项目工程域/11_P01_数字生命_DL/00_域门/来源路径保留/2026-06-05/new-chat/work/digital-life-os-core,OK,是,旧路径当前仍存在；可保留，但建议在 Coex 入口同步写出现址。,/Users/yu/Documents/Codex/coex项目总库/10-19_四项目工程域/11_P01_数字生命_DL/00_域门/来源路径保留/2026-06-03/notion-3-crv/outputs/数字生命总账工程/01_数字生命全量总账.md；/Users/yu/Documents/Codex/coex项目总库/10-19_四项目工程域/11_P01_数字生命_DL/00_域门/来源路径保留/2026-06-03/notion-3-crv/outputs/数字生命总账工程/02_机器续接摘要.json；/Users/yu/Documents/Codex/coex项目总库/10-19_四项目工程域/11_P01_数字生命_DL/00_域门/来源路径保留/数字生命工程入口.md
DL-REF-0123,/Users/yu/Documents/Codex/2026-06-05/new-chat/work/digital-life-os-core/runtime/digital_life_os_core.sqlite,否,4,2,/Users/yu/Documents/Codex/coex项目总库/10-19_四项目工程域/11_P01_数字生命_DL/40_加工区/来源路径保留/2026-06-05/new-chat/work/digital-life-os-core/runtime/digital_life_os_core.sqlite,P0,否,旧路径失联；改用 recommended_coex_path 或把入口改成旧路径/Coex现址双列。,/Users/yu/Documents/Codex/coex项目总库/10-19_四项目工程域/11_P01_数字生命_DL/00_域门/来源路径保留/2026-06-03/notion-3-crv/outputs/数字生命总账工程/01_数字生命全量总账.md；/Users/yu/Documents/Codex/coex项目总库/10-19_四项目工程域/11_P01_数字生命_DL/00_域门/来源路径保留/2026-06-03/notion-3-crv/outputs/数字生命总账工程/02_机器续接摘要.json；/Users/yu/Documents/Codex/coex项目总库/10-19_四项目工程域/11_P01_数字生命_DL/00_域门/来源路径保留/数字生命工程入口.md；/Users/yu/Documents/Codex/coex项目总库/10-19_四项目工程域/11_P01_数字生命_DL/50_输出区/来源路径保留/2026-06-05/new-chat/outputs/数字生命OS_运行总清单.md
DL-REF-0124,/Users/yu/Documents/Codex/2026-06-05/new-chat/work/digital-life-os-core/runtime/digital_life_os_core_stable_20260608.sqlite,否,4,2,/Users/yu/Documents/Codex/coex项目总库/10-19_四项目工程域/11_P01_数字生命_DL/40_加工区/来源路径保留/2026-06-05/new-chat/work/digital-life-os-core/runtime/digital_life_os_core_stable_20260608.sqlite,P0,否,旧路径失联；改用 recommended_coex_path 或把入口改成旧路径/Coex现址双列。,/Users/yu/Documents/Codex/coex项目总库/10-19_四项目工程域/11_P01_数字生命_DL/00_域门/来源路径保留/2026-06-03/notion-3-crv/outputs/数字生命总账工程/01_数字生命全量总账.md；/Users/yu/Documents/Codex/coex项目总库/10-19_四项目工程域/11_P01_数字生命_DL/00_域门/来源路径保留/2026-06-03/notion-3-crv/outputs/数字生命总账工程/02_机器续接摘要.json；/Users/yu/Documents/Codex/coex项目总库/10-19_四项目工程域/11_P01_数字生命_DL/00_域门/来源路径保留/数字生命工程入口.md；/Users/yu/Documents/Codex/coex项目总库/10-19_四项目工程域/11_P01_数字生命_DL/50_输出区/来源路径保留/2026-06-05/new-chat/outputs/数字生命OS_运行总清单.md
DL-REF-0125,/Users/yu/Documents/Codex/coex项目总库/00_总账中心/00_总控入口/来源路径保留/2026-06-03/notion-3-crv/四项目工程总入口/四项目双向同步规则.md,是,1,0,,OK,否,旧路径当前仍存在；可保留，但建议在 Coex 入口同步写出现址。,/Users/yu/Documents/Codex/coex项目总库/00_总账中心/04_关键入口索引.md
DL-REF-0126,/Users/yu/Documents/Codex/coex项目总库/00_总账中心/00_总控入口/来源路径保留/2026-06-03/notion-3-crv/四项目工程总入口/四项目工程总门.md,是,1,0,,OK,否,旧路径当前仍存在；可保留，但建议在 Coex 入口同步写出现址。,/Users/yu/Documents/Codex/coex项目总库/00_总账中心/04_关键入口索引.md
DL-REF-0127,/Users/yu/Documents/Codex/coex项目总库/01_入口与触发词/00_总控入口/来源路径保留/2026-06-03/notion-3-crv/四项目工程总入口/四工程状态加载与文风触发总表_2026-06-13.md,是,1,0,,OK,否,旧路径当前仍存在；可保留，但建议在 Coex 入口同步写出现址。,/Users/yu/Documents/Codex/coex项目总库/00_总账中心/04_关键入口索引.md
DL-REF-0128,/Users/yu/Documents/Codex/coex项目总库/02_域名册与路径映射/00_总控入口/来源路径保留/2026-06-03/notion-3-crv/四项目工程总入口/四项目路径映射表.csv,是,1,0,,OK,否,旧路径当前仍存在；可保留，但建议在 Coex 入口同步写出现址。,/Users/yu/Documents/Codex/coex项目总库/00_总账中心/04_关键入口索引.md
DL-REF-0129,/Users/yu/Documents/Codex/coex项目总库/03_查询隔离防火墙/00_总控入口/来源路径保留/2026-06-03/notion-3-crv/四项目工程总入口/06_查询隔离防火墙/四项目加工具域查询隔离防火墙_2026-06-14.md,是,1,0,,OK,否,旧路径当前仍存在；可保留，但建议在 Coex 入口同步写出现址。,/Users/yu/Documents/Codex/coex项目总库/00_总账中心/04_关键入口索引.md
DL-REF-0130,/Users/yu/Documents/Codex/coex项目总库/10-19_四项目工程域/11_P01_数字生命_DL/00_域门/来源路径保留/2026-06-03/notion-3-crv/outputs/数字生命总账工程/01_数字生命全量总账.md,是,1,1,/Users/yu/Documents/Codex/coex项目总库/10-19_四项目工程域/11_P01_数字生命_DL/00_域门/来源路径保留/2026-06-03/notion-3-crv/outputs/数字生命总账工程/01_数字生命全量总账.md,OK,否,旧路径当前仍存在；可保留，但建议在 Coex 入口同步写出现址。,/Users/yu/Documents/Codex/coex项目总库/00_总账中心/04_关键入口索引.md
DL-REF-0131,/Users/yu/Documents/Codex/coex项目总库/10-19_四项目工程域/12_P02_本身即美_BJM/00_域门/来源路径保留/2026-06-03/notion-3-crv/本身即美/本身即美｜建设平台（总根,否,1,0,,P2,是,旧路径失联且未在 Coex 找到直接镜像；列入人工复核。,/Users/yu/Documents/Codex/coex项目总库/00_总账中心/04_关键入口索引.md
DL-REF-0132,/Users/yu/Documents/Codex/coex项目总库/10-19_四项目工程域/13_P03_红楼梦_HLM/00_域门/来源路径保留/2026-06-03/notion-3-crv/outputs/红楼梦Codex最终答案/总账与快照/00_红楼梦研究台总账.md,是,1,0,,OK,否,旧路径当前仍存在；可保留，但建议在 Coex 入口同步写出现址。,/Users/yu/Documents/Codex/coex项目总库/00_总账中心/04_关键入口索引.md
DL-REF-0133,/Users/yu/Documents/Codex/coex项目总库/10-19_四项目工程域/14_P04_哲思之旅_ZS/00_域门/来源路径保留/2026-06-03/notion-3-crv/哲思之旅/哲思之旅工程/16_工程宪法与SOP/哲思之旅_状态加载与触发词联动卡_2026-06-13.md,是,1,0,,OK,否,旧路径当前仍存在；可保留，但建议在 Coex 入口同步写出现址。,/Users/yu/Documents/Codex/coex项目总库/00_总账中心/04_关键入口索引.md
DL-REF-0134,/Users/yu/Documents/Codex/coex项目总库/40-49_输出成品总库/旧线程输出归档/来源路径保留/2026-06-14/5-5-5/outputs/四项目加工具域查询隔离防火墙_落地回执_2026-06-14.md,是,1,0,,OK,否,旧路径当前仍存在；可保留，但建议在 Coex 入口同步写出现址。,/Users/yu/Documents/Codex/coex项目总库/00_总账中心/04_关键入口索引.md
DL-REF-0135,/Users/yu/Documents/Codex/coex项目总库/60-69_快照与恢复包中心/61_恢复包与稳定节点/来源路径保留/2026-06-03/notion-3-crv/四项目工程总入口/08_四项目恢复包中心/00_恢复包总索引.md,是,1,0,,OK,否,旧路径当前仍存在；可保留，但建议在 Coex 入口同步写出现址。,/Users/yu/Documents/Codex/coex项目总库/00_总账中心/04_关键入口索引.md
DL-REF-0136,/Users/yu/Documents/Codex/coex项目总库/60-69_快照与恢复包中心/61_恢复包与稳定节点/来源路径保留/2026-06-03/notion-3-crv/四项目工程总入口/08_四项目恢复包中心/01_红楼梦/红楼梦_桌面与Codex回显局部恢复包_20260616_125529/files/outputs/红楼梦Codex最终答案/总账与快照/00_红楼梦研究台总账.md,是,1,0,,OK,否,旧路径当前仍存在；可保留，但建议在 Coex 入口同步写出现址。,/Users/yu/Documents/Codex/coex项目总库/00_总账中心/04_关键入口索引.md
DL-REF-0137,/Users/yu/Documents/Codex/coex项目总库/60-69_快照与恢复包中心/61_恢复包与稳定节点/来源路径保留/2026-06-03/notion-3-crv/四项目工程总入口/08_四项目恢复包中心/02_数字生命/数字生命_召回正常显示局部恢复包_20260616_131500/files/四项目总规则/四工程状态加载与文风触发总表_2026-06-13.md,是,1,0,,OK,否,旧路径当前仍存在；可保留，但建议在 Coex 入口同步写出现址。,/Users/yu/Documents/Codex/coex项目总库/00_总账中心/04_关键入口索引.md
DL-REF-0138,/Users/yu/Documents/Codex/coex项目总库/60-69_快照与恢复包中心/61_恢复包与稳定节点/来源路径保留/2026-06-03/notion-3-crv/四项目工程总入口/08_四项目恢复包中心/02_数字生命/数字生命_召回正常显示局部恢复包_20260616_131500/files/四项目总规则/四项目加工具域查询隔离防火墙_2026-06-14.md,是,1,0,,OK,否,旧路径当前仍存在；可保留，但建议在 Coex 入口同步写出现址。,/Users/yu/Documents/Codex/coex项目总库/00_总账中心/04_关键入口索引.md
DL-REF-0139,/Users/yu/Documents/Codex/coex项目总库/60-69_快照与恢复包中心/61_恢复包与稳定节点/来源路径保留/2026-06-03/notion-3-crv/四项目工程总入口/08_四项目恢复包中心/02_数字生命/数字生命_召回正常显示局部恢复包_20260616_131500/files/项目关键规则/01_数字生命全量总账.md,是,1,1,/Users/yu/Documents/Codex/coex项目总库/10-19_四项目工程域/11_P01_数字生命_DL/00_域门/来源路径保留/2026-06-03/notion-3-crv/outputs/数字生命总账工程/01_数字生命全量总账.md,OK,否,旧路径当前仍存在；可保留，但建议在 Coex 入口同步写出现址。,/Users/yu/Documents/Codex/coex项目总库/00_总账中心/04_关键入口索引.md
DL-REF-0140,/Users/yu/Documents/Codex/coex项目总库/60-69_快照与恢复包中心/61_恢复包与稳定节点/来源路径保留/2026-06-03/notion-3-crv/四项目工程总入口/08_四项目恢复包中心/03_本身即美/本身即美_召回正常显示局部恢复包_20260616_131500/files/四项目总规则/四工程状态加载与文风触发总表_2026-06-13.md,是,1,0,,OK,否,旧路径当前仍存在；可保留，但建议在 Coex 入口同步写出现址。,/Users/yu/Documents/Codex/coex项目总库/00_总账中心/04_关键入口索引.md
DL-REF-0141,/Users/yu/Documents/Codex/coex项目总库/60-69_快照与恢复包中心/61_恢复包与稳定节点/来源路径保留/2026-06-03/notion-3-crv/四项目工程总入口/08_四项目恢复包中心/03_本身即美/本身即美_召回正常显示局部恢复包_20260616_131500/files/四项目总规则/四项目加工具域查询隔离防火墙_2026-06-14.md,是,1,0,,OK,否,旧路径当前仍存在；可保留，但建议在 Coex 入口同步写出现址。,/Users/yu/Documents/Codex/coex项目总库/00_总账中心/04_关键入口索引.md
DL-REF-0142,/Users/yu/Documents/Codex/coex项目总库/60-69_快照与恢复包中心/61_恢复包与稳定节点/来源路径保留/2026-06-03/notion-3-crv/四项目工程总入口/08_四项目恢复包中心/03_本身即美/本身即美_召回正常显示局部恢复包_20260616_131500/files/项目关键规则/本身即美｜状态加载与触发词联动卡_2026-06-13.md,是,1,0,,OK,否,旧路径当前仍存在；可保留，但建议在 Coex 入口同步写出现址。,/Users/yu/Documents/Codex/coex项目总库/00_总账中心/04_关键入口索引.md
DL-REF-0143,/Users/yu/Documents/Codex/coex项目总库/60-69_快照与恢复包中心/61_恢复包与稳定节点/来源路径保留/2026-06-03/notion-3-crv/四项目工程总入口/08_四项目恢复包中心/04_哲思之旅/哲思之旅_召回正常显示局部恢复包_20260616_131500/files/四项目总规则/四工程状态加载与文风触发总表_2026-06-13.md,是,1,0,,OK,否,旧路径当前仍存在；可保留，但建议在 Coex 入口同步写出现址。,/Users/yu/Documents/Codex/coex项目总库/00_总账中心/04_关键入口索引.md
DL-REF-0144,/Users/yu/Documents/Codex/coex项目总库/60-69_快照与恢复包中心/61_恢复包与稳定节点/来源路径保留/2026-06-03/notion-3-crv/四项目工程总入口/08_四项目恢复包中心/04_哲思之旅/哲思之旅_召回正常显示局部恢复包_20260616_131500/files/四项目总规则/四项目加工具域查询隔离防火墙_2026-06-14.md,是,1,0,,OK,否,旧路径当前仍存在；可保留，但建议在 Coex 入口同步写出现址。,/Users/yu/Documents/Codex/coex项目总库/00_总账中心/04_关键入口索引.md
DL-REF-0145,/Users/yu/Documents/Codex/coex项目总库/60-69_快照与恢复包中心/61_恢复包与稳定节点/来源路径保留/2026-06-03/notion-3-crv/四项目工程总入口/08_四项目恢复包中心/04_哲思之旅/哲思之旅_召回正常显示局部恢复包_20260616_131500/files/项目关键规则/哲思之旅_状态加载与触发词联动卡_2026-06-13.md,是,1,0,,OK,否,旧路径当前仍存在；可保留，但建议在 Coex 入口同步写出现址。,/Users/yu/Documents/Codex/coex项目总库/00_总账中心/04_关键入口索引.md
DL-REF-0146,/Users/yu/Documents/Codex/coex项目总库/60-69_快照与恢复包中心/61_恢复包与稳定节点/来源路径保留/2026-06-15/new-chat/outputs/restore-points/工作计划生活安排_同步成功节点_20260616_135935.tar.gz,是,1,0,,OK,否,旧路径当前仍存在；可保留，但建议在 Coex 入口同步写出现址。,/Users/yu/Documents/Codex/coex项目总库/00_总账中心/04_关键入口索引.md
DL-REF-0147,/Users/yu/Documents/Codex/coex项目总库/60-69_快照与恢复包中心/61_恢复包与稳定节点/来源路径保留/2026-06-15/new-chat/outputs/restore-points/工作计划生活安排_同步成功节点_20260616_135935_说明.md,是,1,0,,OK,否,旧路径当前仍存在；可保留，但建议在 Coex 入口同步写出现址。,/Users/yu/Documents/Codex/coex项目总库/00_总账中心/04_关键入口索引.md
DL-REF-0148,/Users/yu/Documents/Codex/coex项目总库/60-69_快照与恢复包中心/61_恢复包与稳定节点/来源路径保留/2026-06-15/new-chat/outputs/工作计划生活安排_稳定节点说明.md,是,1,0,,OK,否,旧路径当前仍存在；可保留，但建议在 Coex 入口同步写出现址。,/Users/yu/Documents/Codex/coex项目总库/00_总账中心/04_关键入口索引.md
DL-REF-0149,/Users/yu/Documents/Codex/coex项目总库/60-69_快照与恢复包中心/61_恢复包与稳定节点/来源路径保留/红楼梦研究台回退快照/桌面与Codex回显局部恢复包_20260616_125529/files/outputs/红楼梦Codex最终答案/总账与快照/00_红楼梦研究台总账.md,是,1,0,,OK,否,旧路径当前仍存在；可保留，但建议在 Coex 入口同步写出现址。,/Users/yu/Documents/Codex/coex项目总库/00_总账中心/04_关键入口索引.md
DL-REF-0150,/Users/yu/Documents/Codex/coex项目总库/60-69_快照与恢复包中心/64_校验文件/来源路径保留/2026-06-15/new-chat/outputs/restore-points/工作计划生活安排_同步成功节点_20260616_135935.tar.gz.sha256,是,1,0,,OK,否,旧路径当前仍存在；可保留，但建议在 Coex 入口同步写出现址。,/Users/yu/Documents/Codex/coex项目总库/00_总账中心/04_关键入口索引.md
DL-REF-0151,/Users/yu/Documents/Codex/数字生命工程入口.md,是,2,2,/Users/yu/Documents/Codex/coex项目总库/10-19_四项目工程域/11_P01_数字生命_DL/00_域门/来源路径保留/数字生命工程入口.md,OK,否,旧路径当前仍存在；可保留，但建议在 Coex 入口同步写出现址。,/Users/yu/Documents/Codex/coex项目总库/10-19_四项目工程域/11_P01_数字生命_DL/00_域门/来源路径保留/2026-06-03/notion-3-crv/outputs/数字生命总账工程/01_数字生命全量总账.md；/Users/yu/Documents/Codex/coex项目总库/10-19_四项目工程域/11_P01_数字生命_DL/00_域门/来源路径保留/2026-06-03/notion-3-crv/outputs/数字生命总账工程/02_机器续接摘要.json
