external_node_id,external_year_label,raw_time_label,external_event_summary,candidate_time_key,candidate_title,candidate_chapter_no,candidate_evidence_level,candidate_source_level,rough_match_score,matched_tokens,match_status
EXT-WIKI-YEAR-0001,元年,四月二十八 （或八月 ）,甄士隐 梦入太虚幻境，石头入红尘， 贾宝玉 降生，英莲3岁 。,time_00004,第1回｜元年｜甄士隐梦太虚 / 石头入红尘,1,D｜外部模型辅助,外部校准,50,八月 / 四月二十八 / 梦入太虚幻境 / 甄士隐 / 石头入红尘 / 英莲 / 降生,矩阵法第一步_time_axis候选_必须回原文复核
EXT-WIKI-YEAR-0002,元年,八月十五,士隐赠银。,time_00003,第001回｜时间窗口｜红楼元年与神话入世,1,A｜原文明示,原文明示,21,八月十五 / 士隐赠银,矩阵法第一步_time_axis候选_必须回原文复核
EXT-WIKI-YEAR-0002,元年,八月十五,士隐赠银。,time_00005,第1回｜元年八月十六｜雨村进京应试,1,D｜外部模型辅助,外部校准,21,八月十五 / 士隐赠银,矩阵法第一步_time_axis候选_必须回原文复核
EXT-WIKI-YEAR-0002,元年,八月十五,士隐赠银。,time_00006,第1回｜元年八月十五｜士隐赠银,1,A｜原文明示,原文明示,21,八月十五 / 士隐赠银,矩阵法第一步_time_axis候选_必须回原文复核
EXT-WIKI-YEAR-0003,元年,八月十六,雨村动身进京应试。,time_00001,第1回｜八月十六｜雨村进京应试,1,A｜原文明示,原文明示,59,八月十六 / 京应 / 动身 / 动身进京 / 应试 / 村动 / 村动身进 / 身进 / 身进京应 / 进京 / 进京应试 / 雨村 / 雨村动身,矩阵法第一步_time_axis候选_必须回原文复核
EXT-WIKI-YEAR-0003,元年,八月十六,雨村动身进京应试。,time_00005,第1回｜元年八月十六｜雨村进京应试,1,D｜外部模型辅助,外部校准,59,八月十六 / 京应 / 动身 / 动身进京 / 应试 / 村动 / 村动身进 / 身进 / 身进京应 / 进京 / 进京应试 / 雨村 / 雨村动身,矩阵法第一步_time_axis候选_必须回原文复核
EXT-WIKI-YEAR-0003,元年,八月十六,雨村动身进京应试。,time_00002,第001回｜回目总判｜神话前史与士隐雨村开端,1,E｜疑点待判,工程推定,24,八月十六 / 进京 / 雨村,矩阵法第一步_time_axis候选_必须回原文复核
EXT-WIKI-YEAR-0003,元年,八月十六,雨村动身进京应试。,time_00003,第001回｜时间窗口｜红楼元年与神话入世,1,A｜原文明示,原文明示,24,八月十六 / 进京 / 雨村,矩阵法第一步_time_axis候选_必须回原文复核
EXT-WIKI-YEAR-0007,四年,,贾元春入宫 。,time_00048,第016回｜回目总判｜元春才选与秦钟夭逝,16,D｜外部模型辅助,工程推定,21,春 / 元春,矩阵法第一步_time_axis候选_必须回原文复核
EXT-WIKI-YEAR-0007,四年,,贾元春入宫 。,time_00049,第016回｜时间窗口｜十一年十二月底省亲前置,16,D｜外部模型辅助,外部校准,21,春 / 元春,矩阵法第一步_time_axis候选_必须回原文复核
EXT-WIKI-YEAR-0007,四年,,贾元春入宫 。,time_00055,第018回｜回目总判｜十月将尽至正月十五省亲,18,A｜原文明示,原文明示,21,春 / 元春,矩阵法第一步_time_axis候选_必须回原文复核
EXT-WIKI-YEAR-0007,四年,,贾元春入宫 。,time_00057,第018回｜时间窗口｜十月将尽筹备与正月十五省亲,18,A｜原文明示,原文明示,21,春 / 元春,矩阵法第一步_time_axis候选_必须回原文复核
EXT-WIKI-YEAR-0011,七年,秋,贾雨村 遇 冷子兴 ，贾琏约20岁 ， 王熙凤 嫁到贾府两年 ，王熙凤17岁 ， 贾蓉 16岁 。,time_00001,第1回｜八月十六｜雨村进京应试,1,A｜原文明示,原文明示,21,秋 / 贾雨村,矩阵法第一步_time_axis候选_必须回原文复核
EXT-WIKI-YEAR-0011,七年,秋,贾雨村 遇 冷子兴 ，贾琏约20岁 ， 王熙凤 嫁到贾府两年 ，王熙凤17岁 ， 贾蓉 16岁 。,time_00005,第1回｜元年八月十六｜雨村进京应试,1,D｜外部模型辅助,外部校准,21,秋 / 贾雨村,矩阵法第一步_time_axis候选_必须回原文复核
EXT-WIKI-YEAR-0011,七年,秋,贾雨村 遇 冷子兴 ，贾琏约20岁 ， 王熙凤 嫁到贾府两年 ，王熙凤17岁 ， 贾蓉 16岁 。,time_00006,第1回｜元年八月十五｜士隐赠银,1,A｜原文明示,原文明示,21,秋 / 贾雨村,矩阵法第一步_time_axis候选_必须回原文复核
EXT-WIKI-YEAR-0011,七年,秋,贾雨村 遇 冷子兴 ，贾琏约20岁 ， 王熙凤 嫁到贾府两年 ，王熙凤17岁 ， 贾蓉 16岁 。,time_00022,第7回前后｜红楼十年九月初三｜凤姐宝玉访宁府,7,D｜外部模型辅助,外部校准,21,秋 / 王熙凤,矩阵法第一步_time_axis候选_必须回原文复核
EXT-WIKI-YEAR-0011,七年,秋,贾雨村 遇 冷子兴 ，贾琏约20岁 ， 王熙凤 嫁到贾府两年 ，王熙凤17岁 ， 贾蓉 16岁 。,time_00037,第012回｜时间窗口｜冬至前后贾瑞风月鉴,12,D｜外部模型辅助,外部校准,21,秋 / 王熙凤,矩阵法第一步_time_axis候选_必须回原文复核
EXT-WIKI-YEAR-0012,七年,秋月初二,贾雨村护送林黛玉动身。,time_00001,第1回｜八月十六｜雨村进京应试,1,A｜原文明示,原文明示,35,秋 / 动身 / 贾雨 / 贾雨村 / 雨村,矩阵法第一步_time_axis候选_必须回原文复核
EXT-WIKI-YEAR-0012,七年,秋月初二,贾雨村护送林黛玉动身。,time_00005,第1回｜元年八月十六｜雨村进京应试,1,D｜外部模型辅助,外部校准,35,秋 / 动身 / 贾雨 / 贾雨村 / 雨村,矩阵法第一步_time_axis候选_必须回原文复核
EXT-WIKI-YEAR-0012,七年,秋月初二,贾雨村护送林黛玉动身。,time_00006,第1回｜元年八月十五｜士隐赠银,1,A｜原文明示,原文明示,32,秋 / 贾雨 / 贾雨村 / 雨村,矩阵法第一步_time_axis候选_必须回原文复核
EXT-WIKI-YEAR-0012,七年,秋月初二,贾雨村护送林黛玉动身。,time_00175,第070回｜时间窗口｜暮春桃花社柳絮词跳转,70,E｜疑点待判,工程推定,32,秋 / 林黛 / 林黛玉 / 黛玉,矩阵法第一步_time_axis候选_必须回原文复核
EXT-WIKI-YEAR-0013,八年,正月,林黛玉7岁（13岁 ）入贾府，贾迎春8岁 ，探春7岁，惜春6岁， 贾宝玉 8岁 ，贾母71岁 。雪雁10岁 。,time_00055,第018回｜回目总判｜十月将尽至正月十五省亲,18,A｜原文明示,原文明示,33,春 / 正月 / 林黛玉,矩阵法第一步_time_axis候选_必须回原文复核
EXT-WIKI-YEAR-0013,八年,正月,林黛玉7岁（13岁 ）入贾府，贾迎春8岁 ，探春7岁，惜春6岁， 贾宝玉 8岁 ，贾母71岁 。雪雁10岁 。,time_00057,第018回｜时间窗口｜十月将尽筹备与正月十五省亲,18,A｜原文明示,原文明示,33,春 / 正月 / 林黛玉,矩阵法第一步_time_axis候选_必须回原文复核
EXT-WIKI-YEAR-0013,八年,正月,林黛玉7岁（13岁 ）入贾府，贾迎春8岁 ，探春7岁，惜春6岁， 贾宝玉 8岁 ，贾母71岁 。雪雁10岁 。,time_00058,第18回｜正月十五五鼓｜元妃省亲礼仪启动,18,A｜原文明示,原文明示,33,春 / 正月 / 贾母,矩阵法第一步_time_axis候选_必须回原文复核
EXT-WIKI-YEAR-0015,八年,秋,贾雨村判案， 薛蟠 12岁（15岁 ），英莲12岁 （10岁 ）改名香菱。,time_00120,第047回｜回目总判｜薛蟠遭打与柳湘莲远走,47,C｜事件连续推定,工程推定,24,秋 / 薛蟠 / 香菱,矩阵法第一步_time_axis候选_必须回原文复核
EXT-WIKI-YEAR-0015,八年,秋,贾雨村判案， 薛蟠 12岁（15岁 ），英莲12岁 （10岁 ）改名香菱。,time_00122,第048回｜回目总判｜十月薛蟠南下与香菱学诗,48,D｜外部模型辅助,外部校准,24,秋 / 薛蟠 / 香菱,矩阵法第一步_time_axis候选_必须回原文复核
EXT-WIKI-YEAR-0015,八年,秋,贾雨村判案， 薛蟠 12岁（15岁 ），英莲12岁 （10岁 ）改名香菱。,time_00123,第048回｜时间窗口｜十月薛蟠南下香菱学诗,48,D｜外部模型辅助,外部校准,24,秋 / 薛蟠 / 香菱,矩阵法第一步_time_axis候选_必须回原文复核
EXT-WIKI-YEAR-0016,九年,春,薛宝钗 11岁 （13岁 ）入贾府。,time_00080,第028回｜回目总判｜蒋玉菡赠帕与红麝串,28,C｜事件连续推定,工程推定,21,春 / 薛宝钗,矩阵法第一步_time_axis候选_必须回原文复核
EXT-WIKI-YEAR-0018,十年,八月二十,秦可卿病。,time_00031,第10回前后｜红楼十年八月二十｜秦可卿病,10,D｜外部模型辅助,外部校准,24,八月二十 / 秦可卿 / 秦可卿病,矩阵法第一步_time_axis候选_必须回原文复核
EXT-WIKI-YEAR-0019,十年,九月初二,刘姥姥 一进荣国府，大姐儿3岁 ， 王熙凤 20岁 ，平儿15岁 。薛宝钗谈冷香丸， 周瑞家的 送宫花，看香菱像秦可卿。,time_00017,第6回｜红楼十年九月初二｜刘姥姥一进荣国府,6,E｜疑点待判,外部校准,38,九月初二 / 一进荣国府 / 冷香 / 刘姥姥 / 送宫花 / 香丸,矩阵法第一步_time_axis候选_必须回原文复核
EXT-WIKI-YEAR-0019,十年,九月初二,刘姥姥 一进荣国府，大姐儿3岁 ， 王熙凤 20岁 ，平儿15岁 。薛宝钗谈冷香丸， 周瑞家的 送宫花，看香菱像秦可卿。,time_00018,第006回｜回目总判｜秋尽冬初刘姥姥一进荣府,6,E｜疑点待判,工程推定,24,九月初二 / 一进荣国府 / 刘姥姥,矩阵法第一步_time_axis候选_必须回原文复核
EXT-WIKI-YEAR-0019,十年,九月初二,刘姥姥 一进荣国府，大姐儿3岁 ， 王熙凤 20岁 ，平儿15岁 。薛宝钗谈冷香丸， 周瑞家的 送宫花，看香菱像秦可卿。,time_00019,第006回｜时间窗口｜刘姥姥一进荣府,6,D｜外部模型辅助,外部校准,24,九月初二 / 一进荣国府 / 刘姥姥,矩阵法第一步_time_axis候选_必须回原文复核
EXT-WIKI-YEAR-0019,十年,九月初二,刘姥姥 一进荣国府，大姐儿3岁 ， 王熙凤 20岁 ，平儿15岁 。薛宝钗谈冷香丸， 周瑞家的 送宫花，看香菱像秦可卿。,time_00021,第007回｜时间窗口｜九月初三宁府秦钟线,7,D｜外部模型辅助,外部校准,20,刘姥姥 / 可卿 / 秦可 / 秦可卿 / 送宫花,矩阵法第一步_time_axis候选_必须回原文复核
EXT-WIKI-YEAR-0020,十年,九月初三,王熙凤带宝玉访宁府，焦大骂街，宝玉认识 秦钟 ，两人同龄10岁 。,time_00022,第7回前后｜红楼十年九月初三｜凤姐宝玉访宁府,7,D｜外部模型辅助,外部校准,77,九月初三 / 凤带 / 凤带宝玉 / 宁府 / 宝玉 / 宝玉认识 / 宝玉访宁 / 带宝 / 带宝玉访 / 焦大骂街 / 熙凤 / 熙凤带宝 / 玉访 / 玉访宁府 / 王熙 / 王熙凤 / 王熙凤带 / 秦钟 / 访宁,矩阵法第一步_time_axis候选_必须回原文复核
EXT-WIKI-YEAR-0020,十年,九月初三,王熙凤带宝玉访宁府，焦大骂街，宝玉认识 秦钟 ，两人同龄10岁 。,time_00020,第007回｜回目总判｜送宫花与秦钟结宝玉,7,D｜外部模型辅助,工程推定,32,九月初三 / 宁府 / 宝玉 / 秦钟,矩阵法第一步_time_axis候选_必须回原文复核
EXT-WIKI-YEAR-0020,十年,九月初三,王熙凤带宝玉访宁府，焦大骂街，宝玉认识 秦钟 ，两人同龄10岁 。,time_00021,第007回｜时间窗口｜九月初三宁府秦钟线,7,D｜外部模型辅助,外部校准,32,九月初三 / 宁府 / 宝玉 / 秦钟,矩阵法第一步_time_axis候选_必须回原文复核
EXT-WIKI-YEAR-0022,十年,九月十二,闹学，贾蔷16岁 。,time_00025,第9回｜红楼十年九月十二｜闹学,9,D｜外部模型辅助,外部校准,21,九月十二 / 闹学,矩阵法第一步_time_axis候选_必须回原文复核
EXT-WIKI-YEAR-0022,十年,九月十二,闹学，贾蔷16岁 。,time_00026,第009回｜回目总判｜入家塾与闹学,9,D｜外部模型辅助,工程推定,21,九月十二 / 闹学,矩阵法第一步_time_axis候选_必须回原文复核
EXT-WIKI-YEAR-0022,十年,九月十二,闹学，贾蔷16岁 。,time_00027,第009回｜时间窗口｜九月十二入塾闹学,9,D｜外部模型辅助,外部校准,21,九月十二 / 闹学,矩阵法第一步_time_axis候选_必须回原文复核
EXT-WIKI-YEAR-0023,十年,九月十三,张太医开药方，贾蓉19岁，贾珍38岁 ，贾惜春8岁 ，尤氏33岁 。,time_00028,第10回｜红楼十年九月十三｜张太医开药方,10,D｜外部模型辅助,外部校准,21,九月十三 / 张太医开药方,矩阵法第一步_time_axis候选_必须回原文复核
EXT-WIKI-YEAR-0023,十年,九月十三,张太医开药方，贾蓉19岁，贾珍38岁 ，贾惜春8岁 ，尤氏33岁 。,time_00030,第010回｜时间窗口｜九月十三张太医论病,10,D｜外部模型辅助,外部校准,21,九月十三 / 张太医开药方,矩阵法第一步_time_axis候选_必须回原文复核
EXT-WIKI-YEAR-0024,十年,九月十五,菊花盛开，贾敬生日，贾母不出席，秦可卿卧床不起，贾瑞（23岁 ）见王熙凤（21岁）。,time_00035,第11回前后｜红楼十年九月十五｜菊花盛开 / 贾敬生日,11,D｜外部模型辅助,外部校准,65,九月十五 / 不起 / 卧床 / 卧床不起 / 卿卧 / 卿卧床不 / 可卿 / 可卿卧床 / 床不 / 秦可 / 秦可卿 / 秦可卿卧 / 菊花盛开 / 贾敬生日 / 贾瑞,矩阵法第一步_time_axis候选_必须回原文复核
EXT-WIKI-YEAR-0024,十年,九月十五,菊花盛开，贾敬生日，贾母不出席，秦可卿卧床不起，贾瑞（23岁 ）见王熙凤（21岁）。,time_00034,第011回｜时间窗口｜九月十五宁府寿辰秦病线,11,D｜外部模型辅助,外部校准,38,九月十五 / 可卿 / 秦可 / 秦可卿 / 菊花盛开 / 贾瑞,矩阵法第一步_time_axis候选_必须回原文复核
EXT-WIKI-YEAR-0026,十年,十一月三十,冬至 。,time_00032,第11—12回前后｜红楼十年十一月三十｜冬至,11,D｜外部模型辅助,外部校准,33,冬 / 十一月三十 / 冬至,矩阵法第一步_time_axis候选_必须回原文复核
EXT-WIKI-YEAR-0026,十年,十一月三十,冬至 。,time_00036,第012回｜回目总判｜贾瑞相思局与风月鉴,12,C｜事件连续推定,工程推定,21,冬 / 冬至,矩阵法第一步_time_axis候选_必须回原文复核
EXT-WIKI-YEAR-0026,十年,十一月三十,冬至 。,time_00037,第012回｜时间窗口｜冬至前后贾瑞风月鉴,12,D｜外部模型辅助,外部校准,21,冬 / 冬至,矩阵法第一步_time_axis候选_必须回原文复核
EXT-WIKI-YEAR-0026,十年,十一月三十,冬至 。,time_00057,第018回｜时间窗口｜十月将尽筹备与正月十五省亲,18,A｜原文明示,原文明示,21,冬 / 冬至,矩阵法第一步_time_axis候选_必须回原文复核
EXT-WIKI-YEAR-0027,十年,十二月初二,王熙凤探望秦可卿，一诓贾瑞。,time_00038,第13回｜红楼十一年十月中｜秦可卿死 / 托梦凤姐,13,D｜外部模型辅助,外部校准,23,可卿 / 熙凤 / 王熙 / 王熙凤 / 秦可 / 秦可卿,矩阵法第一步_time_axis候选_必须回原文复核
EXT-WIKI-YEAR-0027,十年,十二月初二,王熙凤探望秦可卿，一诓贾瑞。,time_00039,第013回｜回目总判｜秦可卿死与凤姐协理,13,D｜外部模型辅助,工程推定,23,可卿 / 熙凤 / 王熙 / 王熙凤 / 秦可 / 秦可卿,矩阵法第一步_time_axis候选_必须回原文复核
EXT-WIKI-YEAR-0027,十年,十二月初二,王熙凤探望秦可卿，一诓贾瑞。,time_00040,第013回｜时间窗口｜十一年十月中秦可卿死,13,D｜外部模型辅助,外部校准,23,可卿 / 熙凤 / 王熙 / 王熙凤 / 秦可 / 秦可卿,矩阵法第一步_time_axis候选_必须回原文复核
EXT-WIKI-YEAR-0027,十年,十二月初二,王熙凤探望秦可卿，一诓贾瑞。,time_00041,第14—15回｜红楼十一年十二月初｜秦可卿出殡 / 北静王 / 凤姐弄权,14,D｜外部模型辅助,外部校准,23,可卿 / 熙凤 / 王熙 / 王熙凤 / 秦可 / 秦可卿,矩阵法第一步_time_axis候选_必须回原文复核
EXT-WIKI-YEAR-0028,十年,十二月初五,王熙凤二诓贾瑞。,time_00036,第012回｜回目总判｜贾瑞相思局与风月鉴,12,C｜事件连续推定,工程推定,17,熙凤 / 王熙 / 王熙凤 / 贾瑞,矩阵法第一步_time_axis候选_必须回原文复核
EXT-WIKI-YEAR-0028,十年,十二月初五,王熙凤二诓贾瑞。,time_00037,第012回｜时间窗口｜冬至前后贾瑞风月鉴,12,D｜外部模型辅助,外部校准,17,熙凤 / 王熙 / 王熙凤 / 贾瑞,矩阵法第一步_time_axis候选_必须回原文复核
EXT-WIKI-YEAR-0028,十年,十二月初五,王熙凤二诓贾瑞。,time_00022,第7回前后｜红楼十年九月初三｜凤姐宝玉访宁府,7,D｜外部模型辅助,外部校准,14,熙凤 / 王熙 / 王熙凤,矩阵法第一步_time_axis候选_必须回原文复核
EXT-WIKI-YEAR-0030,十一年,九月,林如海 病，黛玉回乡探亲。,time_00042,第014回｜回目总判｜林如海九月初三死与秦出殡,14,A｜原文明示,原文明示,21,九月 / 林如海,矩阵法第一步_time_axis候选_必须回原文复核
EXT-WIKI-YEAR-0030,十一年,九月,林如海 病，黛玉回乡探亲。,time_00043,第014回｜时间窗口｜林如海九月初三与秦丧双线,14,A｜原文明示,原文明示,21,九月 / 林如海,矩阵法第一步_time_axis候选_必须回原文复核
EXT-WIKI-YEAR-0030,十一年,九月,林如海 病，黛玉回乡探亲。,time_00044,第14回相关｜红楼十一年九月初三巳时｜林如海死,14,A｜原文明示,原文明示,21,九月 / 林如海,矩阵法第一步_time_axis候选_必须回原文复核
EXT-WIKI-YEAR-0030,十一年,九月,林如海 病，黛玉回乡探亲。,time_00050,第16回前后｜红楼十一年十二月底｜贾琏黛玉回贾府,16,D｜外部模型辅助,外部校准,21,九月 / 林如海,矩阵法第一步_time_axis候选_必须回原文复核
EXT-WIKI-YEAR-0031,十一年,九月初三,林如海死。,time_00042,第014回｜回目总判｜林如海九月初三死与秦出殡,14,A｜原文明示,原文明示,21,九月初三 / 林如海死,矩阵法第一步_time_axis候选_必须回原文复核
EXT-WIKI-YEAR-0031,十一年,九月初三,林如海死。,time_00043,第014回｜时间窗口｜林如海九月初三与秦丧双线,14,A｜原文明示,原文明示,21,九月初三 / 林如海死,矩阵法第一步_time_axis候选_必须回原文复核
EXT-WIKI-YEAR-0031,十一年,九月初三,林如海死。,time_00044,第14回相关｜红楼十一年九月初三巳时｜林如海死,14,A｜原文明示,原文明示,21,九月初三 / 林如海死,矩阵法第一步_time_axis候选_必须回原文复核
EXT-WIKI-YEAR-0032,十一年,十月中,秦可卿（20岁）死，托梦王熙凤留下“三春去后诸芳尽，各自须寻各自门”谶语，贾蓉20岁 。,time_00038,第13回｜红楼十一年十月中｜秦可卿死 / 托梦凤姐,13,D｜外部模型辅助,外部校准,89,十月 / 春 / 三春 / 三春去后 / 去后 / 去后诸芳 / 后诸 / 后诸芳尽 / 托梦 / 托梦王熙 / 春去 / 春去后诸 / 梦王 / 梦王熙凤 / 熙凤 / 王熙 / 王熙凤 / 秦可卿 / 芳尽 / 诸芳,矩阵法第一步_time_axis候选_必须回原文复核
EXT-WIKI-YEAR-0033,十一年,十二月初,秦可卿出殡，宝玉见北静王，王熙凤弄权。,time_00041,第14—15回｜红楼十一年十二月初｜秦可卿出殡 / 北静王 / 凤姐弄权,14,D｜外部模型辅助,外部校准,38,十二月 / 宝玉见北静王 / 王熙凤 / 王熙凤弄权 / 秦可卿 / 秦可卿出殡,矩阵法第一步_time_axis候选_必须回原文复核
EXT-WIKI-YEAR-0033,十一年,十二月初,秦可卿出殡，宝玉见北静王，王熙凤弄权。,time_00042,第014回｜回目总判｜林如海九月初三死与秦出殡,14,A｜原文明示,原文明示,24,十二月 / 秦可卿 / 秦可卿出殡,矩阵法第一步_time_axis候选_必须回原文复核
EXT-WIKI-YEAR-0033,十一年,十二月初,秦可卿出殡，宝玉见北静王，王熙凤弄权。,time_00045,第015回｜回目总判｜铁槛寺凤姐弄权与秦钟馒头庵,15,C｜事件连续推定,工程推定,24,十二月 / 秦可卿 / 秦可卿出殡,矩阵法第一步_time_axis候选_必须回原文复核
EXT-WIKI-YEAR-0033,十一年,十二月初,秦可卿出殡，宝玉见北静王，王熙凤弄权。,time_00046,第015回｜时间窗口｜十二月初秦可卿出殡后续,15,B｜上下文强推,上下文推定,24,十二月 / 秦可卿 / 秦可卿出殡,矩阵法第一步_time_axis候选_必须回原文复核
EXT-WIKI-YEAR-0034,十一年,十二月中,贾政（48岁 ）生日， 元春 28岁 （38岁 ）加封贤德妃。,time_00048,第016回｜回目总判｜元春才选与秦钟夭逝,16,D｜外部模型辅助,工程推定,33,十二月 / 春 / 元春,矩阵法第一步_time_axis候选_必须回原文复核
EXT-WIKI-YEAR-0034,十一年,十二月中,贾政（48岁 ）生日， 元春 28岁 （38岁 ）加封贤德妃。,time_00049,第016回｜时间窗口｜十一年十二月底省亲前置,16,D｜外部模型辅助,外部校准,33,十二月 / 春 / 元春,矩阵法第一步_time_axis候选_必须回原文复核
EXT-WIKI-YEAR-0035,十一年,十二月底,贾琏和黛玉回贾府。贾雨村同路回。,time_00050,第16回前后｜红楼十一年十二月底｜贾琏黛玉回贾府,16,D｜外部模型辅助,外部校准,50,十二月 / 回贾 / 玉回 / 玉回贾府 / 贾府 / 贾琏 / 贾雨村 / 贾雨村同路回 / 黛玉 / 黛玉回贾,矩阵法第一步_time_axis候选_必须回原文复核
EXT-WIKI-YEAR-0035,十一年,十二月底,贾琏和黛玉回贾府。贾雨村同路回。,time_00048,第016回｜回目总判｜元春才选与秦钟夭逝,16,D｜外部模型辅助,工程推定,32,十二月 / 回贾 / 玉回 / 黛玉,矩阵法第一步_time_axis候选_必须回原文复核
EXT-WIKI-YEAR-0035,十一年,十二月底,贾琏和黛玉回贾府。贾雨村同路回。,time_00049,第016回｜时间窗口｜十一年十二月底省亲前置,16,D｜外部模型辅助,外部校准,32,十二月 / 回贾 / 贾琏 / 黛玉,矩阵法第一步_time_axis候选_必须回原文复核
EXT-WIKI-YEAR-0035,十一年,十二月底,贾琏和黛玉回贾府。贾雨村同路回。,time_00051,第16回前后｜红楼十一年十二月底｜秦钟死,16,D｜外部模型辅助,外部校准,24,十二月 / 玉回 / 黛玉,矩阵法第一步_time_axis候选_必须回原文复核
EXT-WIKI-YEAR-0037,十一年,十二月底,修造大观园动工。,time_00047,第16—17回前后｜红楼十一年十二月底｜修造大观园动工,16,D｜外部模型辅助,外部校准,53,十二月 / 修造 / 修造大观 / 动工 / 园动 / 大观 / 大观园动 / 观园 / 观园动工 / 造大 / 造大观园,矩阵法第一步_time_axis候选_必须回原文复核
EXT-WIKI-YEAR-0038,十一年,十二月底,秦钟（11岁）死。,time_00045,第015回｜回目总判｜铁槛寺凤姐弄权与秦钟馒头庵,15,C｜事件连续推定,工程推定,21,十二月 / 秦钟,矩阵法第一步_time_axis候选_必须回原文复核
EXT-WIKI-YEAR-0038,十一年,十二月底,秦钟（11岁）死。,time_00048,第016回｜回目总判｜元春才选与秦钟夭逝,16,D｜外部模型辅助,工程推定,21,十二月 / 秦钟,矩阵法第一步_time_axis候选_必须回原文复核
EXT-WIKI-YEAR-0038,十一年,十二月底,秦钟（11岁）死。,time_00049,第016回｜时间窗口｜十一年十二月底省亲前置,16,D｜外部模型辅助,外部校准,21,十二月 / 秦钟,矩阵法第一步_time_axis候选_必须回原文复核
EXT-WIKI-YEAR-0038,十一年,十二月底,秦钟（11岁）死。,time_00051,第16回前后｜红楼十一年十二月底｜秦钟死,16,D｜外部模型辅助,外部校准,21,十二月 / 秦钟,矩阵法第一步_time_axis候选_必须回原文复核
EXT-WIKI-YEAR-0039,十二年,三月,宝玉大观园试才 。,time_00157,第062回｜回目总判｜宝玉生日与群芳生日谈话,62,A｜原文明示,原文明示,32,三月 / 大观 / 宝玉 / 观园,矩阵法第一步_time_axis候选_必须回原文复核
EXT-WIKI-YEAR-0039,十二年,三月,宝玉大观园试才 。,time_00053,第017回｜回目总判｜大观园题额试才,17,C｜事件连续推定,工程推定,26,园试 / 大观 / 大观园试 / 宝玉 / 观园 / 观园试才 / 试才,矩阵法第一步_time_axis候选_必须回原文复核
EXT-WIKI-YEAR-0039,十二年,三月,宝玉大观园试才 。,time_00052,第17—18回｜红楼12年模型｜元妃省亲 / 大观园成形,17,D｜外部模型辅助,外部校准,23,园试 / 大观 / 大观园试 / 观园 / 观园试才 / 试才,矩阵法第一步_time_axis候选_必须回原文复核
EXT-WIKI-YEAR-0039,十二年,三月,宝玉大观园试才 。,time_00054,第017回｜时间窗口｜十二年正月前大观园题额,17,B｜上下文强推,上下文推定,20,园试 / 大观 / 宝玉 / 观园 / 试才,矩阵法第一步_time_axis候选_必须回原文复核
EXT-WIKI-YEAR-0039,十二年,三月,宝玉大观园试才 。,time_00024,第008回｜时间窗口｜九月上中旬宝钗小恙,8,B｜上下文强推,上下文推定,17,大观 / 宝玉 / 玉大 / 观园,矩阵法第一步_time_axis候选_必须回原文复核
EXT-WIKI-YEAR-0043,十二年,十月底,大观园工程大体完备 。,time_00053,第017回｜回目总判｜大观园题额试才,17,C｜事件连续推定,工程推定,41,十月 / 园工 / 大观 / 大观园工 / 工程 / 观园 / 观园工程,矩阵法第一步_time_axis候选_必须回原文复核
EXT-WIKI-YEAR-0043,十二年,十月底,大观园工程大体完备 。,time_00040,第013回｜时间窗口｜十一年十月中秦可卿死,13,D｜外部模型辅助,外部校准,24,十月 / 大观 / 观园,矩阵法第一步_time_axis候选_必须回原文复核
EXT-WIKI-YEAR-0043,十二年,十月底,大观园工程大体完备 。,time_00052,第17—18回｜红楼12年模型｜元妃省亲 / 大观园成形,17,D｜外部模型辅助,外部校准,24,十月 / 大观 / 观园,矩阵法第一步_time_axis候选_必须回原文复核
EXT-WIKI-YEAR-0043,十二年,十月底,大观园工程大体完备 。,time_00055,第018回｜回目总判｜十月将尽至正月十五省亲,18,A｜原文明示,原文明示,24,十月 / 大观 / 观园,矩阵法第一步_time_axis候选_必须回原文复核
EXT-WIKI-YEAR-0043,十二年,十月底,大观园工程大体完备 。,time_00056,第18回｜十月将尽｜元妃省亲筹备全备,18,A｜原文明示,原文明示,24,十月 / 大观 / 观园,矩阵法第一步_time_axis候选_必须回原文复核
EXT-WIKI-YEAR-0044,十三年,正月十五,元春 省亲，点戏《豪宴》《乞巧》《仙缘》《离魂》。,time_00055,第018回｜回目总判｜十月将尽至正月十五省亲,18,A｜原文明示,原文明示,36,春 / 正月 / 元春 / 省亲,矩阵法第一步_time_axis候选_必须回原文复核
EXT-WIKI-YEAR-0044,十三年,正月十五,元春 省亲，点戏《豪宴》《乞巧》《仙缘》《离魂》。,time_00057,第018回｜时间窗口｜十月将尽筹备与正月十五省亲,18,A｜原文明示,原文明示,36,春 / 正月 / 元春 / 省亲,矩阵法第一步_time_axis候选_必须回原文复核
EXT-WIKI-YEAR-0044,十三年,正月十五,元春 省亲，点戏《豪宴》《乞巧》《仙缘》《离魂》。,time_00058,第18回｜正月十五五鼓｜元妃省亲礼仪启动,18,A｜原文明示,原文明示,33,春 / 正月 / 省亲,矩阵法第一步_time_axis候选_必须回原文复核
EXT-WIKI-YEAR-0044,十三年,正月十五,元春 省亲，点戏《豪宴》《乞巧》《仙缘》《离魂》。,time_00059,第019回｜回目总判｜省亲后良宵与静日,19,C｜事件连续推定,工程推定,33,春 / 正月 / 省亲,矩阵法第一步_time_axis候选_必须回原文复核
EXT-WIKI-YEAR-0044,十三年,正月十五,元春 省亲，点戏《豪宴》《乞巧》《仙缘》《离魂》。,time_00060,第019回｜时间窗口｜省亲后正月下旬初春,19,B｜上下文强推,上下文推定,33,春 / 正月 / 省亲,矩阵法第一步_time_axis候选_必须回原文复核
EXT-WIKI-YEAR-0045,十三年,正月十七,宝玉访袭人家，李嬷嬷吃奶酪，袭人15岁（18岁 ）规劝宝玉。,time_00059,第019回｜回目总判｜省亲后良宵与静日,19,C｜事件连续推定,工程推定,21,正月 / 袭人,矩阵法第一步_time_axis候选_必须回原文复核
EXT-WIKI-YEAR-0045,十三年,正月十七,宝玉访袭人家，李嬷嬷吃奶酪，袭人15岁（18岁 ）规劝宝玉。,time_00060,第019回｜时间窗口｜省亲后正月下旬初春,19,B｜上下文强推,上下文推定,21,正月 / 袭人,矩阵法第一步_time_axis候选_必须回原文复核
EXT-WIKI-YEAR-0046,十三年,正月十八,宝玉编香芋，李嬷嬷骂袭人，宝玉给麝月梳头。,time_00060,第019回｜时间窗口｜省亲后正月下旬初春,19,B｜上下文强推,上下文推定,24,正月 / 宝玉 / 袭人,矩阵法第一步_time_axis候选_必须回原文复核
EXT-WIKI-YEAR-0046,十三年,正月十八,宝玉编香芋，李嬷嬷骂袭人，宝玉给麝月梳头。,time_00054,第017回｜时间窗口｜十二年正月前大观园题额,17,B｜上下文强推,上下文推定,21,正月 / 宝玉,矩阵法第一步_time_axis候选_必须回原文复核
EXT-WIKI-YEAR-0046,十三年,正月十八,宝玉编香芋，李嬷嬷骂袭人，宝玉给麝月梳头。,time_00059,第019回｜回目总判｜省亲后良宵与静日,19,C｜事件连续推定,工程推定,21,正月 / 袭人,矩阵法第一步_time_axis候选_必须回原文复核
EXT-WIKI-YEAR-0046,十三年,正月十八,宝玉编香芋，李嬷嬷骂袭人，宝玉给麝月梳头。,time_00157,第062回｜回目总判｜宝玉生日与群芳生日谈话,62,A｜原文明示,原文明示,21,正月 / 宝玉,矩阵法第一步_time_axis候选_必须回原文复核
EXT-WIKI-YEAR-0047,十三年,正月十九,宝玉（13岁）批 贾环 （11岁 ）。,time_00054,第017回｜时间窗口｜十二年正月前大观园题额,17,B｜上下文强推,上下文推定,21,正月 / 宝玉,矩阵法第一步_time_axis候选_必须回原文复核
EXT-WIKI-YEAR-0047,十三年,正月十九,宝玉（13岁）批 贾环 （11岁 ）。,time_00060,第019回｜时间窗口｜省亲后正月下旬初春,19,B｜上下文强推,上下文推定,21,正月 / 宝玉,矩阵法第一步_time_axis候选_必须回原文复核
EXT-WIKI-YEAR-0047,十三年,正月十九,宝玉（13岁）批 贾环 （11岁 ）。,time_00157,第062回｜回目总判｜宝玉生日与群芳生日谈话,62,A｜原文明示,原文明示,21,正月 / 宝玉,矩阵法第一步_time_axis候选_必须回原文复核
EXT-WIKI-YEAR-0049,十三年,正月二十,宝玉在黛玉处洗脸，袭人生气，宝玉给四儿起名。,time_00060,第019回｜时间窗口｜省亲后正月下旬初春,19,B｜上下文强推,上下文推定,32,正月 / 宝玉 / 袭人 / 黛玉,矩阵法第一步_time_axis候选_必须回原文复核
EXT-WIKI-YEAR-0050,十三年,正月二十,大姐儿出麻疹， 贾琏 （27岁）与多姑娘（20岁 ）通奸，平儿遮掩。贾母提议为薛宝钗办生日。,time_00066,第022回｜时间窗口｜正月下旬宝钗生日灯谜,22,A｜原文明示,原文明示,33,二十 / 正月 / 宝钗,矩阵法第一步_time_axis候选_必须回原文复核
EXT-WIKI-YEAR-0050,十三年,正月二十,大姐儿出麻疹， 贾琏 （27岁）与多姑娘（20岁 ）通奸，平儿遮掩。贾母提议为薛宝钗办生日。,time_00067,第22回｜正月下旬｜宝钗生日灯谜,22,A｜原文明示,原文明示,33,二十 / 正月 / 宝钗,矩阵法第一步_time_axis候选_必须回原文复核
EXT-WIKI-YEAR-0050,十三年,正月二十,大姐儿出麻疹， 贾琏 （27岁）与多姑娘（20岁 ）通奸，平儿遮掩。贾母提议为薛宝钗办生日。,time_00080,第028回｜回目总判｜蒋玉菡赠帕与红麝串,28,C｜事件连续推定,工程推定,32,二十 / 宝钗 / 薛宝 / 薛宝钗,矩阵法第一步_time_axis候选_必须回原文复核
EXT-WIKI-YEAR-0052,十三年,正月二十二,猜灯谜，贾政关心 贾兰 （10岁）。,time_00054,第017回｜时间窗口｜十二年正月前大观园题额,17,B｜上下文强推,上下文推定,21,正月 / 贾政,矩阵法第一步_time_axis候选_必须回原文复核
EXT-WIKI-YEAR-0052,十三年,正月二十二,猜灯谜，贾政关心 贾兰 （10岁）。,time_00065,第022回｜回目总判｜宝钗生日与灯谜谶语,22,E｜疑点待判,工程推定,21,二十二 / 贾政,矩阵法第一步_time_axis候选_必须回原文复核
EXT-WIKI-YEAR-0052,十三年,正月二十二,猜灯谜，贾政关心 贾兰 （10岁）。,time_00066,第022回｜时间窗口｜正月下旬宝钗生日灯谜,22,A｜原文明示,原文明示,20,二十二 / 正月,矩阵法第一步_time_axis候选_必须回原文复核
EXT-WIKI-YEAR-0052,十三年,正月二十二,猜灯谜，贾政关心 贾兰 （10岁）。,time_00067,第22回｜正月下旬｜宝钗生日灯谜,22,A｜原文明示,原文明示,20,二十二 / 正月,矩阵法第一步_time_axis候选_必须回原文复核
EXT-WIKI-YEAR-0054,十三年,二月上旬,贾政传命宝玉入园，金钏问宝玉吃胭脂否。,time_00041,第14—15回｜红楼十一年十二月初｜秦可卿出殡 / 北静王 / 凤姐弄权,14,D｜外部模型辅助,外部校准,21,二月 / 宝玉,矩阵法第一步_time_axis候选_必须回原文复核
EXT-WIKI-YEAR-0054,十三年,二月上旬,贾政传命宝玉入园，金钏问宝玉吃胭脂否。,time_00042,第014回｜回目总判｜林如海九月初三死与秦出殡,14,A｜原文明示,原文明示,21,二月 / 宝玉,矩阵法第一步_time_axis候选_必须回原文复核
EXT-WIKI-YEAR-0054,十三年,二月上旬,贾政传命宝玉入园，金钏问宝玉吃胭脂否。,time_00043,第014回｜时间窗口｜林如海九月初三与秦丧双线,14,A｜原文明示,原文明示,21,二月 / 宝玉,矩阵法第一步_time_axis候选_必须回原文复核
EXT-WIKI-YEAR-0054,十三年,二月上旬,贾政传命宝玉入园，金钏问宝玉吃胭脂否。,time_00157,第062回｜回目总判｜宝玉生日与群芳生日谈话,62,A｜原文明示,原文明示,21,二月 / 宝玉,矩阵法第一步_time_axis候选_必须回原文复核
EXT-WIKI-YEAR-0055,十三年,二月二十二,宝玉和众姐妹搬入大观园。薛宝钗住了蘅芜苑，林黛玉住了潇湘馆，贾迎春住了缀锦楼，探春住了秋爽斋，惜春住了蓼风轩，李氏住了稻香村，宝玉住了 怡红院 。,time_00109,第042回｜回目总判｜刘姥姥二进后余波与惜春画园,42,C｜事件连续推定,工程推定,56,春 / 秋 / 大观 / 宝钗 / 惜春 / 潇湘 / 蘅芜 / 观园 / 黛玉,矩阵法第一步_time_axis候选_必须回原文复核
EXT-WIKI-YEAR-0055,十三年,二月二十二,宝玉和众姐妹搬入大观园。薛宝钗住了蘅芜苑，林黛玉住了潇湘馆，贾迎春住了缀锦楼，探春住了秋爽斋，惜春住了蓼风轩，李氏住了稻香村，宝玉住了 怡红院 。,time_00196,第079回｜时间窗口｜秋冬婚事压力薛蟠迎春线,79,B｜上下文强推,上下文推定,53,春 / 秋 / 入大 / 入大观园 / 大观 / 观园 / 贾迎 / 迎春,矩阵法第一步_time_axis候选_必须回原文复核
EXT-WIKI-YEAR-0055,十三年,二月二十二,宝玉和众姐妹搬入大观园。薛宝钗住了蘅芜苑，林黛玉住了潇湘馆，贾迎春住了缀锦楼，探春住了秋爽斋，惜春住了蓼风轩，李氏住了稻香村，宝玉住了 怡红院 。,time_00175,第070回｜时间窗口｜暮春桃花社柳絮词跳转,70,E｜疑点待判,工程推定,50,春 / 秋 / 大观 / 林黛 / 林黛玉 / 观园 / 黛玉,矩阵法第一步_time_axis候选_必须回原文复核
EXT-WIKI-YEAR-0060,十三年,三月下旬,赵姨娘 请马道婆弄鬼，宝玉（13岁 ），王熙凤疯魔。,time_00157,第062回｜回目总判｜宝玉生日与群芳生日谈话,62,A｜原文明示,原文明示,21,三月 / 宝玉,矩阵法第一步_time_axis候选_必须回原文复核
EXT-WIKI-YEAR-0063,十三年,四月二十六,芒种祭花神，宝钗扑蝶，小红（17岁 ）攀王熙凤，黛玉葬花，冯紫英请客，蒋玉菡赠巾，元春赏端午节礼。,time_00077,第027回｜回目总判｜饯花前后宝钗扑蝶与黛玉葬花,27,C｜事件连续推定,工程推定,36,春 / 芒种 / 宝钗扑蝶 / 黛玉葬花,矩阵法第一步_time_axis候选_必须回原文复核
EXT-WIKI-YEAR-0063,十三年,四月二十六,芒种祭花神，宝钗扑蝶，小红（17岁 ）攀王熙凤，黛玉葬花，冯紫英请客，蒋玉菡赠巾，元春赏端午节礼。,time_00078,第27回｜暮春饯花｜宝钗扑蝶黛玉葬花,27,A｜原文明示,原文明示,36,春 / 芒种 / 宝钗扑蝶 / 黛玉葬花,矩阵法第一步_time_axis候选_必须回原文复核
EXT-WIKI-YEAR-0063,十三年,四月二十六,芒种祭花神，宝钗扑蝶，小红（17岁 ）攀王熙凤，黛玉葬花，冯紫英请客，蒋玉菡赠巾，元春赏端午节礼。,time_00079,第027回｜时间窗口｜暮春饯花葬花,27,A｜原文明示,原文明示,36,春 / 芒种 / 宝钗扑蝶 / 黛玉葬花,矩阵法第一步_time_axis候选_必须回原文复核
EXT-WIKI-YEAR-0068,十三年,五月初四,宝钗讽刺宝玉负荆请罪，龄官画蔷， 金钏 15岁 被撵，宝玉丢金麒麟，袭人被踢。,time_00092,第034回｜回目总判｜宝玉伤后探视与情错,34,C｜事件连续推定,工程推定,14,宝玉 / 宝钗 / 袭人,矩阵法第一步_time_axis候选_必须回原文复核
EXT-WIKI-YEAR-0077,十五年,八月二十二,结海棠诗社， 李纨 28岁， 迎春 16岁 （17岁 ）， 探春 14岁（15岁）， 惜春 13岁（15岁）。晴雯，秋纹，麝月嘲笑袭人。,time_00098,第037回｜回目总判｜八月二十二海棠诗社,37,D｜外部模型辅助,外部校准,33,八月二十二 / 秋 / 结海棠诗社,矩阵法第一步_time_axis候选_必须回原文复核
EXT-WIKI-YEAR-0080,十五年,八月二十五,贾母大观园 秋爽斋 和 缀锦阁 两宴刘姥姥，鸳鸯发牌。 栊翠庵 品茶，妙玉21岁。,time_00107,第041回｜回目总判｜栊翠庵品茶与刘姥姥醉卧,41,D｜外部模型辅助,外部校准,47,八月二十五 / 秋 / 刘姥姥 / 品茶 / 栊翠庵 / 贾母,矩阵法第一步_time_axis候选_必须回原文复核
EXT-WIKI-YEAR-0080,十五年,八月二十五,贾母大观园 秋爽斋 和 缀锦阁 两宴刘姥姥，鸳鸯发牌。 栊翠庵 品茶，妙玉21岁。,time_00103,第039回｜回目总判｜刘姥姥二进前奏,39,D｜外部模型辅助,外部校准,36,八月二十五 / 秋 / 刘姥姥 / 贾母,矩阵法第一步_time_axis候选_必须回原文复核
EXT-WIKI-YEAR-0080,十五年,八月二十五,贾母大观园 秋爽斋 和 缀锦阁 两宴刘姥姥，鸳鸯发牌。 栊翠庵 品茶，妙玉21岁。,time_00105,第040回｜回目总判｜贾母两宴大观园,40,D｜外部模型辅助,外部校准,36,八月二十五 / 秋 / 刘姥姥 / 贾母,矩阵法第一步_time_axis候选_必须回原文复核
EXT-WIKI-YEAR-0080,十五年,八月二十五,贾母大观园 秋爽斋 和 缀锦阁 两宴刘姥姥，鸳鸯发牌。 栊翠庵 品茶，妙玉21岁。,time_00104,第039回｜时间窗口｜八月下旬刘姥姥二进前奏,39,D｜外部模型辅助,外部校准,33,八月二十五 / 秋 / 刘姥姥,矩阵法第一步_time_axis候选_必须回原文复核
EXT-WIKI-YEAR-0080,十五年,八月二十五,贾母大观园 秋爽斋 和 缀锦阁 两宴刘姥姥，鸳鸯发牌。 栊翠庵 品茶，妙玉21岁。,time_00109,第042回｜回目总判｜刘姥姥二进后余波与惜春画园,42,C｜事件连续推定,工程推定,33,八月二十五 / 秋 / 刘姥姥,矩阵法第一步_time_axis候选_必须回原文复核
EXT-WIKI-YEAR-0081,十五年,八月二十五,刘姥姥给大姐儿（9岁 ）起名巧哥儿。,time_00103,第039回｜回目总判｜刘姥姥二进前奏,39,D｜外部模型辅助,外部校准,32,八月二十五 / 刘姥 / 刘姥姥 / 姥姥,矩阵法第一步_time_axis候选_必须回原文复核
EXT-WIKI-YEAR-0081,十五年,八月二十五,刘姥姥给大姐儿（9岁 ）起名巧哥儿。,time_00104,第039回｜时间窗口｜八月下旬刘姥姥二进前奏,39,D｜外部模型辅助,外部校准,32,八月二十五 / 刘姥 / 刘姥姥 / 姥姥,矩阵法第一步_time_axis候选_必须回原文复核
EXT-WIKI-YEAR-0081,十五年,八月二十五,刘姥姥给大姐儿（9岁 ）起名巧哥儿。,time_00105,第040回｜回目总判｜贾母两宴大观园,40,D｜外部模型辅助,外部校准,32,八月二十五 / 刘姥 / 刘姥姥 / 姥姥,矩阵法第一步_time_axis候选_必须回原文复核
EXT-WIKI-YEAR-0081,十五年,八月二十五,刘姥姥给大姐儿（9岁 ）起名巧哥儿。,time_00107,第041回｜回目总判｜栊翠庵品茶与刘姥姥醉卧,41,D｜外部模型辅助,外部校准,32,八月二十五 / 刘姥 / 刘姥姥 / 姥姥,矩阵法第一步_time_axis候选_必须回原文复核
EXT-WIKI-YEAR-0081,十五年,八月二十五,刘姥姥给大姐儿（9岁 ）起名巧哥儿。,time_00109,第042回｜回目总判｜刘姥姥二进后余波与惜春画园,42,C｜事件连续推定,工程推定,32,八月二十五 / 刘姥 / 刘姥姥 / 姥姥,矩阵法第一步_time_axis候选_必须回原文复核
EXT-WIKI-YEAR-0082,十五年,八月二十五,宝钗审黛玉，惜春开始画大观园。,time_00109,第042回｜回目总判｜刘姥姥二进后余波与惜春画园,42,C｜事件连续推定,工程推定,50,八月二十五 / 春 / 大观 / 惜春 / 画大 / 画大观园 / 观园,矩阵法第一步_time_axis候选_必须回原文复核
EXT-WIKI-YEAR-0083,十五年,八月二十七,贾母策划凤姐生日，让尤氏管份子钱操办。,time_00111,第043回｜回目总判｜凤姐生日与黛玉祭奠,43,C｜事件连续推定,工程推定,14,凤姐 / 凤姐生日 / 姐生,矩阵法第一步_time_axis候选_必须回原文复核
EXT-WIKI-YEAR-0083,十五年,八月二十七,贾母策划凤姐生日，让尤氏管份子钱操办。,time_00112,第043回｜时间窗口｜九月凤姐生日与黛玉祭奠,43,B｜上下文强推,上下文推定,14,凤姐 / 凤姐生日 / 姐生,矩阵法第一步_time_axis候选_必须回原文复核
EXT-WIKI-YEAR-0083,十五年,八月二十七,贾母策划凤姐生日，让尤氏管份子钱操办。,time_00113,第044回｜回目总判｜凤姐生日变故与平儿理妆,44,C｜事件连续推定,工程推定,14,凤姐 / 凤姐生日 / 姐生,矩阵法第一步_time_axis候选_必须回原文复核
EXT-WIKI-YEAR-0083,十五年,八月二十七,贾母策划凤姐生日，让尤氏管份子钱操办。,time_00114,第044回｜时间窗口｜九月凤姐生日变故,44,B｜上下文强推,上下文推定,14,凤姐 / 凤姐生日 / 姐生,矩阵法第一步_time_axis候选_必须回原文复核
EXT-WIKI-YEAR-0085,十五年,九月初三,鲍二家的上吊，众姐妹邀凤姐入诗社出银子。,time_00022,第7回前后｜红楼十年九月初三｜凤姐宝玉访宁府,7,D｜外部模型辅助,外部校准,21,九月初三 / 凤姐,矩阵法第一步_time_axis候选_必须回原文复核
EXT-WIKI-YEAR-0086,十五年,九月,黛玉做《秋窗风雨夕》，14岁（15岁 ），宝钗送燕窝。,time_00115,第045回｜回目总判｜九月秋窗风雨夕与燕窝,45,D｜外部模型辅助,外部校准,36,九月 / 秋 / 宝钗送燕窝 / 秋窗风雨夕,矩阵法第一步_time_axis候选_必须回原文复核
EXT-WIKI-YEAR-0086,十五年,九月,黛玉做《秋窗风雨夕》，14岁（15岁 ），宝钗送燕窝。,time_00116,第45回｜九月秋夜｜秋窗风雨夕,45,A｜原文明示,原文明示,36,九月 / 秋 / 宝钗送燕窝 / 秋窗风雨夕,矩阵法第一步_time_axis候选_必须回原文复核
EXT-WIKI-YEAR-0086,十五年,九月,黛玉做《秋窗风雨夕》，14岁（15岁 ），宝钗送燕窝。,time_00117,第045回｜时间窗口｜九月秋窗风雨夕,45,A｜原文明示,原文明示,36,九月 / 秋 / 宝钗送燕窝 / 秋窗风雨夕,矩阵法第一步_time_axis候选_必须回原文复核
EXT-WIKI-YEAR-0086,十五年,九月,黛玉做《秋窗风雨夕》，14岁（15岁 ），宝钗送燕窝。,time_00017,第6回｜红楼十年九月初二｜刘姥姥一进荣国府,6,E｜疑点待判,外部校准,20,九月 / 秋,矩阵法第一步_time_axis候选_必须回原文复核
EXT-WIKI-YEAR-0086,十五年,九月,黛玉做《秋窗风雨夕》，14岁（15岁 ），宝钗送燕窝。,time_00018,第006回｜回目总判｜秋尽冬初刘姥姥一进荣府,6,E｜疑点待判,工程推定,20,九月 / 秋,矩阵法第一步_time_axis候选_必须回原文复核
EXT-WIKI-YEAR-0087,十五年,九月,贾赦 （53岁 ）欲讨 鸳鸯 （20岁 ）。,time_00119,第046回｜时间窗口｜秋后鸳鸯抗婚,46,B｜上下文强推,上下文推定,21,九月 / 鸳鸯,矩阵法第一步_time_axis候选_必须回原文复核
EXT-WIKI-YEAR-0089,十五年,十月,薛蟠南下，香菱入大观园。,time_00122,第048回｜回目总判｜十月薛蟠南下与香菱学诗,48,D｜外部模型辅助,外部校准,35,十月 / 薛蟠 / 薛蟠南下 / 香菱 / 香菱入大观园,矩阵法第一步_time_axis候选_必须回原文复核
EXT-WIKI-YEAR-0089,十五年,十月,薛蟠南下，香菱入大观园。,time_00123,第048回｜时间窗口｜十月薛蟠南下香菱学诗,48,D｜外部模型辅助,外部校准,35,十月 / 薛蟠 / 薛蟠南下 / 香菱 / 香菱入大观园,矩阵法第一步_time_axis候选_必须回原文复核
EXT-WIKI-YEAR-0090,十五年,十月,贾雨村没收石呆子古扇，贾赦打贾琏，香菱（18岁）学诗。,time_00122,第048回｜回目总判｜十月薛蟠南下与香菱学诗,48,D｜外部模型辅助,外部校准,24,十月 / 学诗 / 香菱,矩阵法第一步_time_axis候选_必须回原文复核
EXT-WIKI-YEAR-0090,十五年,十月,贾雨村没收石呆子古扇，贾赦打贾琏，香菱（18岁）学诗。,time_00123,第048回｜时间窗口｜十月薛蟠南下香菱学诗,48,D｜外部模型辅助,外部校准,24,十月 / 学诗 / 香菱,矩阵法第一步_time_axis候选_必须回原文复核
EXT-WIKI-YEAR-0091,十五年,十月,薛宝琴 、 邢岫烟 、 李纹 、 李绮 进贾府，宝琴住贾母处，岫烟住迎春处，李纹李绮住李纨处，薛蝌住薛蟠处。史侯外任，贾母让湘云留住贾府，与宝钗同住。,time_00124,第049回｜回目总判｜十月宝琴岫烟等入府与雪景,49,D｜外部模型辅助,外部校准,41,十月 / 李纹 / 李绮 / 薛宝琴 / 贾府 / 进贾府 / 邢岫烟,矩阵法第一步_time_axis候选_必须回原文复核
EXT-WIKI-YEAR-0092,十五年,十月底,下雪，湘云芦雪庵烤鹿肉，平儿丢镯，贾母问薛宝琴的生辰八字。,time_00124,第049回｜回目总判｜十月宝琴岫烟等入府与雪景,49,D｜外部模型辅助,外部校准,24,十月 / 宝琴 / 薛宝,矩阵法第一步_time_axis候选_必须回原文复核
EXT-WIKI-YEAR-0092,十五年,十月底,下雪，湘云芦雪庵烤鹿肉，平儿丢镯，贾母问薛宝琴的生辰八字。,time_00125,第049回｜时间窗口｜十月初冬雪景宝琴入府,49,D｜外部模型辅助,外部校准,24,十月 / 宝琴 / 芦雪,矩阵法第一步_time_axis候选_必须回原文复核
EXT-WIKI-YEAR-0095,十五年,腊月,贾雨村补授大司马，乌进孝宁府送年货。,time_00014,第004回｜时间窗口｜薛家案与薛家入京早期,4,B｜上下文强推,上下文推定,17,村补 / 补授 / 雨村 / 雨村补授,矩阵法第一步_time_axis候选_必须回原文复核
EXT-WIKI-YEAR-0095,十五年,腊月,贾雨村补授大司马，乌进孝宁府送年货。,time_00001,第1回｜八月十六｜雨村进京应试,1,A｜原文明示,原文明示,14,贾雨 / 贾雨村 / 雨村,矩阵法第一步_time_axis候选_必须回原文复核
EXT-WIKI-YEAR-0097,十六年,正月十五,荣国府元宵夜宴，鸳鸯袭人诉苦，贾母评论女先儿说书。,time_00138,第054回｜时间窗口｜正月元宵夜宴,54,A｜原文明示,原文明示,65,元宵 / 正月 / 元宵 / 元宵夜宴 / 国府 / 国府元宵 / 夜宴 / 宵夜 / 府元 / 府元宵夜 / 荣国 / 荣国府元,矩阵法第一步_time_axis候选_必须回原文复核
EXT-WIKI-YEAR-0097,十六年,正月十五,荣国府元宵夜宴，鸳鸯袭人诉苦，贾母评论女先儿说书。,time_00139,第54回｜正月元宵｜荣国府夜宴,54,A｜原文明示,原文明示,65,元宵 / 正月 / 元宵 / 元宵夜宴 / 国府 / 国府元宵 / 夜宴 / 宵夜 / 府元 / 府元宵夜 / 荣国 / 荣国府元,矩阵法第一步_time_axis候选_必须回原文复核
EXT-WIKI-YEAR-0097,十六年,正月十五,荣国府元宵夜宴，鸳鸯袭人诉苦，贾母评论女先儿说书。,time_00135,第053回｜回目总判｜除夕祭宗祠与元宵夜宴,53,A｜原文明示,原文明示,53,元宵 / 元宵 / 元宵夜宴 / 国府 / 国府元宵 / 夜宴 / 宵夜 / 府元 / 府元宵夜 / 荣国 / 荣国府元,矩阵法第一步_time_axis候选_必须回原文复核
EXT-WIKI-YEAR-0097,十六年,正月十五,荣国府元宵夜宴，鸳鸯袭人诉苦，贾母评论女先儿说书。,time_00137,第054回｜回目总判｜元宵夜宴余波与史太君说书,54,C｜事件连续推定,工程推定,38,元宵 / 元宵 / 元宵夜宴 / 夜宴 / 宵夜 / 说书,矩阵法第一步_time_axis候选_必须回原文复核
EXT-WIKI-YEAR-0100,十六年,二月,江南甄家家眷来访，贾宝玉梦 甄宝玉 。,time_00042,第014回｜回目总判｜林如海九月初三死与秦出殡,14,A｜原文明示,原文明示,21,二月 / 贾宝玉,矩阵法第一步_time_axis候选_必须回原文复核
EXT-WIKI-YEAR-0100,十六年,二月,江南甄家家眷来访，贾宝玉梦 甄宝玉 。,time_00043,第014回｜时间窗口｜林如海九月初三与秦丧双线,14,A｜原文明示,原文明示,21,二月 / 贾宝玉,矩阵法第一步_time_axis候选_必须回原文复核
EXT-WIKI-YEAR-0102,十六年,二月,薛姨妈 生日 （七月也是薛姨妈生日 ）， 薛蝌 邢岫烟定亲。,time_00144,第057回｜回目总判｜春天紫鹃试玉与黛玉婚事焦虑,57,A｜原文明示,原文明示,23,妈生 / 姨妈 / 姨妈生日 / 薛姨 / 薛姨妈 / 薛姨妈生,矩阵法第一步_time_axis候选_必须回原文复核
EXT-WIKI-YEAR-0106,十六年,四月,平儿修理春燕娘。,time_00063,第021回｜回目总判｜省亲后日常与袭平两线,21,C｜事件连续推定,工程推定,21,春 / 平儿,矩阵法第一步_time_axis候选_必须回原文复核
EXT-WIKI-YEAR-0108,十六年,四月,平儿安抚玫瑰露事件，贾环误会彩云。,time_00157,第062回｜回目总判｜宝玉生日与群芳生日谈话,62,A｜原文明示,原文明示,24,四月 / 事件 / 平儿,矩阵法第一步_time_axis候选_必须回原文复核
EXT-WIKI-YEAR-0108,十六年,四月,平儿安抚玫瑰露事件，贾环误会彩云。,time_00152,第60回｜春夏之间｜茉莉粉玫瑰露,60,A｜原文明示,原文明示,23,事件 / 玫瑰 / 玫瑰露事 / 瑰露 / 瑰露事件 / 露事,矩阵法第一步_time_axis候选_必须回原文复核
EXT-WIKI-YEAR-0108,十六年,四月,平儿安抚玫瑰露事件，贾环误会彩云。,time_00153,第060回｜回目总判｜茉莉粉玫瑰露事件,60,C｜事件连续推定,工程推定,23,事件 / 玫瑰 / 玫瑰露事 / 瑰露 / 瑰露事件 / 露事,矩阵法第一步_time_axis候选_必须回原文复核
EXT-WIKI-YEAR-0108,十六年,四月,平儿安抚玫瑰露事件，贾环误会彩云。,time_00154,第060回｜时间窗口｜春夏茉莉粉玫瑰露,60,A｜原文明示,原文明示,23,事件 / 玫瑰 / 玫瑰露事 / 瑰露 / 瑰露事件 / 露事,矩阵法第一步_time_axis候选_必须回原文复核
EXT-WIKI-YEAR-0108,十六年,四月,平儿安抚玫瑰露事件，贾环误会彩云。,time_00004,第1回｜元年｜甄士隐梦太虚 / 石头入红尘,1,D｜外部模型辅助,外部校准,21,四月 / 事件,矩阵法第一步_time_axis候选_必须回原文复核
EXT-WIKI-YEAR-0109,十六年,四月二十六,宝玉生日，也是宝琴、岫烟、平儿、 四儿 的生日，湘云醉卧，香菱换裙，怡红院庆寿，麝月抽荼蘼花签。,time_00157,第062回｜回目总判｜宝玉生日与群芳生日谈话,62,A｜原文明示,原文明示,17,宝玉生日 / 岫烟 / 平儿 / 香菱,矩阵法第一步_time_axis候选_必须回原文复核
EXT-WIKI-YEAR-0113,十六年,六月初三,贾琏（29岁）偷娶 尤二姐 （不到24岁 ，或19岁 ）。,time_00164,第065回｜回目总判｜贾琏偷娶尤二姐,65,E｜疑点待判,工程推定,32,六月初三 / 偷娶 / 尤二姐 / 贾琏,矩阵法第一步_time_axis候选_必须回原文复核
EXT-WIKI-YEAR-0113,十六年,六月初三,贾琏（29岁）偷娶 尤二姐 （不到24岁 ，或19岁 ）。,time_00165,第065回｜时间窗口｜夏秋之间贾琏偷娶尤二姐,65,E｜疑点待判,工程推定,32,六月初三 / 偷娶 / 尤二姐 / 贾琏,矩阵法第一步_time_axis候选_必须回原文复核
EXT-WIKI-YEAR-0114,十六年,七月,贾琏一赴平安州见节度，路上遇薛蟠柳湘莲，为三姐订亲。,time_00162,第064回｜回目总判｜五美吟与尤二姐线开端,64,E｜疑点待判,工程推定,21,七月 / 贾琏,矩阵法第一步_time_axis候选_必须回原文复核
EXT-WIKI-YEAR-0114,十六年,七月,贾琏一赴平安州见节度，路上遇薛蟠柳湘莲，为三姐订亲。,time_00163,第064回｜时间窗口｜夏季五美吟与尤二姐线开端,64,E｜疑点待判,工程推定,21,七月 / 贾琏,矩阵法第一步_time_axis候选_必须回原文复核
EXT-WIKI-YEAR-0117,十六年,十月十五,王熙凤接尤二姐入贾府。,time_00170,第068回｜回目总判｜凤姐赚尤二姐入园,68,C｜事件连续推定,工程推定,17,二姐 / 姐入 / 尤二 / 尤二姐入,矩阵法第一步_time_axis候选_必须回原文复核
EXT-WIKI-YEAR-0117,十六年,十月十五,王熙凤接尤二姐入贾府。,time_00171,第068回｜时间窗口｜秋前后凤姐赚尤二姐入园,68,B｜上下文强推,上下文推定,17,二姐 / 姐入 / 尤二 / 尤二姐入,矩阵法第一步_time_axis候选_必须回原文复核
EXT-WIKI-YEAR-0117,十六年,十月十五,王熙凤接尤二姐入贾府。,time_00172,第069回｜回目总判｜尤二姐吞金自逝,69,C｜事件连续推定,工程推定,17,二姐 / 姐入 / 尤二 / 尤二姐入,矩阵法第一步_time_axis候选_必须回原文复核
EXT-WIKI-YEAR-0117,十六年,十月十五,王熙凤接尤二姐入贾府。,time_00173,第069回｜时间窗口｜秋前后尤二姐吞金自逝,69,B｜上下文强推,上下文推定,17,二姐 / 姐入 / 尤二 / 尤二姐入,矩阵法第一步_time_axis候选_必须回原文复核
EXT-WIKI-YEAR-0117,十六年,十月十五,王熙凤接尤二姐入贾府。,time_00262,第110回｜时间窗口｜贾母寿终凤姐失人心,110,B｜上下文强推,上下文推定,17,熙凤 / 王熙 / 王熙凤 / 贾府,矩阵法第一步_time_axis候选_必须回原文复核
EXT-WIKI-YEAR-0118,十六年,十月底,王熙凤闹宁府。,time_00038,第13回｜红楼十一年十月中｜秦可卿死 / 托梦凤姐,13,D｜外部模型辅助,外部校准,21,十月 / 王熙凤,矩阵法第一步_time_axis候选_必须回原文复核
EXT-WIKI-YEAR-0118,十六年,十月底,王熙凤闹宁府。,time_00039,第013回｜回目总判｜秦可卿死与凤姐协理,13,D｜外部模型辅助,工程推定,21,十月 / 王熙凤,矩阵法第一步_time_axis候选_必须回原文复核
EXT-WIKI-YEAR-0118,十六年,十月底,王熙凤闹宁府。,time_00040,第013回｜时间窗口｜十一年十月中秦可卿死,13,D｜外部模型辅助,外部校准,21,十月 / 王熙凤,矩阵法第一步_time_axis候选_必须回原文复核
EXT-WIKI-YEAR-0119,十六年,十一月中,贾琏回，娶秋桐为妾，秋桐属兔，17岁。当年为羊年，红楼一年为龙年。,time_00038,第13回｜红楼十一年十月中｜秦可卿死 / 托梦凤姐,13,D｜外部模型辅助,外部校准,24,秋 / 一年 / 红楼,矩阵法第一步_time_axis候选_必须回原文复核
EXT-WIKI-YEAR-0119,十六年,十一月中,贾琏回，娶秋桐为妾，秋桐属兔，17岁。当年为羊年，红楼一年为龙年。,time_00039,第013回｜回目总判｜秦可卿死与凤姐协理,13,D｜外部模型辅助,工程推定,24,秋 / 一年 / 红楼,矩阵法第一步_time_axis候选_必须回原文复核
EXT-WIKI-YEAR-0119,十六年,十一月中,贾琏回，娶秋桐为妾，秋桐属兔，17岁。当年为羊年，红楼一年为龙年。,time_00040,第013回｜时间窗口｜十一年十月中秦可卿死,13,D｜外部模型辅助,外部校准,24,秋 / 一年 / 红楼,矩阵法第一步_time_axis候选_必须回原文复核
EXT-WIKI-YEAR-0119,十六年,十一月中,贾琏回，娶秋桐为妾，秋桐属兔，17岁。当年为羊年，红楼一年为龙年。,time_00042,第014回｜回目总判｜林如海九月初三死与秦出殡,14,A｜原文明示,原文明示,24,秋 / 一年 / 红楼,矩阵法第一步_time_axis候选_必须回原文复核
EXT-WIKI-YEAR-0119,十六年,十一月中,贾琏回，娶秋桐为妾，秋桐属兔，17岁。当年为羊年，红楼一年为龙年。,time_00043,第014回｜时间窗口｜林如海九月初三与秦丧双线,14,A｜原文明示,原文明示,24,秋 / 一年 / 红楼,矩阵法第一步_time_axis候选_必须回原文复核
EXT-WIKI-YEAR-0121,十七年,三月初一,黛玉做《桃花行》，重建诗社，湘云建议改名桃花社 。,time_00174,第070回｜回目总判｜桃花社与柳絮词,70,C｜事件连续推定,工程推定,14,桃花 / 湘云 / 花社,矩阵法第一步_time_axis候选_必须回原文复核
EXT-WIKI-YEAR-0121,十七年,三月初一,黛玉做《桃花行》，重建诗社，湘云建议改名桃花社 。,time_00175,第070回｜时间窗口｜暮春桃花社柳絮词跳转,70,E｜疑点待判,工程推定,14,桃花 / 湘云 / 花社,矩阵法第一步_time_axis候选_必须回原文复核
EXT-WIKI-YEAR-0122,十七年,三月初三,探春生日。,time_00140,第055回｜回目总判｜探春理家与园中制度加压,55,C｜事件连续推定,工程推定,21,春 / 探春,矩阵法第一步_time_axis候选_必须回原文复核
EXT-WIKI-YEAR-0122,十七年,三月初三,探春生日。,time_00141,第055回｜时间窗口｜年节后探春理家,55,B｜上下文强推,上下文推定,21,春 / 探春,矩阵法第一步_time_axis候选_必须回原文复核
EXT-WIKI-YEAR-0122,十七年,三月初三,探春生日。,time_00142,第056回｜回目总判｜探春兴利与宝钗小惠,56,C｜事件连续推定,工程推定,21,春 / 探春,矩阵法第一步_time_axis候选_必须回原文复核
EXT-WIKI-YEAR-0122,十七年,三月初三,探春生日。,time_00143,第056回｜时间窗口｜春季探春兴利除弊,56,B｜上下文强推,上下文推定,21,春 / 探春,矩阵法第一步_time_axis候选_必须回原文复核
EXT-WIKI-YEAR-0122,十七年,三月初三,探春生日。,time_00243,第102回｜次日戌日数月｜探春出嫁后园荒驱妖,102,A｜原文明示,原文明示,21,春 / 探春,矩阵法第一步_time_axis候选_必须回原文复核
EXT-WIKI-YEAR-0125,十七年,三月下旬,众钗大观园潇湘馆外放风筝。,time_00157,第062回｜回目总判｜宝玉生日与群芳生日谈话,62,A｜原文明示,原文明示,24,三月 / 大观 / 观园,矩阵法第一步_time_axis候选_必须回原文复核
EXT-WIKI-YEAR-0125,十七年,三月下旬,众钗大观园潇湘馆外放风筝。,time_00075,第026回｜回目总判｜蜂腰桥与潇湘馆春困,26,C｜事件连续推定,工程推定,17,大观 / 湘馆 / 潇湘 / 观园,矩阵法第一步_time_axis候选_必须回原文复核
EXT-WIKI-YEAR-0125,十七年,三月下旬,众钗大观园潇湘馆外放风筝。,time_00076,第026回｜时间窗口｜春困潇湘馆,26,B｜上下文强推,上下文推定,17,大观 / 湘馆 / 潇湘 / 观园,矩阵法第一步_time_axis候选_必须回原文复核
EXT-WIKI-YEAR-0137,十七年,八月初九,探春告状。,time_00140,第055回｜回目总判｜探春理家与园中制度加压,55,C｜事件连续推定,工程推定,21,春 / 探春,矩阵法第一步_time_axis候选_必须回原文复核
EXT-WIKI-YEAR-0137,十七年,八月初九,探春告状。,time_00141,第055回｜时间窗口｜年节后探春理家,55,B｜上下文强推,上下文推定,21,春 / 探春,矩阵法第一步_time_axis候选_必须回原文复核
EXT-WIKI-YEAR-0137,十七年,八月初九,探春告状。,time_00142,第056回｜回目总判｜探春兴利与宝钗小惠,56,C｜事件连续推定,工程推定,21,春 / 探春,矩阵法第一步_time_axis候选_必须回原文复核
EXT-WIKI-YEAR-0137,十七年,八月初九,探春告状。,time_00143,第056回｜时间窗口｜春季探春兴利除弊,56,B｜上下文强推,上下文推定,21,春 / 探春,矩阵法第一步_time_axis候选_必须回原文复核
EXT-WIKI-YEAR-0137,十七年,八月初九,探春告状。,time_00243,第102回｜次日戌日数月｜探春出嫁后园荒驱妖,102,A｜原文明示,原文明示,21,春 / 探春,矩阵法第一步_time_axis候选_必须回原文复核
EXT-WIKI-YEAR-0141,十七年,八月十五,贾母凸碧山庄中秋赏月，黛玉、湘云凹晶馆对联，王熙凤和李纨生病，晴雯病重，宝玉牵挂。,time_00188,第076回｜回目总判｜中秋后凹晶馆联诗,76,C｜事件连续推定,工程推定,35,中秋 / 中秋 / 凸碧 / 凹晶 / 晶馆,矩阵法第一步_time_axis候选_必须回原文复核
EXT-WIKI-YEAR-0141,十七年,八月十五,贾母凸碧山庄中秋赏月，黛玉、湘云凹晶馆对联，王熙凤和李纨生病，晴雯病重，宝玉牵挂。,time_00189,第076回｜时间窗口｜中秋深夜凹晶馆联诗,76,B｜上下文强推,上下文推定,35,中秋 / 中秋 / 凸碧 / 凹晶 / 晶馆,矩阵法第一步_time_axis候选_必须回原文复核
EXT-WIKI-YEAR-0141,十七年,八月十五,贾母凸碧山庄中秋赏月，黛玉、湘云凹晶馆对联，王熙凤和李纨生病，晴雯病重，宝玉牵挂。,time_00001,第1回｜八月十六｜雨村进京应试,1,A｜原文明示,原文明示,33,中秋 / 八月十五 / 中秋,矩阵法第一步_time_axis候选_必须回原文复核
EXT-WIKI-YEAR-0147,十七年,九月,薛蟠（21岁）回来，娶 夏金桂 （17岁 ）。香菱19岁。,time_00247,第103回｜时间窗口｜金桂自焚雨村遇旧,103,E｜疑点待判,工程推定,32,夏 / 夏金桂 / 薛蟠 / 香菱,矩阵法第一步_time_axis候选_必须回原文复核
EXT-WIKI-YEAR-0147,十七年,九月,薛蟠（21岁）回来，娶 夏金桂 （17岁 ）。香菱19岁。,time_00195,第079回｜回目总判｜薛蟠娶金桂与迎春误嫁,79,C｜事件连续推定,工程推定,24,夏 / 夏金桂 / 薛蟠,矩阵法第一步_time_axis候选_必须回原文复核
EXT-WIKI-YEAR-0147,十七年,九月,薛蟠（21岁）回来，娶 夏金桂 （17岁 ）。香菱19岁。,time_00196,第079回｜时间窗口｜秋冬婚事压力薛蟠迎春线,79,B｜上下文强推,上下文推定,24,夏 / 夏金桂 / 薛蟠,矩阵法第一步_time_axis候选_必须回原文复核
EXT-WIKI-YEAR-0147,十七年,九月,薛蟠（21岁）回来，娶 夏金桂 （17岁 ）。香菱19岁。,time_00246,第103回｜回目总判｜金桂自焚与雨村遇旧,103,E｜疑点待判,工程推定,24,夏 / 夏金桂 / 香菱,矩阵法第一步_time_axis候选_必须回原文复核
EXT-WIKI-YEAR-0149,十七年,九月,迎春回门。,time_00018,第006回｜回目总判｜秋尽冬初刘姥姥一进荣府,6,E｜疑点待判,工程推定,20,九月 / 春,矩阵法第一步_time_axis候选_必须回原文复核
EXT-WIKI-YEAR-0152,十七年,九月,黛玉惊梦，元春染恙。,time_00048,第016回｜回目总判｜元春才选与秦钟夭逝,16,D｜外部模型辅助,工程推定,21,春 / 元春,矩阵法第一步_time_axis候选_必须回原文复核
EXT-WIKI-YEAR-0152,十七年,九月,黛玉惊梦，元春染恙。,time_00049,第016回｜时间窗口｜十一年十二月底省亲前置,16,D｜外部模型辅助,外部校准,21,春 / 元春,矩阵法第一步_time_axis候选_必须回原文复核
EXT-WIKI-YEAR-0152,十七年,九月,黛玉惊梦，元春染恙。,time_00055,第018回｜回目总判｜十月将尽至正月十五省亲,18,A｜原文明示,原文明示,21,春 / 元春,矩阵法第一步_time_axis候选_必须回原文复核
EXT-WIKI-YEAR-0152,十七年,九月,黛玉惊梦，元春染恙。,time_00057,第018回｜时间窗口｜十月将尽筹备与正月十五省亲,18,A｜原文明示,原文明示,21,春 / 元春,矩阵法第一步_time_axis候选_必须回原文复核
EXT-WIKI-YEAR-0152,十七年,九月,黛玉惊梦，元春染恙。,time_00018,第006回｜回目总判｜秋尽冬初刘姥姥一进荣府,6,E｜疑点待判,工程推定,20,九月 / 春,矩阵法第一步_time_axis候选_必须回原文复核
EXT-WIKI-YEAR-0159,十七年,九月,宝钗转信黛玉祝贺生日。,time_00115,第045回｜回目总判｜九月秋窗风雨夕与燕窝,45,D｜外部模型辅助,外部校准,24,九月 / 宝钗 / 黛玉,矩阵法第一步_time_axis候选_必须回原文复核
EXT-WIKI-YEAR-0159,十七年,九月,宝钗转信黛玉祝贺生日。,time_00116,第45回｜九月秋夜｜秋窗风雨夕,45,A｜原文明示,原文明示,24,九月 / 宝钗 / 黛玉,矩阵法第一步_time_axis候选_必须回原文复核
EXT-WIKI-YEAR-0159,十七年,九月,宝钗转信黛玉祝贺生日。,time_00117,第045回｜时间窗口｜九月秋窗风雨夕,45,A｜原文明示,原文明示,24,九月 / 宝钗 / 黛玉,矩阵法第一步_time_axis候选_必须回原文复核
EXT-WIKI-YEAR-0159,十七年,九月,宝钗转信黛玉祝贺生日。,time_00024,第008回｜时间窗口｜九月上中旬宝钗小恙,8,B｜上下文强推,上下文推定,21,九月 / 宝钗,矩阵法第一步_time_axis候选_必须回原文复核
EXT-WIKI-YEAR-0159,十七年,九月,宝钗转信黛玉祝贺生日。,time_00050,第16回前后｜红楼十一年十二月底｜贾琏黛玉回贾府,16,D｜外部模型辅助,外部校准,21,九月 / 黛玉,矩阵法第一步_time_axis候选_必须回原文复核
EXT-WIKI-YEAR-0161,十七年,九月,黛玉看见儿时与宝玉吵架剪断的香袋。,time_00018,第006回｜回目总判｜秋尽冬初刘姥姥一进荣府,6,E｜疑点待判,工程推定,21,九月 / 宝玉,矩阵法第一步_time_axis候选_必须回原文复核
EXT-WIKI-YEAR-0161,十七年,九月,黛玉看见儿时与宝玉吵架剪断的香袋。,time_00019,第006回｜时间窗口｜刘姥姥一进荣府,6,D｜外部模型辅助,外部校准,21,九月 / 宝玉,矩阵法第一步_time_axis候选_必须回原文复核
EXT-WIKI-YEAR-0161,十七年,九月,黛玉看见儿时与宝玉吵架剪断的香袋。,time_00020,第007回｜回目总判｜送宫花与秦钟结宝玉,7,D｜外部模型辅助,工程推定,21,九月 / 宝玉,矩阵法第一步_time_axis候选_必须回原文复核
EXT-WIKI-YEAR-0161,十七年,九月,黛玉看见儿时与宝玉吵架剪断的香袋。,time_00021,第007回｜时间窗口｜九月初三宁府秦钟线,7,D｜外部模型辅助,外部校准,21,九月 / 宝玉,矩阵法第一步_time_axis候选_必须回原文复核
EXT-WIKI-YEAR-0161,十七年,九月,黛玉看见儿时与宝玉吵架剪断的香袋。,time_00022,第7回前后｜红楼十年九月初三｜凤姐宝玉访宁府,7,D｜外部模型辅助,外部校准,21,九月 / 宝玉,矩阵法第一步_time_axis候选_必须回原文复核
EXT-WIKI-YEAR-0163,十七年,十月中旬,雪雁告诉紫鹃听人说宝玉定亲了。,time_00053,第017回｜回目总判｜大观园题额试才,17,C｜事件连续推定,工程推定,21,十月 / 宝玉,矩阵法第一步_time_axis候选_必须回原文复核
EXT-WIKI-YEAR-0170,十七年,十二月十九,元春薨，43岁 （33岁 ）。,time_00048,第016回｜回目总判｜元春才选与秦钟夭逝,16,D｜外部模型辅助,工程推定,21,春 / 元春,矩阵法第一步_time_axis候选_必须回原文复核
EXT-WIKI-YEAR-0170,十七年,十二月十九,元春薨，43岁 （33岁 ）。,time_00049,第016回｜时间窗口｜十一年十二月底省亲前置,16,D｜外部模型辅助,外部校准,21,春 / 元春,矩阵法第一步_time_axis候选_必须回原文复核
EXT-WIKI-YEAR-0170,十七年,十二月十九,元春薨，43岁 （33岁 ）。,time_00055,第018回｜回目总判｜十月将尽至正月十五省亲,18,A｜原文明示,原文明示,21,春 / 元春,矩阵法第一步_time_axis候选_必须回原文复核
EXT-WIKI-YEAR-0170,十七年,十二月十九,元春薨，43岁 （33岁 ）。,time_00057,第018回｜时间窗口｜十月将尽筹备与正月十五省亲,18,A｜原文明示,原文明示,21,春 / 元春,矩阵法第一步_time_axis候选_必须回原文复核
EXT-WIKI-YEAR-0176,十八年,秋,王熙凤大观园遇秦可卿幻影，29岁（25岁 ）。,time_00040,第013回｜时间窗口｜十一年十月中秦可卿死,13,D｜外部模型辅助,外部校准,47,秋 / 可卿 / 大观 / 熙凤 / 王熙 / 王熙凤 / 秦可 / 秦可卿 / 观园,矩阵法第一步_time_axis候选_必须回原文复核
EXT-WIKI-YEAR-0176,十八年,秋,王熙凤大观园遇秦可卿幻影，29岁（25岁 ）。,time_00034,第011回｜时间窗口｜九月十五宁府寿辰秦病线,11,D｜外部模型辅助,外部校准,41,秋 / 可卿 / 大观 / 熙凤 / 秦可 / 秦可卿 / 观园,矩阵法第一步_time_axis候选_必须回原文复核
EXT-WIKI-YEAR-0176,十八年,秋,王熙凤大观园遇秦可卿幻影，29岁（25岁 ）。,time_00038,第13回｜红楼十一年十月中｜秦可卿死 / 托梦凤姐,13,D｜外部模型辅助,外部校准,41,秋 / 可卿 / 熙凤 / 王熙 / 王熙凤 / 秦可 / 秦可卿,矩阵法第一步_time_axis候选_必须回原文复核
EXT-WIKI-YEAR-0176,十八年,秋,王熙凤大观园遇秦可卿幻影，29岁（25岁 ）。,time_00039,第013回｜回目总判｜秦可卿死与凤姐协理,13,D｜外部模型辅助,工程推定,41,秋 / 可卿 / 熙凤 / 王熙 / 王熙凤 / 秦可 / 秦可卿,矩阵法第一步_time_axis候选_必须回原文复核
EXT-WIKI-YEAR-0176,十八年,秋,王熙凤大观园遇秦可卿幻影，29岁（25岁 ）。,time_00021,第007回｜时间窗口｜九月初三宁府秦钟线,7,D｜外部模型辅助,外部校准,38,秋 / 可卿 / 大观 / 秦可 / 秦可卿 / 观园,矩阵法第一步_time_axis候选_必须回原文复核
EXT-WIKI-YEAR-0177,十八年,秋初一,王熙凤散花寺抽签。,time_00240,第101回｜回目总判｜凤姐幽魂异兆与散花寺神签,101,A｜原文明示,原文明示,47,初一 / 秋 / 寺抽 / 散花 / 散花寺抽 / 花寺,矩阵法第一步_time_axis候选_必须回原文复核
EXT-WIKI-YEAR-0177,十八年,秋初一,王熙凤散花寺抽签。,time_00241,第101回｜时间窗口｜月夜五更初一散花寺异兆,101,A｜原文明示,原文明示,36,初一 / 秋 / 散花 / 花寺,矩阵法第一步_time_axis候选_必须回原文复核
EXT-WIKI-YEAR-0177,十八年,秋初一,王熙凤散花寺抽签。,time_00242,第101回｜月夜五更初一｜散花寺异兆,101,A｜原文明示,原文明示,36,初一 / 秋 / 散花 / 花寺,矩阵法第一步_time_axis候选_必须回原文复核
EXT-WIKI-YEAR-0177,十八年,秋初一,王熙凤散花寺抽签。,time_00022,第7回前后｜红楼十年九月初三｜凤姐宝玉访宁府,7,D｜外部模型辅助,外部校准,32,秋 / 熙凤 / 王熙 / 王熙凤,矩阵法第一步_time_axis候选_必须回原文复核
EXT-WIKI-YEAR-0177,十八年,秋初一,王熙凤散花寺抽签。,time_00037,第012回｜时间窗口｜冬至前后贾瑞风月鉴,12,D｜外部模型辅助,外部校准,32,秋 / 熙凤 / 王熙 / 王熙凤,矩阵法第一步_time_axis候选_必须回原文复核
EXT-WIKI-YEAR-0181,十九年,正月,贾政被参回京。,time_00054,第017回｜时间窗口｜十二年正月前大观园题额,17,B｜上下文强推,上下文推定,21,正月 / 贾政,矩阵法第一步_time_axis候选_必须回原文复核
EXT-WIKI-YEAR-0183,十九年,正月,湘云（18岁）出嫁。,time_00157,第062回｜回目总判｜宝玉生日与群芳生日谈话,62,A｜原文明示,原文明示,21,正月 / 湘云,矩阵法第一步_time_axis候选_必须回原文复核
EXT-WIKI-YEAR-0184,十九年,正月十九,湘云回门看望贾母。,time_00058,第18回｜正月十五五鼓｜元妃省亲礼仪启动,18,A｜原文明示,原文明示,21,正月 / 贾母,矩阵法第一步_time_axis候选_必须回原文复核
EXT-WIKI-YEAR-0184,十九年,正月十九,湘云回门看望贾母。,time_00157,第062回｜回目总判｜宝玉生日与群芳生日谈话,62,A｜原文明示,原文明示,21,正月 / 湘云,矩阵法第一步_time_axis候选_必须回原文复核
EXT-WIKI-YEAR-0185,十九年,正月二十,迎春回。,time_00066,第022回｜时间窗口｜正月下旬宝钗生日灯谜,22,A｜原文明示,原文明示,28,二十 / 春 / 正月,矩阵法第一步_time_axis候选_必须回原文复核
EXT-WIKI-YEAR-0185,十九年,正月二十,迎春回。,time_00067,第22回｜正月下旬｜宝钗生日灯谜,22,A｜原文明示,原文明示,28,二十 / 春 / 正月,矩阵法第一步_time_axis候选_必须回原文复核
EXT-WIKI-YEAR-0185,十九年,正月二十,迎春回。,time_00055,第018回｜回目总判｜十月将尽至正月十五省亲,18,A｜原文明示,原文明示,20,春 / 正月,矩阵法第一步_time_axis候选_必须回原文复核
EXT-WIKI-YEAR-0185,十九年,正月二十,迎春回。,time_00057,第018回｜时间窗口｜十月将尽筹备与正月十五省亲,18,A｜原文明示,原文明示,20,春 / 正月,矩阵法第一步_time_axis候选_必须回原文复核
EXT-WIKI-YEAR-0185,十九年,正月二十,迎春回。,time_00058,第18回｜正月十五五鼓｜元妃省亲礼仪启动,18,A｜原文明示,原文明示,20,春 / 正月,矩阵法第一步_time_axis候选_必须回原文复核
EXT-WIKI-YEAR-0186,十九年,正月二十一,宝钗生日，迎春走。,time_00066,第022回｜时间窗口｜正月下旬宝钗生日灯谜,22,A｜原文明示,原文明示,33,春 / 正月 / 宝钗生日,矩阵法第一步_time_axis候选_必须回原文复核
EXT-WIKI-YEAR-0187,十九年,正月底,宝玉错把五儿当晴雯。,time_00054,第017回｜时间窗口｜十二年正月前大观园题额,17,B｜上下文强推,上下文推定,21,正月 / 宝玉,矩阵法第一步_time_axis候选_必须回原文复核
EXT-WIKI-YEAR-0187,十九年,正月底,宝玉错把五儿当晴雯。,time_00060,第019回｜时间窗口｜省亲后正月下旬初春,19,B｜上下文强推,上下文推定,21,正月 / 宝玉,矩阵法第一步_time_axis候选_必须回原文复核
EXT-WIKI-YEAR-0187,十九年,正月底,宝玉错把五儿当晴雯。,time_00157,第062回｜回目总判｜宝玉生日与群芳生日谈话,62,A｜原文明示,原文明示,21,正月 / 宝玉,矩阵法第一步_time_axis候选_必须回原文复核
EXT-WIKI-YEAR-0188,十九年,正月底,迎春去世。,time_00055,第018回｜回目总判｜十月将尽至正月十五省亲,18,A｜原文明示,原文明示,20,春 / 正月,矩阵法第一步_time_axis候选_必须回原文复核
EXT-WIKI-YEAR-0188,十九年,正月底,迎春去世。,time_00057,第018回｜时间窗口｜十月将尽筹备与正月十五省亲,18,A｜原文明示,原文明示,20,春 / 正月,矩阵法第一步_time_axis候选_必须回原文复核
EXT-WIKI-YEAR-0188,十九年,正月底,迎春去世。,time_00058,第18回｜正月十五五鼓｜元妃省亲礼仪启动,18,A｜原文明示,原文明示,20,春 / 正月,矩阵法第一步_time_axis候选_必须回原文复核
EXT-WIKI-YEAR-0188,十九年,正月底,迎春去世。,time_00059,第019回｜回目总判｜省亲后良宵与静日,19,C｜事件连续推定,工程推定,20,春 / 正月,矩阵法第一步_time_axis候选_必须回原文复核
EXT-WIKI-YEAR-0188,十九年,正月底,迎春去世。,time_00060,第019回｜时间窗口｜省亲后正月下旬初春,19,B｜上下文强推,上下文推定,20,春 / 正月,矩阵法第一步_time_axis候选_必须回原文复核
EXT-WIKI-YEAR-0189,十九年,二月,史湘云丈夫暴病。,time_00157,第062回｜回目总判｜宝玉生日与群芳生日谈话,62,A｜原文明示,原文明示,21,二月 / 湘云,矩阵法第一步_time_axis候选_必须回原文复核
EXT-WIKI-YEAR-0189,十九年,二月,史湘云丈夫暴病。,time_00174,第070回｜回目总判｜桃花社与柳絮词,70,C｜事件连续推定,工程推定,14,史湘 / 史湘云 / 湘云,矩阵法第一步_time_axis候选_必须回原文复核
EXT-WIKI-YEAR-0190,十九年,二月,贾母83岁 去世 ，鸳鸯（24岁）悬梁自尽。,time_00042,第014回｜回目总判｜林如海九月初三死与秦出殡,14,A｜原文明示,原文明示,21,二月 / 去世,矩阵法第一步_time_axis候选_必须回原文复核
EXT-WIKI-YEAR-0190,十九年,二月,贾母83岁 去世 ，鸳鸯（24岁）悬梁自尽。,time_00050,第16回前后｜红楼十一年十二月底｜贾琏黛玉回贾府,16,D｜外部模型辅助,外部校准,21,二月 / 去世,矩阵法第一步_time_axis候选_必须回原文复核
EXT-WIKI-YEAR-0192,十九年,四月,刘姥姥三进荣国府，王熙凤把巧姐托付刘姥姥。,time_00017,第6回｜红楼十年九月初二｜刘姥姥一进荣国府,6,E｜疑点待判,外部校准,26,刘姥 / 刘姥姥 / 国府 / 姥姥 / 荣国 / 进荣 / 进荣国府,矩阵法第一步_time_axis候选_必须回原文复核
EXT-WIKI-YEAR-0192,十九年,四月,刘姥姥三进荣国府，王熙凤把巧姐托付刘姥姥。,time_00018,第006回｜回目总判｜秋尽冬初刘姥姥一进荣府,6,E｜疑点待判,工程推定,26,刘姥 / 刘姥姥 / 国府 / 姥姥 / 荣国 / 进荣 / 进荣国府,矩阵法第一步_time_axis候选_必须回原文复核
EXT-WIKI-YEAR-0192,十九年,四月,刘姥姥三进荣国府，王熙凤把巧姐托付刘姥姥。,time_00019,第006回｜时间窗口｜刘姥姥一进荣府,6,D｜外部模型辅助,外部校准,26,刘姥 / 刘姥姥 / 国府 / 姥姥 / 荣国 / 进荣 / 进荣国府,矩阵法第一步_time_axis候选_必须回原文复核
EXT-WIKI-YEAR-0192,十九年,四月,刘姥姥三进荣国府，王熙凤把巧姐托付刘姥姥。,time_00022,第7回前后｜红楼十年九月初三｜凤姐宝玉访宁府,7,D｜外部模型辅助,外部校准,23,刘姥 / 刘姥姥 / 姥姥 / 熙凤 / 王熙 / 王熙凤,矩阵法第一步_time_axis候选_必须回原文复核
EXT-WIKI-YEAR-0196,十九年,七月,惜春（17岁）剪发出家，紫鹃出家。,time_00109,第042回｜回目总判｜刘姥姥二进后余波与惜春画园,42,C｜事件连续推定,工程推定,21,春 / 惜春,矩阵法第一步_time_axis候选_必须回原文复核
EXT-WIKI-YEAR-0196,十九年,七月,惜春（17岁）剪发出家，紫鹃出家。,time_00110,第042回｜时间窗口｜秋后刘姥姥二进余波,42,B｜上下文强推,上下文推定,21,春 / 惜春,矩阵法第一步_time_axis候选_必须回原文复核
EXT-WIKI-YEAR-0196,十九年,七月,惜春（17岁）剪发出家，紫鹃出家。,time_00211,第087回｜回目总判｜深秋抚琴与惜春入邪,85,A｜原文明示,原文明示,21,春 / 惜春,矩阵法第一步_time_axis候选_必须回原文复核
EXT-WIKI-YEAR-0196,十九年,七月,惜春（17岁）剪发出家，紫鹃出家。,time_00212,第87回｜深秋｜黛玉抚琴惜春入邪,85,A｜原文明示,原文明示,21,春 / 惜春,矩阵法第一步_time_axis候选_必须回原文复核
EXT-WIKI-YEAR-0196,十九年,七月,惜春（17岁）剪发出家，紫鹃出家。,time_00213,第087回｜时间窗口｜深秋黛玉抚琴惜春入邪,85,A｜原文明示,原文明示,21,春 / 惜春,矩阵法第一步_time_axis候选_必须回原文复核
EXT-WIKI-YEAR-0199,十九年,秋,宝玉（19歲 ）离家出走。,time_00018,第006回｜回目总判｜秋尽冬初刘姥姥一进荣府,6,E｜疑点待判,工程推定,21,秋 / 宝玉,矩阵法第一步_time_axis候选_必须回原文复核
EXT-WIKI-YEAR-0199,十九年,秋,宝玉（19歲 ）离家出走。,time_00019,第006回｜时间窗口｜刘姥姥一进荣府,6,D｜外部模型辅助,外部校准,21,秋 / 宝玉,矩阵法第一步_time_axis候选_必须回原文复核
EXT-WIKI-YEAR-0199,十九年,秋,宝玉（19歲 ）离家出走。,time_00020,第007回｜回目总判｜送宫花与秦钟结宝玉,7,D｜外部模型辅助,工程推定,21,秋 / 宝玉,矩阵法第一步_time_axis候选_必须回原文复核
EXT-WIKI-YEAR-0199,十九年,秋,宝玉（19歲 ）离家出走。,time_00021,第007回｜时间窗口｜九月初三宁府秦钟线,7,D｜外部模型辅助,外部校准,21,秋 / 宝玉,矩阵法第一步_time_axis候选_必须回原文复核
EXT-WIKI-YEAR-0199,十九年,秋,宝玉（19歲 ）离家出走。,time_00022,第7回前后｜红楼十年九月初三｜凤姐宝玉访宁府,7,D｜外部模型辅助,外部校准,21,秋 / 宝玉,矩阵法第一步_time_axis候选_必须回原文复核
EXT-WIKI-YEAR-0200,十九年,冬,贾政毘陵驛遇宝玉。,time_00054,第017回｜时间窗口｜十二年正月前大观园题额,17,B｜上下文强推,上下文推定,24,冬 / 宝玉 / 贾政,矩阵法第一步_time_axis候选_必须回原文复核
EXT-WIKI-YEAR-0200,十九年,冬,贾政毘陵驛遇宝玉。,time_00018,第006回｜回目总判｜秋尽冬初刘姥姥一进荣府,6,E｜疑点待判,工程推定,21,冬 / 宝玉,矩阵法第一步_time_axis候选_必须回原文复核
EXT-WIKI-YEAR-0200,十九年,冬,贾政毘陵驛遇宝玉。,time_00019,第006回｜时间窗口｜刘姥姥一进荣府,6,D｜外部模型辅助,外部校准,21,冬 / 宝玉,矩阵法第一步_time_axis候选_必须回原文复核
EXT-WIKI-YEAR-0200,十九年,冬,贾政毘陵驛遇宝玉。,time_00023,第008回｜回目总判｜宝钗小恙与宝玉醉归,8,C｜事件连续推定,工程推定,21,冬 / 宝玉,矩阵法第一步_time_axis候选_必须回原文复核
EXT-WIKI-YEAR-0201,十九年,冬,袭人（21岁）出嫁， 香菱 难产而亡。,time_00120,第047回｜回目总判｜薛蟠遭打与柳湘莲远走,47,C｜事件连续推定,工程推定,21,冬 / 香菱,矩阵法第一步_time_axis候选_必须回原文复核
EXT-WIKI-YEAR-0201,十九年,冬,袭人（21岁）出嫁， 香菱 难产而亡。,time_00122,第048回｜回目总判｜十月薛蟠南下与香菱学诗,48,D｜外部模型辅助,外部校准,21,冬 / 香菱,矩阵法第一步_time_axis候选_必须回原文复核
EXT-WIKI-YEAR-0201,十九年,冬,袭人（21岁）出嫁， 香菱 难产而亡。,time_00123,第048回｜时间窗口｜十月薛蟠南下香菱学诗,48,D｜外部模型辅助,外部校准,21,冬 / 香菱,矩阵法第一步_time_axis候选_必须回原文复核
EXT-WIKI-YEAR-0201,十九年,冬,袭人（21岁）出嫁， 香菱 难产而亡。,time_00197,第080回｜回目总判｜迎春受苦与香菱病重,78,C｜事件连续推定,工程推定,21,冬 / 香菱,矩阵法第一步_time_axis候选_必须回原文复核
