external_node_id,source_model,source_url,source_file,section,external_year_label,external_year_index,raw_time_label,event_summary,raw_line,engineering_status
EXT-WIKI-YEAR-0001,wikipedia_红楼梦年谱,https://zh.wikipedia.org/wiki/红楼梦年谱,红楼梦年谱_wikipedia.html,前八十回,元年,1,四月二十八 （或八月 ）,甄士隐 梦入太虚幻境，石头入红尘， 贾宝玉 降生，英莲3岁 。,四月二十八 （或八月 ）， 甄士隐 梦入太虚幻境，石头入红尘， 贾宝玉 降生，英莲3岁 。,外部公开资料_正文年谱节点_待原文复核
EXT-WIKI-YEAR-0002,wikipedia_红楼梦年谱,https://zh.wikipedia.org/wiki/红楼梦年谱,红楼梦年谱_wikipedia.html,前八十回,元年,1,八月十五,士隐赠银。,八月十五，士隐赠银。,外部公开资料_正文年谱节点_待原文复核
EXT-WIKI-YEAR-0003,wikipedia_红楼梦年谱,https://zh.wikipedia.org/wiki/红楼梦年谱,红楼梦年谱_wikipedia.html,前八十回,元年,1,八月十六,雨村动身进京应试。,八月十六，雨村动身进京应试。,外部公开资料_正文年谱节点_待原文复核
EXT-WIKI-YEAR-0004,wikipedia_红楼梦年谱,https://zh.wikipedia.org/wiki/红楼梦年谱,红楼梦年谱_wikipedia.html,前八十回,三年,3,正月十五,英莲 5岁 被拐。,正月十五， 英莲 5岁 被拐。,外部公开资料_正文年谱节点_待原文复核
EXT-WIKI-YEAR-0005,wikipedia_红楼梦年谱,https://zh.wikipedia.org/wiki/红楼梦年谱,红楼梦年谱_wikipedia.html,前八十回,三年,3,三月十五,葫芦庙大火。,三月十五，葫芦庙大火。,外部公开资料_正文年谱节点_待原文复核
EXT-WIKI-YEAR-0006,wikipedia_红楼梦年谱,https://zh.wikipedia.org/wiki/红楼梦年谱,红楼梦年谱_wikipedia.html,前八十回,四年,4,,甄士隐出家。,甄士隐出家。,外部公开资料_正文年谱节点_待原文复核
EXT-WIKI-YEAR-0007,wikipedia_红楼梦年谱,https://zh.wikipedia.org/wiki/红楼梦年谱,红楼梦年谱_wikipedia.html,前八十回,四年,4,,贾元春入宫 。,贾元春入宫 。,外部公开资料_正文年谱节点_待原文复核
EXT-WIKI-YEAR-0008,wikipedia_红楼梦年谱,https://zh.wikipedia.org/wiki/红楼梦年谱,红楼梦年谱_wikipedia.html,前八十回,五年,5,,贾雨村 纳娇杏。,贾雨村 纳娇杏。,外部公开资料_正文年谱节点_待原文复核
EXT-WIKI-YEAR-0009,wikipedia_红楼梦年谱,https://zh.wikipedia.org/wiki/红楼梦年谱,红楼梦年谱_wikipedia.html,前八十回,六年,6,,贾雨村 做林宅西席， 林黛玉 5岁 。,贾雨村 做林宅西席， 林黛玉 5岁 。,外部公开资料_正文年谱节点_待原文复核
EXT-WIKI-YEAR-0010,wikipedia_红楼梦年谱,https://zh.wikipedia.org/wiki/红楼梦年谱,红楼梦年谱_wikipedia.html,前八十回,七年,7,夏,黛玉母亲病逝 。,夏 ，黛玉母亲病逝 。,外部公开资料_正文年谱节点_待原文复核
EXT-WIKI-YEAR-0011,wikipedia_红楼梦年谱,https://zh.wikipedia.org/wiki/红楼梦年谱,红楼梦年谱_wikipedia.html,前八十回,七年,7,秋,贾雨村 遇 冷子兴 ，贾琏约20岁 ， 王熙凤 嫁到贾府两年 ，王熙凤17岁 ， 贾蓉 16岁 。,秋， 贾雨村 遇 冷子兴 ，贾琏约20岁 ， 王熙凤 嫁到贾府两年 ，王熙凤17岁 ， 贾蓉 16岁 。,外部公开资料_正文年谱节点_待原文复核
EXT-WIKI-YEAR-0012,wikipedia_红楼梦年谱,https://zh.wikipedia.org/wiki/红楼梦年谱,红楼梦年谱_wikipedia.html,前八十回,七年,7,秋月初二,贾雨村护送林黛玉动身。,秋月初二 ，贾雨村护送林黛玉动身。,外部公开资料_正文年谱节点_待原文复核
EXT-WIKI-YEAR-0013,wikipedia_红楼梦年谱,https://zh.wikipedia.org/wiki/红楼梦年谱,红楼梦年谱_wikipedia.html,前八十回,八年,8,正月,林黛玉7岁（13岁 ）入贾府，贾迎春8岁 ，探春7岁，惜春6岁， 贾宝玉 8岁 ，贾母71岁 。雪雁10岁 。,正月 ，林黛玉7岁（13岁 ）入贾府，贾迎春8岁 ，探春7岁，惜春6岁， 贾宝玉 8岁 ，贾母71岁 。雪雁10岁 。,外部公开资料_正文年谱节点_待原文复核
EXT-WIKI-YEAR-0014,wikipedia_红楼梦年谱,https://zh.wikipedia.org/wiki/红楼梦年谱,红楼梦年谱_wikipedia.html,前八十回,八年,8,次日,众姊妹到李纨处，贾兰5岁 （4岁 ），李纨约20岁 。王夫人获知薛蟠犯案 。,次日，众姊妹到李纨处，贾兰5岁 （4岁 ），李纨约20岁 。王夫人获知薛蟠犯案 。,外部公开资料_正文年谱节点_待原文复核
EXT-WIKI-YEAR-0015,wikipedia_红楼梦年谱,https://zh.wikipedia.org/wiki/红楼梦年谱,红楼梦年谱_wikipedia.html,前八十回,八年,8,秋,贾雨村判案， 薛蟠 12岁（15岁 ），英莲12岁 （10岁 ）改名香菱。,秋 ，贾雨村判案， 薛蟠 12岁（15岁 ），英莲12岁 （10岁 ）改名香菱。,外部公开资料_正文年谱节点_待原文复核
EXT-WIKI-YEAR-0016,wikipedia_红楼梦年谱,https://zh.wikipedia.org/wiki/红楼梦年谱,红楼梦年谱_wikipedia.html,前八十回,九年,9,春,薛宝钗 11岁 （13岁 ）入贾府。,春 ， 薛宝钗 11岁 （13岁 ）入贾府。,外部公开资料_正文年谱节点_待原文复核
EXT-WIKI-YEAR-0017,wikipedia_红楼梦年谱,https://zh.wikipedia.org/wiki/红楼梦年谱,红楼梦年谱_wikipedia.html,前八十回,九年,9,腊月,宁府赏梅。贾宝玉9岁，初试云雨情， 袭人 11岁 ，贾蓉18岁 ， 秦可卿 18岁 。,腊月，宁府赏梅。贾宝玉9岁，初试云雨情， 袭人 11岁 ，贾蓉18岁 ， 秦可卿 18岁 。,外部公开资料_正文年谱节点_待原文复核
EXT-WIKI-YEAR-0018,wikipedia_红楼梦年谱,https://zh.wikipedia.org/wiki/红楼梦年谱,红楼梦年谱_wikipedia.html,前八十回,十年,10,八月二十,秦可卿病。,八月二十 ，秦可卿病。,外部公开资料_正文年谱节点_待原文复核
EXT-WIKI-YEAR-0019,wikipedia_红楼梦年谱,https://zh.wikipedia.org/wiki/红楼梦年谱,红楼梦年谱_wikipedia.html,前八十回,十年,10,九月初二,刘姥姥 一进荣国府，大姐儿3岁 ， 王熙凤 20岁 ，平儿15岁 。薛宝钗谈冷香丸， 周瑞家的 送宫花，看香菱像秦可卿。,九月初二 ， 刘姥姥 一进荣国府，大姐儿3岁 ， 王熙凤 20岁 ，平儿15岁 。薛宝钗谈冷香丸， 周瑞家的 送宫花，看香菱像秦可卿。,外部公开资料_正文年谱节点_待原文复核
EXT-WIKI-YEAR-0020,wikipedia_红楼梦年谱,https://zh.wikipedia.org/wiki/红楼梦年谱,红楼梦年谱_wikipedia.html,前八十回,十年,10,九月初三,王熙凤带宝玉访宁府，焦大骂街，宝玉认识 秦钟 ，两人同龄10岁 。,九月初三，王熙凤带宝玉访宁府，焦大骂街，宝玉认识 秦钟 ，两人同龄10岁 。,外部公开资料_正文年谱节点_待原文复核
EXT-WIKI-YEAR-0021,wikipedia_红楼梦年谱,https://zh.wikipedia.org/wiki/红楼梦年谱,红楼梦年谱_wikipedia.html,前八十回,十年,10,九月初五,尤氏秦氏摆戏酒，宝玉看宝钗项圈，讨药丸吃，紫鹃派雪雁给林黛玉送手炉，宝玉给 晴雯 9岁 （12岁 ）捂手，怒骂李嬷嬷。,九月初五 ，尤氏秦氏摆戏酒，宝玉看宝钗项圈，讨药丸吃，紫鹃派雪雁给林黛玉送手炉，宝玉给 晴雯 9岁 （12岁 ）捂手，怒骂李嬷嬷。,外部公开资料_正文年谱节点_待原文复核
EXT-WIKI-YEAR-0022,wikipedia_红楼梦年谱,https://zh.wikipedia.org/wiki/红楼梦年谱,红楼梦年谱_wikipedia.html,前八十回,十年,10,九月十二,闹学，贾蔷16岁 。,九月十二，闹学，贾蔷16岁 。,外部公开资料_正文年谱节点_待原文复核
EXT-WIKI-YEAR-0023,wikipedia_红楼梦年谱,https://zh.wikipedia.org/wiki/红楼梦年谱,红楼梦年谱_wikipedia.html,前八十回,十年,10,九月十三,张太医开药方，贾蓉19岁，贾珍38岁 ，贾惜春8岁 ，尤氏33岁 。,九月十三 ，张太医开药方，贾蓉19岁，贾珍38岁 ，贾惜春8岁 ，尤氏33岁 。,外部公开资料_正文年谱节点_待原文复核
EXT-WIKI-YEAR-0024,wikipedia_红楼梦年谱,https://zh.wikipedia.org/wiki/红楼梦年谱,红楼梦年谱_wikipedia.html,前八十回,十年,10,九月十五,菊花盛开，贾敬生日，贾母不出席，秦可卿卧床不起，贾瑞（23岁 ）见王熙凤（21岁）。,九月十五 ，菊花盛开，贾敬生日，贾母不出席，秦可卿卧床不起，贾瑞（23岁 ）见王熙凤（21岁）。,外部公开资料_正文年谱节点_待原文复核
EXT-WIKI-YEAR-0025,wikipedia_红楼梦年谱,https://zh.wikipedia.org/wiki/红楼梦年谱,红楼梦年谱_wikipedia.html,前八十回,十年,10,十一月,贾瑞到荣府找王熙凤。,十一月 ，贾瑞到荣府找王熙凤。,外部公开资料_正文年谱节点_待原文复核
EXT-WIKI-YEAR-0026,wikipedia_红楼梦年谱,https://zh.wikipedia.org/wiki/红楼梦年谱,红楼梦年谱_wikipedia.html,前八十回,十年,10,十一月三十,冬至 。,十一月三十，冬至 。,外部公开资料_正文年谱节点_待原文复核
EXT-WIKI-YEAR-0027,wikipedia_红楼梦年谱,https://zh.wikipedia.org/wiki/红楼梦年谱,红楼梦年谱_wikipedia.html,前八十回,十年,10,十二月初二,王熙凤探望秦可卿，一诓贾瑞。,十二月初二 ，王熙凤探望秦可卿，一诓贾瑞。,外部公开资料_正文年谱节点_待原文复核
EXT-WIKI-YEAR-0028,wikipedia_红楼梦年谱,https://zh.wikipedia.org/wiki/红楼梦年谱,红楼梦年谱_wikipedia.html,前八十回,十年,10,十二月初五,王熙凤二诓贾瑞。,十二月初五 ，王熙凤二诓贾瑞。,外部公开资料_正文年谱节点_待原文复核
EXT-WIKI-YEAR-0029,wikipedia_红楼梦年谱,https://zh.wikipedia.org/wiki/红楼梦年谱,红楼梦年谱_wikipedia.html,前八十回,十一年,11,夏（年初 ）,贾瑞 看 风月宝鉴 正面死。,夏（年初 ）， 贾瑞 看 风月宝鉴 正面死。,外部公开资料_正文年谱节点_待原文复核
EXT-WIKI-YEAR-0030,wikipedia_红楼梦年谱,https://zh.wikipedia.org/wiki/红楼梦年谱,红楼梦年谱_wikipedia.html,前八十回,十一年,11,九月,林如海 病，黛玉回乡探亲。,九月 ， 林如海 病，黛玉回乡探亲。,外部公开资料_正文年谱节点_待原文复核
EXT-WIKI-YEAR-0031,wikipedia_红楼梦年谱,https://zh.wikipedia.org/wiki/红楼梦年谱,红楼梦年谱_wikipedia.html,前八十回,十一年,11,九月初三,林如海死。,九月初三 ，林如海死。,外部公开资料_正文年谱节点_待原文复核
EXT-WIKI-YEAR-0032,wikipedia_红楼梦年谱,https://zh.wikipedia.org/wiki/红楼梦年谱,红楼梦年谱_wikipedia.html,前八十回,十一年,11,十月中,秦可卿（20岁）死，托梦王熙凤留下“三春去后诸芳尽，各自须寻各自门”谶语，贾蓉20岁 。,十月中 ，秦可卿（20岁）死，托梦王熙凤留下“三春去后诸芳尽，各自须寻各自门”谶语，贾蓉20岁 。,外部公开资料_正文年谱节点_待原文复核
EXT-WIKI-YEAR-0033,wikipedia_红楼梦年谱,https://zh.wikipedia.org/wiki/红楼梦年谱,红楼梦年谱_wikipedia.html,前八十回,十一年,11,十二月初,秦可卿出殡，宝玉见北静王，王熙凤弄权。,十二月初 ，秦可卿出殡，宝玉见北静王，王熙凤弄权。,外部公开资料_正文年谱节点_待原文复核
EXT-WIKI-YEAR-0034,wikipedia_红楼梦年谱,https://zh.wikipedia.org/wiki/红楼梦年谱,红楼梦年谱_wikipedia.html,前八十回,十一年,11,十二月中,贾政（48岁 ）生日， 元春 28岁 （38岁 ）加封贤德妃。,十二月中，贾政（48岁 ）生日， 元春 28岁 （38岁 ）加封贤德妃。,外部公开资料_正文年谱节点_待原文复核
EXT-WIKI-YEAR-0035,wikipedia_红楼梦年谱,https://zh.wikipedia.org/wiki/红楼梦年谱,红楼梦年谱_wikipedia.html,前八十回,十一年,11,十二月底,贾琏和黛玉回贾府。贾雨村同路回。,十二月底 ，贾琏和黛玉回贾府。贾雨村同路回。,外部公开资料_正文年谱节点_待原文复核
EXT-WIKI-YEAR-0036,wikipedia_红楼梦年谱,https://zh.wikipedia.org/wiki/红楼梦年谱,红楼梦年谱_wikipedia.html,前八十回,十一年,11,十二月底,贾琏叹息香菱（14岁）被薛蟠纳妾。,十二月底，贾琏叹息香菱（14岁）被薛蟠纳妾。,外部公开资料_正文年谱节点_待原文复核
EXT-WIKI-YEAR-0037,wikipedia_红楼梦年谱,https://zh.wikipedia.org/wiki/红楼梦年谱,红楼梦年谱_wikipedia.html,前八十回,十一年,11,十二月底,修造大观园动工。,十二月底，修造大观园动工。,外部公开资料_正文年谱节点_待原文复核
EXT-WIKI-YEAR-0038,wikipedia_红楼梦年谱,https://zh.wikipedia.org/wiki/红楼梦年谱,红楼梦年谱_wikipedia.html,前八十回,十一年,11,十二月底,秦钟（11岁）死。,十二月底，秦钟（11岁）死。,外部公开资料_正文年谱节点_待原文复核
EXT-WIKI-YEAR-0039,wikipedia_红楼梦年谱,https://zh.wikipedia.org/wiki/红楼梦年谱,红楼梦年谱_wikipedia.html,前八十回,十二年,12,三月,宝玉大观园试才 。,三月 ，宝玉大观园试才 。,外部公开资料_正文年谱节点_待原文复核
EXT-WIKI-YEAR-0040,wikipedia_红楼梦年谱,https://zh.wikipedia.org/wiki/红楼梦年谱,红楼梦年谱_wikipedia.html,前八十回,十二年,12,三月,黛玉剪香囊。,三月，黛玉剪香囊。,外部公开资料_正文年谱节点_待原文复核
EXT-WIKI-YEAR-0041,wikipedia_红楼梦年谱,https://zh.wikipedia.org/wiki/红楼梦年谱,红楼梦年谱_wikipedia.html,前八十回,十二年,12,三月,从姑苏采买12女孩住梨香院学戏（薛姨妈家另搬到园子东北角）， 贾蔷 总管。,三月，从姑苏采买12女孩住梨香院学戏（薛姨妈家另搬到园子东北角）， 贾蔷 总管。,外部公开资料_正文年谱节点_待原文复核
EXT-WIKI-YEAR-0042,wikipedia_红楼梦年谱,https://zh.wikipedia.org/wiki/红楼梦年谱,红楼梦年谱_wikipedia.html,前八十回,十二年,12,三月,妙玉 （18岁 ）进大观园。,三月， 妙玉 （18岁 ）进大观园。,外部公开资料_正文年谱节点_待原文复核
EXT-WIKI-YEAR-0043,wikipedia_红楼梦年谱,https://zh.wikipedia.org/wiki/红楼梦年谱,红楼梦年谱_wikipedia.html,前八十回,十二年,12,十月底,大观园工程大体完备 。,十月底，大观园工程大体完备 。,外部公开资料_正文年谱节点_待原文复核
EXT-WIKI-YEAR-0044,wikipedia_红楼梦年谱,https://zh.wikipedia.org/wiki/红楼梦年谱,红楼梦年谱_wikipedia.html,前八十回,十三年,13,正月十五,元春 省亲，点戏《豪宴》《乞巧》《仙缘》《离魂》。,正月十五 ， 元春 省亲，点戏《豪宴》《乞巧》《仙缘》《离魂》。,外部公开资料_正文年谱节点_待原文复核
EXT-WIKI-YEAR-0045,wikipedia_红楼梦年谱,https://zh.wikipedia.org/wiki/红楼梦年谱,红楼梦年谱_wikipedia.html,前八十回,十三年,13,正月十七,宝玉访袭人家，李嬷嬷吃奶酪，袭人15岁（18岁 ）规劝宝玉。,正月十七 ，宝玉访袭人家，李嬷嬷吃奶酪，袭人15岁（18岁 ）规劝宝玉。,外部公开资料_正文年谱节点_待原文复核
EXT-WIKI-YEAR-0046,wikipedia_红楼梦年谱,https://zh.wikipedia.org/wiki/红楼梦年谱,红楼梦年谱_wikipedia.html,前八十回,十三年,13,正月十八,宝玉编香芋，李嬷嬷骂袭人，宝玉给麝月梳头。,正月十八，宝玉编香芋，李嬷嬷骂袭人，宝玉给麝月梳头。,外部公开资料_正文年谱节点_待原文复核
EXT-WIKI-YEAR-0047,wikipedia_红楼梦年谱,https://zh.wikipedia.org/wiki/红楼梦年谱,红楼梦年谱_wikipedia.html,前八十回,十三年,13,正月十九,宝玉（13岁）批 贾环 （11岁 ）。,正月十九 ，宝玉（13岁）批 贾环 （11岁 ）。,外部公开资料_正文年谱节点_待原文复核
EXT-WIKI-YEAR-0048,wikipedia_红楼梦年谱,https://zh.wikipedia.org/wiki/红楼梦年谱,红楼梦年谱_wikipedia.html,前八十回,十三年,13,正月十九,史湘云 （12岁 ）来了。宝玉黛玉拌嘴。,正月十九， 史湘云 （12岁 ）来了。宝玉黛玉拌嘴。,外部公开资料_正文年谱节点_待原文复核
EXT-WIKI-YEAR-0049,wikipedia_红楼梦年谱,https://zh.wikipedia.org/wiki/红楼梦年谱,红楼梦年谱_wikipedia.html,前八十回,十三年,13,正月二十,宝玉在黛玉处洗脸，袭人生气，宝玉给四儿起名。,正月二十，宝玉在黛玉处洗脸，袭人生气，宝玉给四儿起名。,外部公开资料_正文年谱节点_待原文复核
EXT-WIKI-YEAR-0050,wikipedia_红楼梦年谱,https://zh.wikipedia.org/wiki/红楼梦年谱,红楼梦年谱_wikipedia.html,前八十回,十三年,13,正月二十,大姐儿出麻疹， 贾琏 （27岁）与多姑娘（20岁 ）通奸，平儿遮掩。贾母提议为薛宝钗办生日。,正月二十，大姐儿出麻疹， 贾琏 （27岁）与多姑娘（20岁 ）通奸，平儿遮掩。贾母提议为薛宝钗办生日。,外部公开资料_正文年谱节点_待原文复核
EXT-WIKI-YEAR-0051,wikipedia_红楼梦年谱,https://zh.wikipedia.org/wiki/红楼梦年谱,红楼梦年谱_wikipedia.html,前八十回,十三年,13,正月二十一,宝钗（15岁 ）在贾母内院过生日 ，点戏，王熙凤说小旦像一个人。宝玉哄湘云黛玉。,正月二十一，宝钗（15岁 ）在贾母内院过生日 ，点戏，王熙凤说小旦像一个人。宝玉哄湘云黛玉。,外部公开资料_正文年谱节点_待原文复核
EXT-WIKI-YEAR-0052,wikipedia_红楼梦年谱,https://zh.wikipedia.org/wiki/红楼梦年谱,红楼梦年谱_wikipedia.html,前八十回,十三年,13,正月二十二,猜灯谜，贾政关心 贾兰 （10岁）。,正月二十二，猜灯谜，贾政关心 贾兰 （10岁）。,外部公开资料_正文年谱节点_待原文复核
EXT-WIKI-YEAR-0053,wikipedia_红楼梦年谱,https://zh.wikipedia.org/wiki/红楼梦年谱,红楼梦年谱_wikipedia.html,前八十回,十三年,13,正月下旬,贾芹领命管理家庙。,正月下旬，贾芹领命管理家庙。,外部公开资料_正文年谱节点_待原文复核
EXT-WIKI-YEAR-0054,wikipedia_红楼梦年谱,https://zh.wikipedia.org/wiki/红楼梦年谱,红楼梦年谱_wikipedia.html,前八十回,十三年,13,二月上旬,贾政传命宝玉入园，金钏问宝玉吃胭脂否。,二月上旬，贾政传命宝玉入园，金钏问宝玉吃胭脂否。,外部公开资料_正文年谱节点_待原文复核
EXT-WIKI-YEAR-0055,wikipedia_红楼梦年谱,https://zh.wikipedia.org/wiki/红楼梦年谱,红楼梦年谱_wikipedia.html,前八十回,十三年,13,二月二十二,宝玉和众姐妹搬入大观园。薛宝钗住了蘅芜苑，林黛玉住了潇湘馆，贾迎春住了缀锦楼，探春住了秋爽斋，惜春住了蓼风轩，李氏住了稻香村，宝玉住了 怡红院 。,二月二十二 ，宝玉和众姐妹搬入大观园。薛宝钗住了蘅芜苑，林黛玉住了潇湘馆，贾迎春住了缀锦楼，探春住了秋爽斋，惜春住了蓼风轩，李氏住了稻香村，宝玉住了 怡红院 。,外部公开资料_正文年谱节点_待原文复核
EXT-WIKI-YEAR-0056,wikipedia_红楼梦年谱,https://zh.wikipedia.org/wiki/红楼梦年谱,红楼梦年谱_wikipedia.html,前八十回,十三年,13,三月中,宝玉（13岁 ）黛玉（13岁）偷看禁书《 会真记 》，梨香院门口黛玉遇香菱，宝玉戏鸳鸯，宝玉认 贾芸 干儿子。,三月中 ，宝玉（13岁 ）黛玉（13岁）偷看禁书《 会真记 》，梨香院门口黛玉遇香菱，宝玉戏鸳鸯，宝玉认 贾芸 干儿子。,外部公开资料_正文年谱节点_待原文复核
EXT-WIKI-YEAR-0057,wikipedia_红楼梦年谱,https://zh.wikipedia.org/wiki/红楼梦年谱,红楼梦年谱_wikipedia.html,前八十回,十三年,13,三月,倪二借钱给贾芸。,三月，倪二借钱给贾芸。,外部公开资料_正文年谱节点_待原文复核
EXT-WIKI-YEAR-0058,wikipedia_红楼梦年谱,https://zh.wikipedia.org/wiki/红楼梦年谱,红楼梦年谱_wikipedia.html,前八十回,十三年,13,三月,小红 倒茶，秋纹骂小红。,三月， 小红 倒茶，秋纹骂小红。,外部公开资料_正文年谱节点_待原文复核
EXT-WIKI-YEAR-0059,wikipedia_红楼梦年谱,https://zh.wikipedia.org/wiki/红楼梦年谱,红楼梦年谱_wikipedia.html,前八十回,十三年,13,三月下旬,王子腾夫人生日， 贾环 烫宝玉。,三月下旬，王子腾夫人生日， 贾环 烫宝玉。,外部公开资料_正文年谱节点_待原文复核
EXT-WIKI-YEAR-0060,wikipedia_红楼梦年谱,https://zh.wikipedia.org/wiki/红楼梦年谱,红楼梦年谱_wikipedia.html,前八十回,十三年,13,三月下旬,赵姨娘 请马道婆弄鬼，宝玉（13岁 ），王熙凤疯魔。,三月下旬， 赵姨娘 请马道婆弄鬼，宝玉（13岁 ），王熙凤疯魔。,外部公开资料_正文年谱节点_待原文复核
EXT-WIKI-YEAR-0061,wikipedia_红楼梦年谱,https://zh.wikipedia.org/wiki/红楼梦年谱,红楼梦年谱_wikipedia.html,前八十回,十三年,13,四月二十四,经33天 静养，宝玉痊愈，搬回大观园。,四月二十四，经33天 静养，宝玉痊愈，搬回大观园。,外部公开资料_正文年谱节点_待原文复核
EXT-WIKI-YEAR-0062,wikipedia_红楼梦年谱,https://zh.wikipedia.org/wiki/红楼梦年谱,红楼梦年谱_wikipedia.html,前八十回,十三年,13,四月二十五,小红蜂腰桥传蜜意，宝玉闻黛玉吟“每日家情思睡昏昏”，薛蟠请宝玉吃酒，宝钗来看宝玉，晴雯不给黛玉开门。,四月二十五 ，小红蜂腰桥传蜜意，宝玉闻黛玉吟“每日家情思睡昏昏”，薛蟠请宝玉吃酒，宝钗来看宝玉，晴雯不给黛玉开门。,外部公开资料_正文年谱节点_待原文复核
EXT-WIKI-YEAR-0063,wikipedia_红楼梦年谱,https://zh.wikipedia.org/wiki/红楼梦年谱,红楼梦年谱_wikipedia.html,前八十回,十三年,13,四月二十六,芒种祭花神，宝钗扑蝶，小红（17岁 ）攀王熙凤，黛玉葬花，冯紫英请客，蒋玉菡赠巾，元春赏端午节礼。,四月二十六 ，芒种祭花神，宝钗扑蝶，小红（17岁 ）攀王熙凤，黛玉葬花，冯紫英请客，蒋玉菡赠巾，元春赏端午节礼。,外部公开资料_正文年谱节点_待原文复核
EXT-WIKI-YEAR-0064,wikipedia_红楼梦年谱,https://zh.wikipedia.org/wiki/红楼梦年谱,红楼梦年谱_wikipedia.html,前八十回,十三年,13,四月二十七,宝玉看宝钗红麝香珠。,四月二十七，宝玉看宝钗红麝香珠。,外部公开资料_正文年谱节点_待原文复核
EXT-WIKI-YEAR-0065,wikipedia_红楼梦年谱,https://zh.wikipedia.org/wiki/红楼梦年谱,红楼梦年谱_wikipedia.html,前八十回,十三年,13,五月初一,贾母打醮，张道士提亲，贾母谢绝。出现贾珍贾蓉婆媳 。,五月初一，贾母打醮，张道士提亲，贾母谢绝。出现贾珍贾蓉婆媳 。,外部公开资料_正文年谱节点_待原文复核
EXT-WIKI-YEAR-0066,wikipedia_红楼梦年谱,https://zh.wikipedia.org/wiki/红楼梦年谱,红楼梦年谱_wikipedia.html,前八十回,十三年,13,五月初二,黛玉生气，宝玉砸玉，王夫人出现。,五月初二，黛玉生气，宝玉砸玉，王夫人出现。,外部公开资料_正文年谱节点_待原文复核
EXT-WIKI-YEAR-0067,wikipedia_红楼梦年谱,https://zh.wikipedia.org/wiki/红楼梦年谱,红楼梦年谱_wikipedia.html,前八十回,十三年,13,五月初三,薛蟠17岁生日请戏，贾母论宝玉黛玉小冤家。,五月初三，薛蟠17岁生日请戏，贾母论宝玉黛玉小冤家。,外部公开资料_正文年谱节点_待原文复核
EXT-WIKI-YEAR-0068,wikipedia_红楼梦年谱,https://zh.wikipedia.org/wiki/红楼梦年谱,红楼梦年谱_wikipedia.html,前八十回,十三年,13,五月初四,宝钗讽刺宝玉负荆请罪，龄官画蔷， 金钏 15岁 被撵，宝玉丢金麒麟，袭人被踢。,五月初四 ，宝钗讽刺宝玉负荆请罪，龄官画蔷， 金钏 15岁 被撵，宝玉丢金麒麟，袭人被踢。,外部公开资料_正文年谱节点_待原文复核
EXT-WIKI-YEAR-0069,wikipedia_红楼梦年谱,https://zh.wikipedia.org/wiki/红楼梦年谱,红楼梦年谱_wikipedia.html,前八十回,十三年,13,五月初五,晴雯 12岁（15岁）撕扇。,五月初五 ， 晴雯 12岁（15岁）撕扇。,外部公开资料_正文年谱节点_待原文复核
EXT-WIKI-YEAR-0070,wikipedia_红楼梦年谱,https://zh.wikipedia.org/wiki/红楼梦年谱,红楼梦年谱_wikipedia.html,前八十回,十三年,13,五月初六,湘云来访，金钏跳井，贾政打宝玉，王夫人50岁 。,五月初六，湘云来访，金钏跳井，贾政打宝玉，王夫人50岁 。,外部公开资料_正文年谱节点_待原文复核
EXT-WIKI-YEAR-0071,wikipedia_红楼梦年谱,https://zh.wikipedia.org/wiki/红楼梦年谱,红楼梦年谱_wikipedia.html,前八十回,十三年,13,五月初七,玉钏 尝羹， 莺儿 （16岁 ）打络。,五月初七， 玉钏 尝羹， 莺儿 （16岁 ）打络。,外部公开资料_正文年谱节点_待原文复核
EXT-WIKI-YEAR-0072,wikipedia_红楼梦年谱,https://zh.wikipedia.org/wiki/红楼梦年谱,红楼梦年谱_wikipedia.html,前八十回,十三年,13,,六月：王夫人给袭人涨月例。,六月：王夫人给袭人涨月例。,外部公开资料_正文年谱节点_待原文复核
EXT-WIKI-YEAR-0073,wikipedia_红楼梦年谱,https://zh.wikipedia.org/wiki/红楼梦年谱,红楼梦年谱_wikipedia.html,前八十回,十三年,13,六月,宝钗听宝玉梦语木石前盟。,六月，宝钗听宝玉梦语木石前盟。,外部公开资料_正文年谱节点_待原文复核
EXT-WIKI-YEAR-0074,wikipedia_红楼梦年谱,https://zh.wikipedia.org/wiki/红楼梦年谱,红楼梦年谱_wikipedia.html,前八十回,十三年,13,七月,龄官 拒唱，贾蔷放雀。,七月， 龄官 拒唱，贾蔷放雀。,外部公开资料_正文年谱节点_待原文复核
EXT-WIKI-YEAR-0075,wikipedia_红楼梦年谱,https://zh.wikipedia.org/wiki/红楼梦年谱,红楼梦年谱_wikipedia.html,前八十回,十三年,13,七月,薛姨妈过生日 。,七月，薛姨妈过生日 。,外部公开资料_正文年谱节点_待原文复核
EXT-WIKI-YEAR-0076,wikipedia_红楼梦年谱,https://zh.wikipedia.org/wiki/红楼梦年谱,红楼梦年谱_wikipedia.html,前八十回,十三年,13,八月二十,贾政点学政外派。,八月二十 ，贾政点学政外派。,外部公开资料_正文年谱节点_待原文复核
EXT-WIKI-YEAR-0077,wikipedia_红楼梦年谱,https://zh.wikipedia.org/wiki/红楼梦年谱,红楼梦年谱_wikipedia.html,前八十回,十五年,15,八月二十二,结海棠诗社， 李纨 28岁， 迎春 16岁 （17岁 ）， 探春 14岁（15岁）， 惜春 13岁（15岁）。晴雯，秋纹，麝月嘲笑袭人。,八月二十二，结海棠诗社， 李纨 28岁， 迎春 16岁 （17岁 ）， 探春 14岁（15岁）， 惜春 13岁（15岁）。晴雯，秋纹，麝月嘲笑袭人。,外部公开资料_正文年谱节点_待原文复核
EXT-WIKI-YEAR-0078,wikipedia_红楼梦年谱,https://zh.wikipedia.org/wiki/红楼梦年谱,红楼梦年谱_wikipedia.html,前八十回,十五年,15,八月二十三,宝玉邀请湘云14岁（15岁 ）入社。,八月二十三，宝玉邀请湘云14岁（15岁 ）入社。,外部公开资料_正文年谱节点_待原文复核
EXT-WIKI-YEAR-0079,wikipedia_红楼梦年谱,https://zh.wikipedia.org/wiki/红楼梦年谱,红楼梦年谱_wikipedia.html,前八十回,十五年,15,八月二十四,湘云做东 藕香榭 ，请贾母和大家吃蟹赏菊，李纨（28岁）摸平儿（20岁）。刘姥姥（75岁）二进荣国府，贾母70多岁 （78岁 ）。,八月二十四，湘云做东 藕香榭 ，请贾母和大家吃蟹赏菊，李纨（28岁）摸平儿（20岁）。刘姥姥（75岁）二进荣国府，贾母70多岁 （78岁 ）。,外部公开资料_正文年谱节点_待原文复核
EXT-WIKI-YEAR-0080,wikipedia_红楼梦年谱,https://zh.wikipedia.org/wiki/红楼梦年谱,红楼梦年谱_wikipedia.html,前八十回,十五年,15,八月二十五,贾母大观园 秋爽斋 和 缀锦阁 两宴刘姥姥，鸳鸯发牌。 栊翠庵 品茶，妙玉21岁。,八月二十五，贾母大观园 秋爽斋 和 缀锦阁 两宴刘姥姥，鸳鸯发牌。 栊翠庵 品茶，妙玉21岁。,外部公开资料_正文年谱节点_待原文复核
EXT-WIKI-YEAR-0081,wikipedia_红楼梦年谱,https://zh.wikipedia.org/wiki/红楼梦年谱,红楼梦年谱_wikipedia.html,前八十回,十五年,15,八月二十五,刘姥姥给大姐儿（9岁 ）起名巧哥儿。,八月二十五 ，刘姥姥给大姐儿（9岁 ）起名巧哥儿。,外部公开资料_正文年谱节点_待原文复核
EXT-WIKI-YEAR-0082,wikipedia_红楼梦年谱,https://zh.wikipedia.org/wiki/红楼梦年谱,红楼梦年谱_wikipedia.html,前八十回,十五年,15,八月二十五,宝钗审黛玉，惜春开始画大观园。,八月二十五，宝钗审黛玉，惜春开始画大观园。,外部公开资料_正文年谱节点_待原文复核
EXT-WIKI-YEAR-0083,wikipedia_红楼梦年谱,https://zh.wikipedia.org/wiki/红楼梦年谱,红楼梦年谱_wikipedia.html,前八十回,十五年,15,八月二十七,贾母策划凤姐生日，让尤氏管份子钱操办。,八月二十七，贾母策划凤姐生日，让尤氏管份子钱操办。,外部公开资料_正文年谱节点_待原文复核
EXT-WIKI-YEAR-0084,wikipedia_红楼梦年谱,https://zh.wikipedia.org/wiki/红楼梦年谱,红楼梦年谱_wikipedia.html,前八十回,十五年,15,九月初二,已故金钏生日 ，宝玉祭奠。王熙凤（27岁）生日 ，贾琏和鲍二家的通奸， 平儿 挨打。,九月初二，已故金钏生日 ，宝玉祭奠。王熙凤（27岁）生日 ，贾琏和鲍二家的通奸， 平儿 挨打。,外部公开资料_正文年谱节点_待原文复核
EXT-WIKI-YEAR-0085,wikipedia_红楼梦年谱,https://zh.wikipedia.org/wiki/红楼梦年谱,红楼梦年谱_wikipedia.html,前八十回,十五年,15,九月初三,鲍二家的上吊，众姐妹邀凤姐入诗社出银子。,九月初三，鲍二家的上吊，众姐妹邀凤姐入诗社出银子。,外部公开资料_正文年谱节点_待原文复核
EXT-WIKI-YEAR-0086,wikipedia_红楼梦年谱,https://zh.wikipedia.org/wiki/红楼梦年谱,红楼梦年谱_wikipedia.html,前八十回,十五年,15,九月,黛玉做《秋窗风雨夕》，14岁（15岁 ），宝钗送燕窝。,九月，黛玉做《秋窗风雨夕》，14岁（15岁 ），宝钗送燕窝。,外部公开资料_正文年谱节点_待原文复核
EXT-WIKI-YEAR-0087,wikipedia_红楼梦年谱,https://zh.wikipedia.org/wiki/红楼梦年谱,红楼梦年谱_wikipedia.html,前八十回,十五年,15,九月,贾赦 （53岁 ）欲讨 鸳鸯 （20岁 ）。,九月， 贾赦 （53岁 ）欲讨 鸳鸯 （20岁 ）。,外部公开资料_正文年谱节点_待原文复核
EXT-WIKI-YEAR-0088,wikipedia_红楼梦年谱,https://zh.wikipedia.org/wiki/红楼梦年谱,红楼梦年谱_wikipedia.html,前八十回,十五年,15,九月十四,柳湘莲 打薛蟠。,九月十四 ， 柳湘莲 打薛蟠。,外部公开资料_正文年谱节点_待原文复核
EXT-WIKI-YEAR-0089,wikipedia_红楼梦年谱,https://zh.wikipedia.org/wiki/红楼梦年谱,红楼梦年谱_wikipedia.html,前八十回,十五年,15,十月,薛蟠南下，香菱入大观园。,十月 ，薛蟠南下，香菱入大观园。,外部公开资料_正文年谱节点_待原文复核
EXT-WIKI-YEAR-0090,wikipedia_红楼梦年谱,https://zh.wikipedia.org/wiki/红楼梦年谱,红楼梦年谱_wikipedia.html,前八十回,十五年,15,十月,贾雨村没收石呆子古扇，贾赦打贾琏，香菱（18岁）学诗。,十月，贾雨村没收石呆子古扇，贾赦打贾琏，香菱（18岁）学诗。,外部公开资料_正文年谱节点_待原文复核
EXT-WIKI-YEAR-0091,wikipedia_红楼梦年谱,https://zh.wikipedia.org/wiki/红楼梦年谱,红楼梦年谱_wikipedia.html,前八十回,十五年,15,十月,薛宝琴 、 邢岫烟 、 李纹 、 李绮 进贾府，宝琴住贾母处，岫烟住迎春处，李纹李绮住李纨处，薛蝌住薛蟠处。史侯外任，贾母让湘云留住贾府，与宝钗同住。,十月， 薛宝琴 、 邢岫烟 、 李纹 、 李绮 进贾府，宝琴住贾母处，岫烟住迎春处，李纹李绮住李纨处，薛蝌住薛蟠处。史侯外任，贾母让湘云留住贾府，与宝钗同住。,外部公开资料_正文年谱节点_待原文复核
EXT-WIKI-YEAR-0092,wikipedia_红楼梦年谱,https://zh.wikipedia.org/wiki/红楼梦年谱,红楼梦年谱_wikipedia.html,前八十回,十五年,15,十月底,下雪，湘云芦雪庵烤鹿肉，平儿丢镯，贾母问薛宝琴的生辰八字。,十月底 ，下雪，湘云芦雪庵烤鹿肉，平儿丢镯，贾母问薛宝琴的生辰八字。,外部公开资料_正文年谱节点_待原文复核
EXT-WIKI-YEAR-0093,wikipedia_红楼梦年谱,https://zh.wikipedia.org/wiki/红楼梦年谱,红楼梦年谱_wikipedia.html,前八十回,十五年,15,十一月中,袭人母丧回家，晴雯着凉。,十一月中 ，袭人母丧回家，晴雯着凉。,外部公开资料_正文年谱节点_待原文复核
EXT-WIKI-YEAR-0094,wikipedia_红楼梦年谱,https://zh.wikipedia.org/wiki/红楼梦年谱,红楼梦年谱_wikipedia.html,前八十回,十五年,15,十一月中,晴雯撵 坠儿 ，补裘。,十一月中，晴雯撵 坠儿 ，补裘。,外部公开资料_正文年谱节点_待原文复核
EXT-WIKI-YEAR-0095,wikipedia_红楼梦年谱,https://zh.wikipedia.org/wiki/红楼梦年谱,红楼梦年谱_wikipedia.html,前八十回,十五年,15,腊月,贾雨村补授大司马，乌进孝宁府送年货。,腊月，贾雨村补授大司马，乌进孝宁府送年货。,外部公开资料_正文年谱节点_待原文复核
EXT-WIKI-YEAR-0096,wikipedia_红楼梦年谱,https://zh.wikipedia.org/wiki/红楼梦年谱,红楼梦年谱_wikipedia.html,前八十回,十五年,15,除夕,在宁府祭祖，出现贾蓉妻子。,除夕，在宁府祭祖，出现贾蓉妻子。,外部公开资料_正文年谱节点_待原文复核
EXT-WIKI-YEAR-0097,wikipedia_红楼梦年谱,https://zh.wikipedia.org/wiki/红楼梦年谱,红楼梦年谱_wikipedia.html,前八十回,十六年,16,正月十五,荣国府元宵夜宴，鸳鸯袭人诉苦，贾母评论女先儿说书。,正月十五，荣国府元宵夜宴，鸳鸯袭人诉苦，贾母评论女先儿说书。,外部公开资料_正文年谱节点_待原文复核
EXT-WIKI-YEAR-0098,wikipedia_红楼梦年谱,https://zh.wikipedia.org/wiki/红楼梦年谱,红楼梦年谱_wikipedia.html,前八十回,十六年,16,正月十五后,太妃病，王熙凤小产。,正月十五后，太妃病，王熙凤小产。,外部公开资料_正文年谱节点_待原文复核
EXT-WIKI-YEAR-0099,wikipedia_红楼梦年谱,https://zh.wikipedia.org/wiki/红楼梦年谱,红楼梦年谱_wikipedia.html,前八十回,十六年,16,二月,李纨探春宝钗理家。,二月 ，李纨探春宝钗理家。,外部公开资料_正文年谱节点_待原文复核
EXT-WIKI-YEAR-0100,wikipedia_红楼梦年谱,https://zh.wikipedia.org/wiki/红楼梦年谱,红楼梦年谱_wikipedia.html,前八十回,十六年,16,二月,江南甄家家眷来访，贾宝玉梦 甄宝玉 。,二月，江南甄家家眷来访，贾宝玉梦 甄宝玉 。,外部公开资料_正文年谱节点_待原文复核
EXT-WIKI-YEAR-0101,wikipedia_红楼梦年谱,https://zh.wikipedia.org/wiki/红楼梦年谱,红楼梦年谱_wikipedia.html,前八十回,十六年,16,二月,紫鹃 试宝玉。,二月， 紫鹃 试宝玉。,外部公开资料_正文年谱节点_待原文复核
EXT-WIKI-YEAR-0102,wikipedia_红楼梦年谱,https://zh.wikipedia.org/wiki/红楼梦年谱,红楼梦年谱_wikipedia.html,前八十回,十六年,16,二月,薛姨妈 生日 （七月也是薛姨妈生日 ）， 薛蝌 邢岫烟定亲。,二月， 薛姨妈 生日 （七月也是薛姨妈生日 ）， 薛蝌 邢岫烟定亲。,外部公开资料_正文年谱节点_待原文复核
EXT-WIKI-YEAR-0103,wikipedia_红楼梦年谱,https://zh.wikipedia.org/wiki/红楼梦年谱,红楼梦年谱_wikipedia.html,前八十回,十六年,16,二月,岫烟当衣。,二月，岫烟当衣。,外部公开资料_正文年谱节点_待原文复核
EXT-WIKI-YEAR-0104,wikipedia_红楼梦年谱,https://zh.wikipedia.org/wiki/红楼梦年谱,红楼梦年谱_wikipedia.html,前八十回,十六年,16,三月,“老”太妃薨，十二官解散。,三月，“老”太妃薨，十二官解散。,外部公开资料_正文年谱节点_待原文复核
EXT-WIKI-YEAR-0105,wikipedia_红楼梦年谱,https://zh.wikipedia.org/wiki/红楼梦年谱,红楼梦年谱_wikipedia.html,前八十回,十六年,16,清明,宝玉未痊愈，走路拄杖，藕官祭菂官，芳官吹汤。,清明 ，宝玉未痊愈，走路拄杖，藕官祭菂官，芳官吹汤。,外部公开资料_正文年谱节点_待原文复核
EXT-WIKI-YEAR-0106,wikipedia_红楼梦年谱,https://zh.wikipedia.org/wiki/红楼梦年谱,红楼梦年谱_wikipedia.html,前八十回,十六年,16,四月,平儿修理春燕娘。,四月，平儿修理春燕娘。,外部公开资料_正文年谱节点_待原文复核
EXT-WIKI-YEAR-0107,wikipedia_红楼梦年谱,https://zh.wikipedia.org/wiki/红楼梦年谱,红楼梦年谱_wikipedia.html,前八十回,十六年,16,四月,司棋 砸厨房。,四月， 司棋 砸厨房。,外部公开资料_正文年谱节点_待原文复核
EXT-WIKI-YEAR-0108,wikipedia_红楼梦年谱,https://zh.wikipedia.org/wiki/红楼梦年谱,红楼梦年谱_wikipedia.html,前八十回,十六年,16,四月,平儿安抚玫瑰露事件，贾环误会彩云。,四月，平儿安抚玫瑰露事件，贾环误会彩云。,外部公开资料_正文年谱节点_待原文复核
EXT-WIKI-YEAR-0109,wikipedia_红楼梦年谱,https://zh.wikipedia.org/wiki/红楼梦年谱,红楼梦年谱_wikipedia.html,前八十回,十六年,16,四月二十六,宝玉生日，也是宝琴、岫烟、平儿、 四儿 的生日，湘云醉卧，香菱换裙，怡红院庆寿，麝月抽荼蘼花签。,四月二十六 ，宝玉生日，也是宝琴、岫烟、平儿、 四儿 的生日，湘云醉卧，香菱换裙，怡红院庆寿，麝月抽荼蘼花签。,外部公开资料_正文年谱节点_待原文复核
EXT-WIKI-YEAR-0110,wikipedia_红楼梦年谱,https://zh.wikipedia.org/wiki/红楼梦年谱,红楼梦年谱_wikipedia.html,前八十回,十六年,16,四月二十七,宝玉发现“槛外人妙玉恭肃遥叩芳辰”贴，贾敬吃丹砂而死。,四月二十七，宝玉发现“槛外人妙玉恭肃遥叩芳辰”贴，贾敬吃丹砂而死。,外部公开资料_正文年谱节点_待原文复核
EXT-WIKI-YEAR-0111,wikipedia_红楼梦年谱,https://zh.wikipedia.org/wiki/红楼梦年谱,红楼梦年谱_wikipedia.html,前八十回,十六年,16,五月初四,贾敬灵柩进城。,五月初四 ，贾敬灵柩进城。,外部公开资料_正文年谱节点_待原文复核
EXT-WIKI-YEAR-0112,wikipedia_红楼梦年谱,https://zh.wikipedia.org/wiki/红楼梦年谱,红楼梦年谱_wikipedia.html,前八十回,十六年,16,七月初,黛玉祭五美。,七月初 ，黛玉祭五美。,外部公开资料_正文年谱节点_待原文复核
EXT-WIKI-YEAR-0113,wikipedia_红楼梦年谱,https://zh.wikipedia.org/wiki/红楼梦年谱,红楼梦年谱_wikipedia.html,前八十回,十六年,16,六月初三,贾琏（29岁）偷娶 尤二姐 （不到24岁 ，或19岁 ）。,六月初三 ，贾琏（29岁）偷娶 尤二姐 （不到24岁 ，或19岁 ）。,外部公开资料_正文年谱节点_待原文复核
EXT-WIKI-YEAR-0114,wikipedia_红楼梦年谱,https://zh.wikipedia.org/wiki/红楼梦年谱,红楼梦年谱_wikipedia.html,前八十回,十六年,16,七月,贾琏一赴平安州见节度，路上遇薛蟠柳湘莲，为三姐订亲。,七月，贾琏一赴平安州见节度，路上遇薛蟠柳湘莲，为三姐订亲。,外部公开资料_正文年谱节点_待原文复核
EXT-WIKI-YEAR-0115,wikipedia_红楼梦年谱,https://zh.wikipedia.org/wiki/红楼梦年谱,红楼梦年谱_wikipedia.html,前八十回,十六年,16,八月底,尤三姐 自刎。,八月底 ， 尤三姐 自刎。,外部公开资料_正文年谱节点_待原文复核
EXT-WIKI-YEAR-0116,wikipedia_红楼梦年谱,https://zh.wikipedia.org/wiki/红楼梦年谱,红楼梦年谱_wikipedia.html,前八十回,十六年,16,十月初,贾琏二赴平安州。,十月初 ，贾琏二赴平安州。,外部公开资料_正文年谱节点_待原文复核
EXT-WIKI-YEAR-0117,wikipedia_红楼梦年谱,https://zh.wikipedia.org/wiki/红楼梦年谱,红楼梦年谱_wikipedia.html,前八十回,十六年,16,十月十五,王熙凤接尤二姐入贾府。,十月十五，王熙凤接尤二姐入贾府。,外部公开资料_正文年谱节点_待原文复核
EXT-WIKI-YEAR-0118,wikipedia_红楼梦年谱,https://zh.wikipedia.org/wiki/红楼梦年谱,红楼梦年谱_wikipedia.html,前八十回,十六年,16,十月底,王熙凤闹宁府。,十月底，王熙凤闹宁府。,外部公开资料_正文年谱节点_待原文复核
EXT-WIKI-YEAR-0119,wikipedia_红楼梦年谱,https://zh.wikipedia.org/wiki/红楼梦年谱,红楼梦年谱_wikipedia.html,前八十回,十六年,16,十一月中,贾琏回，娶秋桐为妾，秋桐属兔，17岁。当年为羊年，红楼一年为龙年。,十一月中，贾琏回，娶秋桐为妾，秋桐属兔，17岁。当年为羊年，红楼一年为龙年。,外部公开资料_正文年谱节点_待原文复核
EXT-WIKI-YEAR-0120,wikipedia_红楼梦年谱,https://zh.wikipedia.org/wiki/红楼梦年谱,红楼梦年谱_wikipedia.html,前八十回,十六年,16,十二月底,尤二姐吞金。,十二月底，尤二姐吞金。,外部公开资料_正文年谱节点_待原文复核
EXT-WIKI-YEAR-0121,wikipedia_红楼梦年谱,https://zh.wikipedia.org/wiki/红楼梦年谱,红楼梦年谱_wikipedia.html,前八十回,十七年,17,三月初一,黛玉做《桃花行》，重建诗社，湘云建议改名桃花社 。,三月初一 ，黛玉做《桃花行》，重建诗社，湘云建议改名桃花社 。,外部公开资料_正文年谱节点_待原文复核
EXT-WIKI-YEAR-0122,wikipedia_红楼梦年谱,https://zh.wikipedia.org/wiki/红楼梦年谱,红楼梦年谱_wikipedia.html,前八十回,十七年,17,三月初三,探春生日。,三月初三 ，探春生日。,外部公开资料_正文年谱节点_待原文复核
EXT-WIKI-YEAR-0123,wikipedia_红楼梦年谱,https://zh.wikipedia.org/wiki/红楼梦年谱,红楼梦年谱_wikipedia.html,前八十回,十七年,17,三月下旬,宝玉应付功课。,三月下旬 ，宝玉应付功课。,外部公开资料_正文年谱节点_待原文复核
EXT-WIKI-YEAR-0124,wikipedia_红楼梦年谱,https://zh.wikipedia.org/wiki/红楼梦年谱,红楼梦年谱_wikipedia.html,前八十回,十七年,17,三月下旬,史湘云填《柳絮词》。,三月下旬 ，史湘云填《柳絮词》。,外部公开资料_正文年谱节点_待原文复核
EXT-WIKI-YEAR-0125,wikipedia_红楼梦年谱,https://zh.wikipedia.org/wiki/红楼梦年谱,红楼梦年谱_wikipedia.html,前八十回,十七年,17,三月下旬,众钗大观园潇湘馆外放风筝。,三月下旬，众钗大观园潇湘馆外放风筝。,外部公开资料_正文年谱节点_待原文复核
EXT-WIKI-YEAR-0126,wikipedia_红楼梦年谱,https://zh.wikipedia.org/wiki/红楼梦年谱,红楼梦年谱_wikipedia.html,前八十回,十七年,17,五月初,王子騰之女許與保宁侯之子為妻。,五月初 ，王子騰之女許與保宁侯之子為妻。,外部公开资料_正文年谱节点_待原文复核
EXT-WIKI-YEAR-0127,wikipedia_红楼梦年谱,https://zh.wikipedia.org/wiki/红楼梦年谱,红楼梦年谱_wikipedia.html,前八十回,十七年,17,七月,贾政回京休假。,七月，贾政回京休假。,外部公开资料_正文年谱节点_待原文复核
EXT-WIKI-YEAR-0128,wikipedia_红楼梦年谱,https://zh.wikipedia.org/wiki/红楼梦年谱,红楼梦年谱_wikipedia.html,前八十回,十七年,17,七月二十八,招待南安王太妃等，八月初三贾母80大寿，七月二十八开庆至八月初五 。,七月二十八，招待南安王太妃等，八月初三贾母80大寿，七月二十八开庆至八月初五 。,外部公开资料_正文年谱节点_待原文复核
EXT-WIKI-YEAR-0129,wikipedia_红楼梦年谱,https://zh.wikipedia.org/wiki/红楼梦年谱,红楼梦年谱_wikipedia.html,前八十回,十七年,17,八月初三,贾母（80岁）生日。,八月初三，贾母（80岁）生日。,外部公开资料_正文年谱节点_待原文复核
EXT-WIKI-YEAR-0130,wikipedia_红楼梦年谱,https://zh.wikipedia.org/wiki/红楼梦年谱,红楼梦年谱_wikipedia.html,前八十回,十七年,17,八月初三,周瑞家的绑两婆子，林之孝家的为求情小丫头支招。,八月初三，周瑞家的绑两婆子，林之孝家的为求情小丫头支招。,外部公开资料_正文年谱节点_待原文复核
EXT-WIKI-YEAR-0131,wikipedia_红楼梦年谱,https://zh.wikipedia.org/wiki/红楼梦年谱,红楼梦年谱_wikipedia.html,前八十回,十七年,17,八月初四,贾府家宴，邢夫人为两婆子求情。,八月初四，贾府家宴，邢夫人为两婆子求情。,外部公开资料_正文年谱节点_待原文复核
EXT-WIKI-YEAR-0132,wikipedia_红楼梦年谱,https://zh.wikipedia.org/wiki/红楼梦年谱,红楼梦年谱_wikipedia.html,前八十回,十七年,17,八月初四,鸳鸯看见司棋与人相会。,八月初四，鸳鸯看见司棋与人相会。,外部公开资料_正文年谱节点_待原文复核
EXT-WIKI-YEAR-0133,wikipedia_红楼梦年谱,https://zh.wikipedia.org/wiki/红楼梦年谱,红楼梦年谱_wikipedia.html,前八十回,十七年,17,八月初八,鸳鸯安慰司棋。,八月初八 ，鸳鸯安慰司棋。,外部公开资料_正文年谱节点_待原文复核
EXT-WIKI-YEAR-0134,wikipedia_红楼梦年谱,https://zh.wikipedia.org/wiki/红楼梦年谱,红楼梦年谱_wikipedia.html,前八十回,十七年,17,八月初八,贾琏求鸳鸯借用贾母金器做抵押。,八月初八，贾琏求鸳鸯借用贾母金器做抵押。,外部公开资料_正文年谱节点_待原文复核
EXT-WIKI-YEAR-0135,wikipedia_红楼梦年谱,https://zh.wikipedia.org/wiki/红楼梦年谱,红楼梦年谱_wikipedia.html,前八十回,十七年,17,八月初八,来旺家求凤姐说情娶彩霞为儿媳。,八月初八，来旺家求凤姐说情娶彩霞为儿媳。,外部公开资料_正文年谱节点_待原文复核
EXT-WIKI-YEAR-0136,wikipedia_红楼梦年谱,https://zh.wikipedia.org/wiki/红楼梦年谱,红楼梦年谱_wikipedia.html,前八十回,十七年,17,八月初八,晴雯献计让宝玉装病。,八月初八，晴雯献计让宝玉装病。,外部公开资料_正文年谱节点_待原文复核
EXT-WIKI-YEAR-0137,wikipedia_红楼梦年谱,https://zh.wikipedia.org/wiki/红楼梦年谱,红楼梦年谱_wikipedia.html,前八十回,十七年,17,八月初九,探春告状。,八月初九，探春告状。,外部公开资料_正文年谱节点_待原文复核
EXT-WIKI-YEAR-0138,wikipedia_红楼梦年谱,https://zh.wikipedia.org/wiki/红楼梦年谱,红楼梦年谱_wikipedia.html,前八十回,十七年,17,八月十二,贾母罚赌，邢夫人见傻大姐捡荷包，王善宝家的告晴雯，晴雯顶撞王夫人，抄检大观园，晴雯摔箱，探春保护丫鬟，打王善宝家的耳光。,八月十二，贾母罚赌，邢夫人见傻大姐捡荷包，王善宝家的告晴雯，晴雯顶撞王夫人，抄检大观园，晴雯摔箱，探春保护丫鬟，打王善宝家的耳光。,外部公开资料_正文年谱节点_待原文复核
EXT-WIKI-YEAR-0139,wikipedia_红楼梦年谱,https://zh.wikipedia.org/wiki/红楼梦年谱,红楼梦年谱_wikipedia.html,前八十回,十七年,17,八月十三,惜春要尤氏领回丫鬟入画，尤氏听说甄家被抄，有家人来榮府。,八月十三 ，惜春要尤氏领回丫鬟入画，尤氏听说甄家被抄，有家人来榮府。,外部公开资料_正文年谱节点_待原文复核
EXT-WIKI-YEAR-0140,wikipedia_红楼梦年谱,https://zh.wikipedia.org/wiki/红楼梦年谱,红楼梦年谱_wikipedia.html,前八十回,十七年,17,八月十四,贾珍聚赌，尤氏将近40岁 。,八月十四，贾珍聚赌，尤氏将近40岁 。,外部公开资料_正文年谱节点_待原文复核
EXT-WIKI-YEAR-0141,wikipedia_红楼梦年谱,https://zh.wikipedia.org/wiki/红楼梦年谱,红楼梦年谱_wikipedia.html,前八十回,十七年,17,八月十五,贾母凸碧山庄中秋赏月，黛玉、湘云凹晶馆对联，王熙凤和李纨生病，晴雯病重，宝玉牵挂。,八月十五，贾母凸碧山庄中秋赏月，黛玉、湘云凹晶馆对联，王熙凤和李纨生病，晴雯病重，宝玉牵挂。,外部公开资料_正文年谱节点_待原文复核
EXT-WIKI-YEAR-0142,wikipedia_红楼梦年谱,https://zh.wikipedia.org/wiki/红楼梦年谱,红楼梦年谱_wikipedia.html,前八十回,十七年,17,八月十七,王夫人撵晴雯，四儿，芳官。,八月十七 ，王夫人撵晴雯，四儿，芳官。,外部公开资料_正文年谱节点_待原文复核
EXT-WIKI-YEAR-0143,wikipedia_红楼梦年谱,https://zh.wikipedia.org/wiki/红楼梦年谱,红楼梦年谱_wikipedia.html,前八十回,十七年,17,八月十九,王夫人告知贾母撵走晴雯之事，晴雯16岁 （19岁 ）死。,八月十九，王夫人告知贾母撵走晴雯之事，晴雯16岁 （19岁 ）死。,外部公开资料_正文年谱节点_待原文复核
EXT-WIKI-YEAR-0144,wikipedia_红楼梦年谱,https://zh.wikipedia.org/wiki/红楼梦年谱,红楼梦年谱_wikipedia.html,前八十回,十七年,17,八月二十,贾政征林四娘诗，贾兰14岁 （13岁 ），贾环15岁 。宝玉做《芙蓉女儿诔》。,八月二十，贾政征林四娘诗，贾兰14岁 （13岁 ），贾环15岁 。宝玉做《芙蓉女儿诔》。,外部公开资料_正文年谱节点_待原文复核
EXT-WIKI-YEAR-0145,wikipedia_红楼梦年谱,https://zh.wikipedia.org/wiki/红楼梦年谱,红楼梦年谱_wikipedia.html,前八十回,十七年,17,八月下旬,迎春要出嫁，搬出大观园，宝玉到紫菱洲一带地方徘徊瞻顾，遇到香菱。,八月下旬，迎春要出嫁，搬出大观园，宝玉到紫菱洲一带地方徘徊瞻顾，遇到香菱。,外部公开资料_正文年谱节点_待原文复核
EXT-WIKI-YEAR-0146,wikipedia_红楼梦年谱,https://zh.wikipedia.org/wiki/红楼梦年谱,红楼梦年谱_wikipedia.html,前八十回,十七年,17,八月下旬,宝玉生病。,八月下旬，宝玉生病。,外部公开资料_正文年谱节点_待原文复核
EXT-WIKI-YEAR-0147,wikipedia_红楼梦年谱,https://zh.wikipedia.org/wiki/红楼梦年谱,红楼梦年谱_wikipedia.html,前八十回,十七年,17,九月,薛蟠（21岁）回来，娶 夏金桂 （17岁 ）。香菱19岁。,九月，薛蟠（21岁）回来，娶 夏金桂 （17岁 ）。香菱19岁。,外部公开资料_正文年谱节点_待原文复核
EXT-WIKI-YEAR-0148,wikipedia_红楼梦年谱,https://zh.wikipedia.org/wiki/红楼梦年谱,红楼梦年谱_wikipedia.html,前八十回,十七年,17,九月,迎春（18岁）出嫁。,九月，迎春（18岁）出嫁。,外部公开资料_正文年谱节点_待原文复核
EXT-WIKI-YEAR-0149,wikipedia_红楼梦年谱,https://zh.wikipedia.org/wiki/红楼梦年谱,红楼梦年谱_wikipedia.html,前八十回,十七年,17,九月,迎春回门。,九月 ，迎春回门。,外部公开资料_正文年谱节点_待原文复核
EXT-WIKI-YEAR-0150,wikipedia_红楼梦年谱,https://zh.wikipedia.org/wiki/红楼梦年谱,红楼梦年谱_wikipedia.html,后四十回,十七年,17,九月,四美钓鱼。,九月，四美钓鱼。,外部公开资料_正文年谱节点_待原文复核
EXT-WIKI-YEAR-0151,wikipedia_红楼梦年谱,https://zh.wikipedia.org/wiki/红楼梦年谱,红楼梦年谱_wikipedia.html,后四十回,十七年,17,九月,宝玉再入家塾。,九月，宝玉再入家塾。,外部公开资料_正文年谱节点_待原文复核
EXT-WIKI-YEAR-0152,wikipedia_红楼梦年谱,https://zh.wikipedia.org/wiki/红楼梦年谱,红楼梦年谱_wikipedia.html,后四十回,十七年,17,九月,黛玉惊梦，元春染恙。,九月，黛玉惊梦，元春染恙。,外部公开资料_正文年谱节点_待原文复核
EXT-WIKI-YEAR-0153,wikipedia_红楼梦年谱,https://zh.wikipedia.org/wiki/红楼梦年谱,红楼梦年谱_wikipedia.html,后四十回,十七年,17,九月,贾环摔药。,九月，贾环摔药。,外部公开资料_正文年谱节点_待原文复核
EXT-WIKI-YEAR-0154,wikipedia_红楼梦年谱,https://zh.wikipedia.org/wiki/红楼梦年谱,红楼梦年谱_wikipedia.html,后四十回,十七年,17,九月,北静王生日。,九月，北静王生日。,外部公开资料_正文年谱节点_待原文复核
EXT-WIKI-YEAR-0155,wikipedia_红楼梦年谱,https://zh.wikipedia.org/wiki/红楼梦年谱,红楼梦年谱_wikipedia.html,后四十回,十七年,17,九月（或二月十二 ）,贾政 升郎中，贾府摆堂会，林黛玉过生日 。,九月（或二月十二 ）， 贾政 升郎中，贾府摆堂会，林黛玉过生日 。,外部公开资料_正文年谱节点_待原文复核
EXT-WIKI-YEAR-0156,wikipedia_红楼梦年谱,https://zh.wikipedia.org/wiki/红楼梦年谱,红楼梦年谱_wikipedia.html,后四十回,十七年,17,九月,薛蟠入狱。,九月，薛蟠入狱。,外部公开资料_正文年谱节点_待原文复核
EXT-WIKI-YEAR-0157,wikipedia_红楼梦年谱,https://zh.wikipedia.org/wiki/红楼梦年谱,红楼梦年谱_wikipedia.html,后四十回,十七年,17,九月,周贵妃薨。,九月，周贵妃薨。,外部公开资料_正文年谱节点_待原文复核
EXT-WIKI-YEAR-0158,wikipedia_红楼梦年谱,https://zh.wikipedia.org/wiki/红楼梦年谱,红楼梦年谱_wikipedia.html,后四十回,十七年,17,九月,宝玉黛玉潇湘馆论琴。,九月 ，宝玉黛玉潇湘馆论琴。,外部公开资料_正文年谱节点_待原文复核
EXT-WIKI-YEAR-0159,wikipedia_红楼梦年谱,https://zh.wikipedia.org/wiki/红楼梦年谱,红楼梦年谱_wikipedia.html,后四十回,十七年,17,九月,宝钗转信黛玉祝贺生日。,九月，宝钗转信黛玉祝贺生日。,外部公开资料_正文年谱节点_待原文复核
EXT-WIKI-YEAR-0160,wikipedia_红楼梦年谱,https://zh.wikipedia.org/wiki/红楼梦年谱,红楼梦年谱_wikipedia.html,后四十回,十七年,17,九月,探春等看望黛玉。,九月 ，探春等看望黛玉。,外部公开资料_正文年谱节点_待原文复核
EXT-WIKI-YEAR-0161,wikipedia_红楼梦年谱,https://zh.wikipedia.org/wiki/红楼梦年谱,红楼梦年谱_wikipedia.html,后四十回,十七年,17,九月,黛玉看见儿时与宝玉吵架剪断的香袋。,九月 ，黛玉看见儿时与宝玉吵架剪断的香袋。,外部公开资料_正文年谱节点_待原文复核
EXT-WIKI-YEAR-0162,wikipedia_红楼梦年谱,https://zh.wikipedia.org/wiki/红楼梦年谱,红楼梦年谱_wikipedia.html,后四十回,十七年,17,九月,妙玉走火入魔。,九月，妙玉走火入魔。,外部公开资料_正文年谱节点_待原文复核
EXT-WIKI-YEAR-0163,wikipedia_红楼梦年谱,https://zh.wikipedia.org/wiki/红楼梦年谱,红楼梦年谱_wikipedia.html,后四十回,十七年,17,十月中旬,雪雁告诉紫鹃听人说宝玉定亲了。,十月中旬 ，雪雁告诉紫鹃听人说宝玉定亲了。,外部公开资料_正文年谱节点_待原文复核
EXT-WIKI-YEAR-0164,wikipedia_红楼梦年谱,https://zh.wikipedia.org/wiki/红楼梦年谱,红楼梦年谱_wikipedia.html,后四十回,十七年,17,十一月初一,巧姐读《女孝经》。,十一月初一 ，巧姐读《女孝经》。,外部公开资料_正文年谱节点_待原文复核
EXT-WIKI-YEAR-0165,wikipedia_红楼梦年谱,https://zh.wikipedia.org/wiki/红楼梦年谱,红楼梦年谱_wikipedia.html,后四十回,十七年,17,十一月初一,冯紫英卖母珠。,十一月初一 ，冯紫英卖母珠。,外部公开资料_正文年谱节点_待原文复核
EXT-WIKI-YEAR-0166,wikipedia_红楼梦年谱,https://zh.wikipedia.org/wiki/红楼梦年谱,红楼梦年谱_wikipedia.html,后四十回,十七年,17,十一月,包勇 投奔贾府。,十一月， 包勇 投奔贾府。,外部公开资料_正文年谱节点_待原文复核
EXT-WIKI-YEAR-0167,wikipedia_红楼梦年谱,https://zh.wikipedia.org/wiki/红楼梦年谱,红楼梦年谱_wikipedia.html,后四十回,十七年,17,十一月,匿名帖揭发水月庵 贾芹 丑闻。,十一月，匿名帖揭发水月庵 贾芹 丑闻。,外部公开资料_正文年谱节点_待原文复核
EXT-WIKI-YEAR-0168,wikipedia_红楼梦年谱,https://zh.wikipedia.org/wiki/红楼梦年谱,红楼梦年谱_wikipedia.html,后四十回,十七年,17,十一月,海棠开花。,十一月 ，海棠开花。,外部公开资料_正文年谱节点_待原文复核
EXT-WIKI-YEAR-0169,wikipedia_红楼梦年谱,https://zh.wikipedia.org/wiki/红楼梦年谱,红楼梦年谱_wikipedia.html,后四十回,十七年,17,十一月,宝玉失玉。,十一月，宝玉失玉。,外部公开资料_正文年谱节点_待原文复核
EXT-WIKI-YEAR-0170,wikipedia_红楼梦年谱,https://zh.wikipedia.org/wiki/红楼梦年谱,红楼梦年谱_wikipedia.html,后四十回,十七年,17,十二月十九,元春薨，43岁 （33岁 ）。,十二月十九，元春薨，43岁 （33岁 ）。,外部公开资料_正文年谱节点_待原文复核
EXT-WIKI-YEAR-0171,wikipedia_红楼梦年谱,https://zh.wikipedia.org/wiki/红楼梦年谱,红楼梦年谱_wikipedia.html,后四十回,十八年,18,正月十五或十六,王子腾 回京途中暴病而亡。,正月十五或十六 ， 王子腾 回京途中暴病而亡。,外部公开资料_正文年谱节点_待原文复核
EXT-WIKI-YEAR-0172,wikipedia_红楼梦年谱,https://zh.wikipedia.org/wiki/红楼梦年谱,红楼梦年谱_wikipedia.html,后四十回,十八年,18,二月,贾政放江西粮道。,二月，贾政放江西粮道。,外部公开资料_正文年谱节点_待原文复核
EXT-WIKI-YEAR-0173,wikipedia_红楼梦年谱,https://zh.wikipedia.org/wiki/红楼梦年谱,红楼梦年谱_wikipedia.html,后四十回,十八年,18,二月,黛玉焚稿。,二月，黛玉焚稿。,外部公开资料_正文年谱节点_待原文复核
EXT-WIKI-YEAR-0174,wikipedia_红楼梦年谱,https://zh.wikipedia.org/wiki/红楼梦年谱,红楼梦年谱_wikipedia.html,后四十回,十八年,18,二月,薛宝钗（20岁）嫁宝玉。,二月，薛宝钗（20岁）嫁宝玉。,外部公开资料_正文年谱节点_待原文复核
EXT-WIKI-YEAR-0175,wikipedia_红楼梦年谱,https://zh.wikipedia.org/wiki/红楼梦年谱,红楼梦年谱_wikipedia.html,后四十回,十八年,18,二月,林黛玉（17岁）死。,二月，林黛玉（17岁）死。,外部公开资料_正文年谱节点_待原文复核
EXT-WIKI-YEAR-0176,wikipedia_红楼梦年谱,https://zh.wikipedia.org/wiki/红楼梦年谱,红楼梦年谱_wikipedia.html,后四十回,十八年,18,秋,王熙凤大观园遇秦可卿幻影，29岁（25岁 ）。,秋 ，王熙凤大观园遇秦可卿幻影，29岁（25岁 ）。,外部公开资料_正文年谱节点_待原文复核
EXT-WIKI-YEAR-0177,wikipedia_红楼梦年谱,https://zh.wikipedia.org/wiki/红楼梦年谱,红楼梦年谱_wikipedia.html,后四十回,十八年,18,秋初一,王熙凤散花寺抽签。,秋初一，王熙凤散花寺抽签。,外部公开资料_正文年谱节点_待原文复核
EXT-WIKI-YEAR-0178,wikipedia_红楼梦年谱,https://zh.wikipedia.org/wiki/红楼梦年谱,红楼梦年谱_wikipedia.html,后四十回,十八年,18,秋,探春（17岁）远行出嫁。,秋，探春（17岁）远行出嫁。,外部公开资料_正文年谱节点_待原文复核
EXT-WIKI-YEAR-0179,wikipedia_红楼梦年谱,https://zh.wikipedia.org/wiki/红楼梦年谱,红楼梦年谱_wikipedia.html,后四十回,十八年,18,秋,尤氏怪病。,秋，尤氏怪病。,外部公开资料_正文年谱节点_待原文复核
EXT-WIKI-YEAR-0180,wikipedia_红楼梦年谱,https://zh.wikipedia.org/wiki/红楼梦年谱,红楼梦年谱_wikipedia.html,后四十回,十八年,18,秋,金桂毒香菱误食身亡。,秋，金桂毒香菱误食身亡。,外部公开资料_正文年谱节点_待原文复核
EXT-WIKI-YEAR-0181,wikipedia_红楼梦年谱,https://zh.wikipedia.org/wiki/红楼梦年谱,红楼梦年谱_wikipedia.html,后四十回,十九年,19,正月,贾政被参回京。,正月，贾政被参回京。,外部公开资料_正文年谱节点_待原文复核
EXT-WIKI-YEAR-0182,wikipedia_红楼梦年谱,https://zh.wikipedia.org/wiki/红楼梦年谱,红楼梦年谱_wikipedia.html,后四十回,十九年,19,正月十五,查抄宁荣二府。,正月十五 ，查抄宁荣二府。,外部公开资料_正文年谱节点_待原文复核
EXT-WIKI-YEAR-0183,wikipedia_红楼梦年谱,https://zh.wikipedia.org/wiki/红楼梦年谱,红楼梦年谱_wikipedia.html,后四十回,十九年,19,正月,湘云（18岁）出嫁。,正月 ，湘云（18岁）出嫁。,外部公开资料_正文年谱节点_待原文复核
EXT-WIKI-YEAR-0184,wikipedia_红楼梦年谱,https://zh.wikipedia.org/wiki/红楼梦年谱,红楼梦年谱_wikipedia.html,后四十回,十九年,19,正月十九,湘云回门看望贾母。,正月十九 ，湘云回门看望贾母。,外部公开资料_正文年谱节点_待原文复核
EXT-WIKI-YEAR-0185,wikipedia_红楼梦年谱,https://zh.wikipedia.org/wiki/红楼梦年谱,红楼梦年谱_wikipedia.html,后四十回,十九年,19,正月二十,迎春回。,正月二十，迎春回。,外部公开资料_正文年谱节点_待原文复核
EXT-WIKI-YEAR-0186,wikipedia_红楼梦年谱,https://zh.wikipedia.org/wiki/红楼梦年谱,红楼梦年谱_wikipedia.html,后四十回,十九年,19,正月二十一,宝钗生日，迎春走。,正月二十一，宝钗生日，迎春走。,外部公开资料_正文年谱节点_待原文复核
EXT-WIKI-YEAR-0187,wikipedia_红楼梦年谱,https://zh.wikipedia.org/wiki/红楼梦年谱,红楼梦年谱_wikipedia.html,后四十回,十九年,19,正月底,宝玉错把五儿当晴雯。,正月底，宝玉错把五儿当晴雯。,外部公开资料_正文年谱节点_待原文复核
EXT-WIKI-YEAR-0188,wikipedia_红楼梦年谱,https://zh.wikipedia.org/wiki/红楼梦年谱,红楼梦年谱_wikipedia.html,后四十回,十九年,19,正月底,迎春去世。,正月底 ，迎春去世。,外部公开资料_正文年谱节点_待原文复核
EXT-WIKI-YEAR-0189,wikipedia_红楼梦年谱,https://zh.wikipedia.org/wiki/红楼梦年谱,红楼梦年谱_wikipedia.html,后四十回,十九年,19,二月,史湘云丈夫暴病。,二月，史湘云丈夫暴病。,外部公开资料_正文年谱节点_待原文复核
EXT-WIKI-YEAR-0190,wikipedia_红楼梦年谱,https://zh.wikipedia.org/wiki/红楼梦年谱,红楼梦年谱_wikipedia.html,后四十回,十九年,19,二月,贾母83岁 去世 ，鸳鸯（24岁）悬梁自尽。,二月，贾母83岁 去世 ，鸳鸯（24岁）悬梁自尽。,外部公开资料_正文年谱节点_待原文复核
EXT-WIKI-YEAR-0191,wikipedia_红楼梦年谱,https://zh.wikipedia.org/wiki/红楼梦年谱,红楼梦年谱_wikipedia.html,后四十回,十九年,19,三月,赵姨娘抽风死。,三月，赵姨娘抽风死。,外部公开资料_正文年谱节点_待原文复核
EXT-WIKI-YEAR-0192,wikipedia_红楼梦年谱,https://zh.wikipedia.org/wiki/红楼梦年谱,红楼梦年谱_wikipedia.html,后四十回,十九年,19,四月,刘姥姥三进荣国府，王熙凤把巧姐托付刘姥姥。,四月，刘姥姥三进荣国府，王熙凤把巧姐托付刘姥姥。,外部公开资料_正文年谱节点_待原文复核
EXT-WIKI-YEAR-0193,wikipedia_红楼梦年谱,https://zh.wikipedia.org/wiki/红楼梦年谱,红楼梦年谱_wikipedia.html,后四十回,十九年,19,五月,王熙凤30岁（26岁）死。,五月，王熙凤30岁（26岁）死。,外部公开资料_正文年谱节点_待原文复核
EXT-WIKI-YEAR-0194,wikipedia_红楼梦年谱,https://zh.wikipedia.org/wiki/红楼梦年谱,红楼梦年谱_wikipedia.html,后四十回,十九年,19,六月,江南甄老爷来访。,六月，江南甄老爷来访。,外部公开资料_正文年谱节点_待原文复核
EXT-WIKI-YEAR-0195,wikipedia_红楼梦年谱,https://zh.wikipedia.org/wiki/红楼梦年谱,红楼梦年谱_wikipedia.html,后四十回,十九年,19,七月,舅舅卖巧姐（13岁 ）。,七月，舅舅卖巧姐（13岁 ）。,外部公开资料_正文年谱节点_待原文复核
EXT-WIKI-YEAR-0196,wikipedia_红楼梦年谱,https://zh.wikipedia.org/wiki/红楼梦年谱,红楼梦年谱_wikipedia.html,后四十回,十九年,19,七月,惜春（17岁）剪发出家，紫鹃出家。,七月，惜春（17岁）剪发出家，紫鹃出家。,外部公开资料_正文年谱节点_待原文复核
EXT-WIKI-YEAR-0197,wikipedia_红楼梦年谱,https://zh.wikipedia.org/wiki/红楼梦年谱,红楼梦年谱_wikipedia.html,后四十回,十九年,19,七月,平儿（24岁）派车把巧姐送刘姥姥。,七月，平儿（24岁）派车把巧姐送刘姥姥。,外部公开资料_正文年谱节点_待原文复核
EXT-WIKI-YEAR-0198,wikipedia_红楼梦年谱,https://zh.wikipedia.org/wiki/红楼梦年谱,红楼梦年谱_wikipedia.html,后四十回,十九年,19,八月初四,宝玉贾兰（16岁 ）入场科考。,八月初四 ，宝玉贾兰（16岁 ）入场科考。,外部公开资料_正文年谱节点_待原文复核
EXT-WIKI-YEAR-0199,wikipedia_红楼梦年谱,https://zh.wikipedia.org/wiki/红楼梦年谱,红楼梦年谱_wikipedia.html,后四十回,十九年,19,秋,宝玉（19歲 ）离家出走。,秋，宝玉（19歲 ）离家出走。,外部公开资料_正文年谱节点_待原文复核
EXT-WIKI-YEAR-0200,wikipedia_红楼梦年谱,https://zh.wikipedia.org/wiki/红楼梦年谱,红楼梦年谱_wikipedia.html,后四十回,十九年,19,冬,贾政毘陵驛遇宝玉。,冬 ，贾政毘陵驛遇宝玉。,外部公开资料_正文年谱节点_待原文复核
EXT-WIKI-YEAR-0201,wikipedia_红楼梦年谱,https://zh.wikipedia.org/wiki/红楼梦年谱,红楼梦年谱_wikipedia.html,后四十回,十九年,19,冬,袭人（21岁）出嫁， 香菱 难产而亡。,冬，袭人（21岁）出嫁， 香菱 难产而亡。,外部公开资料_正文年谱节点_待原文复核
